id,name,category,address,road_address,lat,lon
19883932,24시청담우리동물병원,hospital,서울 강남구 삼성동 70-6,서울 강남구 삼성로 614,37.5144932425049,127.052854733745
19072093,와이즈24시동물병원,hospital,서울 강남구 논현동 123-5,서울 강남구 학동로6길 7,37.5112482256464,127.023888111638
1640089588,24시서초바른동물병원,hospital,서울 서초구 서초동 1624-1,서울 서초구 서초중앙로 72,37.4881217701842,127.014931119606
12649321,24시예스종합동물병원,hospital,서울 서초구 반포동 20-45,서울 서초구 잠원로 24,37.5070947941503,127.009880444225
24172268,청담아이윌24시동물병원,hospital,서울 서초구 잠원동 60-3,서울 서초구 잠원로4길 50,37.5127295010629,127.01179725046244
1305405077,강남베드로병원 응급실,hospital,서울 강남구 도곡동 914-2,서울 강남구 남부순환로 2633,37.4853676998269,127.037772479658
2034315478,24시열린의원 잠실점,hospital,서울 송파구 잠실동 250-5,서울 송파구 백제고분로 187,37.5046983443159,127.087794703502
713282068,OK동물병원,hospital,서울 강남구 역삼동 766-20,서울 강남구 도곡로51길 4,37.495561738833,127.049817551725
21689272,24시열린의원 건대점,hospital,서울 광진구 자양동 227-342,서울 광진구 능동로 90,37.538013394738705,127.070999740949
16054794,페토피아동물병원,hospital,서울 송파구 방이동 124-8,서울 송파구 오금로 203,37.5081404279729,127.116662327576
24568431,시그니처동물의료센터,hospital,서울 강남구 신사동 587-13,서울 강남구 도산대로 213,37.5207073699025,127.029999653595
412766652,잠실삼성365의원,hospital,서울 송파구 신천동 20-4,서울 송파구 올림픽로35길 45,37.519141402037384,127.10942290420878
2058063409,리베동물메디컬센터,hospital,서울 송파구 삼전동 28-2,서울 송파구 삼전로 56,37.5037756451499,127.087888623069
19971917,잠실온동물의료센터,hospital,서울 송파구 잠실동 175-6,서울 송파구 올림픽로 76,37.51157019771381,127.07901659668721
9252644,강남세브란스병원 응급진료센터,hospital,서울 강남구 도곡동 146-92,서울 강남구 언주로 211,37.49203921641964,127.0465925002827
27170897,삼성서울병원 응급실,hospital,서울 강남구 일원동 50,서울 강남구 일원로 81,37.4881180001162,127.08536913046
9429048,강남차병원 응급실,hospital,서울 강남구 역삼동 650-9,서울 강남구 논현로 566,37.50681264451989,127.03455201815954
1847854034,기쁨병원 응급실,hospital,서울 서초구 서초동 1426-1,서울 서초구 서초중앙로 4,37.4827071747613,127.018056249262
17572069,서울아산병원 응급의료센터,hospital,서울 송파구 풍납동 388-1,서울 송파구 올림픽로43길 88,37.525299541740395,127.10769199329569
26435049,서울성모병원 응급의료센터,hospital,서울 서초구 반포동 123,서울 서초구 반포대로 222,37.50198098797277,127.00515702297561
26625849,빠른병원 응급실,hospital,서울 송파구 송파동 20-7,서울 송파구 백제고분로 405,37.5074370791789,127.109730417092
17165237,뉴스타트병원 긴급진료실,hospital,서울 송파구 가락동 159-7,서울 송파구 송이로 76,37.4990842807009,127.119511629783
25613262,혜민병원 응급실,hospital,서울 광진구 자양동 627-3,서울 광진구 자양로 85,37.535396738944,127.083617233118
8779415,건국대학교병원 응급의료센터,hospital,서울 광진구 화양동 4-12,서울 광진구 능동로 120-1,37.540819239102845,127.07226969516783
26435080,서울아산병원 소아응급센터,hospital,서울 송파구 풍납동 388-1,서울 송파구 올림픽로43길 88,37.5274974573218,127.109248442476
11027480,경찰병원 응급실,hospital,서울 송파구 가락동 58,서울 송파구 송이로 123,37.496420421597385,127.12348794690077
8453420,순천향대학교 부속 서울병원 응급실,hospital,서울 용산구 한남동 657-58,서울 용산구 대사관로 59,37.53381346741255,127.00442379979258
1390643866,응급실국물떡볶이 역삼점,hospital,서울 강남구 역삼동 669-9,서울 강남구 봉은사로30길 73,37.5029465501929,127.037127650096
1703471920,응급실국물떡볶이 서울양재점,hospital,서울 서초구 양재동 267-7,서울 서초구 언남11길 34-7,37.4757979845959,127.043310658082
1763275016,응급실국물떡볶이 서울석촌점,hospital,서울 송파구 석촌동 226-5,서울 송파구 가락로 33,37.4990228387533,127.10033179126
990638066,응급실국물떡볶이 서울가락본동점,hospital,서울 송파구 가락동 196,서울 송파구 오금로44길 47,37.4940750400239,127.132686585508
906350193,응급실국물떡볶이 옥수금호점,hospital,서울 성동구 옥수동 244-10,서울 성동구 독서당로 194,37.5426823185016,127.012658544729
2121772708,건국대학교병원응급실 전기차충전소,hospital,서울 광진구 화양동 1,서울 광진구 능동로 120,37.539182404429,127.074712128296
11737334,석플란트치과병원,hospital,서울 강남구 논현동 62-9,서울 강남구 도산대로 238,37.5209407709363,127.033212389547
2058869440,똑똑플란트치과의원,hospital,서울 강남구 역삼동 815,서울 강남구 강남대로 432,37.501234768952756,127.02663078232159
1015545602,더드림병원,hospital,서울 강남구 대치동 907-16,서울 강남구 선릉로 404,37.5009898110754,127.050967901594
1213037560,유웰비뇨의학과의원 강남,hospital,서울 강남구 역삼동 837,서울 강남구 강남대로 318,37.49156945861753,127.03117982664986
26900653,라이브치과병원,hospital,서울 강남구 역삼동 604-1,서울 강남구 논현로105길 48,37.50558665225555,127.03026277532362
10496044,원데이치과 제1관,hospital,서울 강남구 역삼동 813-4,서울 강남구 봉은사로2길 31,37.50264489066374,127.02641866717477
858700644,강남새로치과의원,hospital,서울 강남구 역삼동 815-4,서울 강남구 강남대로 428,37.50080674124392,127.02685115743331
22373979,도곡함춘산부인과의원,hospital,서울 강남구 도곡동 518-10,서울 강남구 논현로 142,37.4824178031053,127.043027298556
1221256055,모모성형외과의원,hospital,서울 강남구 신사동 530-2,서울 강남구 압구정로 124,37.52376529341489,127.02220653235682
8586200,지에스안과의원,hospital,서울 강남구 역삼동 825-15,서울 강남구 강남대로 390,37.49774292894266,127.02852034377136
291856368,엠레드의원,hospital,서울 강남구 청담동 31-10,서울 강남구 삼성로 731,37.5208020460296,127.048714430226
862060843,365삼성의원,hospital,서울 강남구 역삼동 765-17,서울 강남구 도곡로 331,37.496493252142,127.052199726308
27584567,유라인클리닉,hospital,서울 강남구 청담동 84-19,서울 강남구 선릉로160길 7,37.52633716306408,127.04090757839252
541690689,연세퍼스트구강내과치과의원,hospital,서울 강남구 역삼동 831,서울 강남구 강남대로 354,37.49464316796372,127.02972913746477
26897623,리봄한방병원 강남점,hospital,서울 강남구 논현동 241-16,서울 강남구 학동로50길 7,37.5162570339698,127.040060506228
26477122,제이준성형외과의원,hospital,서울 강남구 역삼동 667-15,서울 강남구 논현로 530,37.503824533499,127.035819571274
677869136,자곡365의원,hospital,서울 강남구 자곡동 650,서울 강남구 자곡로 172,37.473158131520016,127.10286342252891
645643930,원데이치과 2관,hospital,서울 강남구 역삼동 814-6,서울 강남구 강남대로 438,37.50146729689611,127.0263255169622
12659871,바롬치과의원,hospital,서울 강남구 신사동 570-12,서울 강남구 논현로167길 9,37.5244201263853,127.02742638177415
1975527139,서울귀감이비인후과의원,hospital,서울 강남구 논현동 93,서울 강남구 도산대로 326,37.52234677797241,127.03773794624381
8455202,요한한의원,hospital,서울 강남구 논현동 118-16,서울 강남구 학동로 337,37.517071585435396,127.03992972782822
1706964429,연세다정한365의원,hospital,서울 강남구 개포동 172-11,서울 강남구 선릉로 50,37.4837603460307,127.05954123033
315725774,아름경희한의원,hospital,서울 강남구 논현동 122-3,서울 강남구 학동로6길 8,37.5111698933075,127.023614369018
500187084,바닐라치과의원,hospital,서울 강남구 역삼동 700-3,서울 강남구 언주로 514,37.5046369358732,127.042198608125
1646907531,닥터스피부과의원 신사점,hospital,서울 강남구 논현동 5-13,서울 강남구 도산대로12길 7,37.5172300181637,127.02375201725121
993591618,레브치과의원 강남점,hospital,서울 강남구 논현동 5-4,서울 강남구 도산대로 138,37.5174327370993,127.02378601628
11358904,바노바기피부과의원,hospital,서울 강남구 논현동 236-11,서울 강남구 봉은사로 219,37.50822498048762,127.0360241264346
1744637446,더공감성형외과의원,hospital,서울 강남구 역삼동 766-22,서울 강남구 도곡로 313,37.495661562306886,127.0502620344896
1003620544,화이팅정형외과의원,hospital,서울 강남구 역삼동 736-6,서울 강남구 테헤란로 146,37.5000187852717,127.035487531491
391212612,미드나잇의원,hospital,서울 강남구 논현동 147-15,서울 강남구 학동로20길 66,37.5098682211959,127.026542234578
1636530834,포레피부과의원,hospital,서울 강남구 신사동 655-8,서울 강남구 선릉로153길 12,37.52495941790133,127.0385650913956
1183912264,압구정튠의원,hospital,서울 강남구 신사동 612-1,서울 강남구 논현로176길 14,37.52699373511748,127.02971821366945
10683168,유앤아이의원 선릉점,hospital,서울 강남구 삼성동 142-46,서울 강남구 테헤란로 421,37.5059770721563,127.052577292443
17434495,미소드림치과의원,hospital,서울 강남구 역삼동 814-5,서울 강남구 강남대로 442,37.502053908329,127.026070133381
26217809,레이의원,hospital,서울 강남구 신사동 654-5,서울 강남구 선릉로153길 13,37.52463153817315,127.03830359974296
26307176,서울N비뇨기과의원 강남본점,hospital,서울 강남구 역삼동 825-8,서울 강남구 강남대로 376,37.4965355056408,127.028827474138
557413636,루시드치과의원,hospital,서울 강남구 논현동 234-20,서울 강남구 논현로 606,37.50786428025408,127.03399038851383
12818901,서울매스티지치과,hospital,서울 강남구 논현동 200-6,서울 강남구 봉은사로 105,37.5048976942712,127.025089440203
10120249,스타28치과 강남점,hospital,서울 강남구 역삼동 635-7,서울 강남구 강남대로94길 27-11,37.50048451928921,127.02922254665881
1260504426,유앤아이의원 강남점,hospital,서울 강남구 역삼동 808,서울 강남구 강남대로 470,37.5043246644782,127.025044009986
24546578,선릉다나아이비인후과의원,hospital,서울 강남구 역삼동 707-1,서울 강남구 테헤란로 310,37.50291957539248,127.04476600666558
998938781,강남이룸안과의원,hospital,서울 강남구 역삼동 826-14,서울 강남구 강남대로 358,37.49505941686335,127.02979375929672
13313764,에버피부과의원,hospital,서울 강남구 신사동 616-1,서울 강남구 압구정로 222,37.52843030386797,127.03175177504549
1646771344,역삼365치과의원,hospital,서울 강남구 역삼동 718-35,서울 강남구 논현로86길 21,37.5003266637507,127.039178938315
1544345205,연세유라인치과의원 강남,hospital,서울 강남구 역삼동 825,서울 강남구 강남대로 390,37.49784022341009,127.02857918568095
26809754,고덕24시동물병원,hospital,서울 강동구 명일동 48-17,서울 강동구 동남로 877,37.5519812241831,127.155805287705
26917069,중앙보훈병원 응급의료센터,hospital,서울 강동구 둔촌동 6-2,서울 강동구 진황도로61길 53,37.5306757240553,127.14848406349205
10113505,강동성심병원 응급의료센터,hospital,서울 강동구 길동 445,서울 강동구 성안로 150,37.5363252828928,127.135506291556
1998012036,강동경희대학교병원 응급의료센터,hospital,서울 강동구 상일동 149,서울 강동구 동남로 892,37.553926447837746,127.15786225831151
1658514680,응급실국물떡볶이 서울둔촌점,hospital,서울 강동구 둔촌동 59-9,서울 강동구 명일로 167,37.5338935615537,127.144558804141
60055504,응급실국물떡볶이 하남미사점,hospital,경기 하남시 망월동 1067,경기 하남시 미사강변남로 45,37.56001015628586,127.18618483815045
1348381640,삼성플러스이비인후과의원,hospital,서울 강동구 명일동 346-7,서울 강동구 양재대로 1574,37.545922474878,127.143349729032
1535964062,닥터재일치과의원,hospital,서울 강동구 암사동 500-1,서울 강동구 올림픽로 796,37.5520744268276,127.128534216661
72940025,강동본터치정형외과의원,hospital,서울 강동구 명일동 46-2,서울 강동구 고덕로 262,37.5546677503025,127.154622573898
1321783592,애플산부인과의원 천호점,hospital,서울 강동구 성내동 610,서울 강동구 천호대로 1024,37.537374049059,127.125728983778
591715236,서울아이앤여성의원,hospital,서울 강동구 천호동 451,서울 강동구 천호대로 1053,37.537385870279,127.128970636073
1873060245,이룸내과의원,hospital,서울 강동구 천호동 24-2,서울 강동구 양재대로 1625,37.55060725337079,127.14368801374236
1211580699,그랜드성모안과의원,hospital,서울 강동구 천호동 429-2,서울 강동구 올림픽로 654,37.5398571438537,127.124082298656
1377961078,강동이엠365의원,hospital,서울 강동구 강일동 70-15,서울 강동구 아리수로93나길 76,37.5724722196793,127.175933995155
623821824,365힐링의원,hospital,서울 강동구 천호동 447-15,서울 강동구 천호대로 1087,37.5361627008773,127.132686445696
1857319341,강동연세비뇨기과의원,hospital,서울 강동구 천호동 447,서울 강동구 천호대로 1099,37.535761039602,127.134118131028
1151101141,포레온365의원,hospital,서울 강동구 둔촌동 172-4,서울 강동구 양재대로84길 21,37.5235211874779,127.136264824247
9614984,화이트피부과의원,hospital,서울 강동구 천호동 432-2,서울 강동구 올림픽로 665,37.540918835179,127.123783075537
8443046,연세메이트치과의원,hospital,서울 강동구 천호동 24-8,서울 강동구 양재대로 1619,37.54998937820957,127.14351594844362
1649238304,타임리스피부과의원 고덕점,hospital,서울 강동구 고덕동 212,서울 강동구 고덕로 385,37.55731215581531,127.168466075042
34342279,포레온 수 정형외과의원,hospital,서울 강동구 둔촌동 170-1,서울 강동구 양재대로 1360,37.52792039181671,127.1373758600235
1942783467,클로버치과의원,hospital,서울 강동구 길동 378-5,서울 강동구 양재대로 1483,37.5384320221857,127.139968117408
1000829084,강동길동매일365한의원,hospital,서울 강동구 길동 389-2,서울 강동구 양재대로 1471,37.53720898822252,127.13952569460847
1016999607,경희또봄한의원,hospital,서울 강동구 둔촌동 517-4,서울 강동구 양재대로 1376,37.528830670547,127.137145606651
1598153013,맑을청365한의원,hospital,서울 강동구 성내동 416-6,서울 강동구 양재대로 1365,37.52806538741604,127.1358748656998
1284076076,고려건정형외과의원,hospital,서울 강동구 천호동 428-1,서울 강동구 올림픽로 658,37.5399649195505,127.124409480422
2061156300,365서울바로치과의원,hospital,서울 강동구 성내동 440,서울 강동구 양재대로 1319,37.5241954271919,127.13443906482
907944765,서울호호신경과의원,hospital,서울 강동구 고덕동 348-2,서울 강동구 고덕비즈밸리로 38,37.5662713310296,127.159622370881
1261873200,천호에스정형외과의원,hospital,서울 강동구 천호동 455,서울 강동구 천호대로 1015,37.53850456287589,127.12510743823682
1376660877,박종수신경외과의원,hospital,서울 강동구 명일동 312-95,서울 강동구 양재대로 1638,37.551727278684936,127.14435672133843
486785667,삼성튼튼마디의원,hospital,서울 강동구 강일동 76-2,서울 강동구 아리수로93나길 38,37.5719508085886,127.173931424594
896126978,아산이화산부인과의원,hospital,서울 강동구 천호동 425-5,서울 강동구 올림픽로 664,37.54063564454317,127.12490166975184
1786014648,모두의한의원,hospital,서울 강동구 상일동 520,서울 강동구 고덕로 380,37.556480108849996,127.16813373148531
26890894,어깨동무한의원 암사점,hospital,서울 강동구 암사동 501-4,서울 강동구 상암로 41,37.55017549625026,127.12819145974623
8666033,고우넷치과교정과치과의원 천호클리닉,hospital,서울 강동구 성내동 64-13,서울 강동구 천호대로 1006,37.53805004812564,127.12378738495339
12746442,365열린의원,hospital,서울 강동구 천호동 425-5,서울 강동구 올림픽로 664,37.54066996620702,127.12482252134
2050285701,암사바른한의원,hospital,서울 강동구 암사동 502-20,서울 강동구 올림픽로 781,37.5510168339635,127.127538797826
1395312641,강동맑은치과의원,hospital,서울 강동구 성내동 78-11,서울 강동구 올림픽로 620,37.5367821238582,127.123133573391
1293849909,서울와이드치과의원,hospital,서울 강동구 암사동 503-20,서울 강동구 올림픽로 797,37.5524038141353,127.128052683749
1664470898,연세우주치과의원,hospital,서울 강동구 강일동 675,서울 강동구 아리수로93길 33,37.565893974603625,127.17355626806136
1275852713,진산부인과의원,hospital,서울 강동구 성내동 64-13,서울 강동구 천호대로 1006,37.53805550273356,127.12374100370032
25414575,아침한의원,hospital,서울 강동구 성내동 416-13,서울 강동구 양재대로91길 16,37.5279894661655,127.135296624594
1430093222,강동뼈선생정형외과의원,hospital,서울 강동구 천호동 24-2,서울 강동구 양재대로 1625,37.550576838345,127.14350802157
58752036,강일경희한의원,hospital,서울 강동구 강일동 76-11,서울 강동구 아리수로93나길 26,37.57178956577684,127.1732948771411
25430376,연세삼성치과의원,hospital,서울 강동구 천호동 425-3,서울 강동구 구천면로 192,37.54033734233297,127.1258176907663
1074171706,더원마취통증의학과의원,hospital,서울 강동구 상일동 223,서울 강동구 구천면로 664,37.5507922998755,127.171761510266
1468185305,고덕리더스치과,hospital,서울 강동구 고덕동 693,서울 강동구 고덕로 353,37.5571348316546,127.1645101820753
595834351,마디인정형외과의원,hospital,서울 강동구 길동 411-4,서울 강동구 양재대로 1458,37.5358961420831,127.139601317755
1690187117,성모빛정신건강의학과의원,hospital,서울 강동구 고덕동 217,서울 강동구 고덕로 353,37.5572345989846,127.164684692357
405720735,연세우주아이정치과의원,hospital,서울 강동구 강일동 675,서울 강동구 아리수로93길 33,37.565882263379,127.173555109002
1584034633,서울바른강치과의원,hospital,서울 강동구 천호동 454-15,서울 강동구 천호대로 1027,37.5380932606153,127.126372866608
1639433227,24시 애니 동물병원,hospital,서울 성북구 보문동5가 3-1,서울 성북구 보문로 99,37.58417132026574,127.0198027554604
1107266328,방병원 24시 진료실,hospital,서울 노원구 공릉동 680-10,서울 노원구 동일로 989,37.6184020897154,127.075029190539
8609702,푸른동물종합병원,hospital,서울 동대문구 청량리동 359,서울 동대문구 홍릉로 48-1,37.58458732096059,127.04406876262922
27559633,VIP동물의료센터 성북점,hospital,서울 성북구 동소문동6가 3-1,서울 성북구 동소문로 73,37.59233250967114,127.01341086537789
1992120004,강북으뜸병원 응급실,hospital,서울 강북구 미아동 304-3,서울 강북구 도봉로 187,37.62530929216115,127.02614823612849
8614474,서울현대병원 응급실,hospital,서울 강북구 번동 463-44,서울 강북구 도봉로 374,37.64023989327296,127.02846142700356
1568420139,대한병원 응급실,hospital,서울 강북구 수유동 45-10,서울 강북구 도봉로 301,37.635466829895,127.022663454121
18363883,한일병원 응급의료센터,hospital,서울 도봉구 쌍문동 388-1,서울 도봉구 우이천로 308,37.64608255303375,127.02937014208783
25613163,인제대학교상계백병원 응급의료센터,hospital,서울 노원구 상계동 761-1,서울 노원구 동일로 1342,37.64867320995826,127.06303694787064
9343217,노원을지대학교병원 응급센터,hospital,서울 노원구 하계동 280-1,서울 노원구 한글비석로 68,37.63659160496174,127.06997746773222
9655671,경희대학교병원 응급의료센터,hospital,서울 동대문구 회기동 1-5,서울 동대문구 경희대로 23,37.5936303189537,127.051402414504
478286591,고려대학교 안암병원 권역응급의료센터,hospital,서울 성북구 안암동5가 126-1,서울 성북구 고려대로 73,37.58667929912246,127.02638040595653
1738300529,원자력병원 응급실,hospital,서울 노원구 공릉동 215-4,서울 노원구 노원로 75,37.62874781760717,127.08224787482176
8427773,서울대학교병원 응급의료센터,hospital,서울 종로구 연건동 28-21,서울 종로구 대학로 101,37.57933464521653,126.99970339109696
25613271,서울성심병원 응급실,hospital,서울 동대문구 청량리동 40-9,서울 동대문구 왕산로 259,37.58419581617492,127.04979277609374
25613288,삼육서울병원 응급의료센터,hospital,서울 동대문구 휘경동 산 6-91,서울 동대문구 망우로 82,37.5877415320034,127.065732297837
26507856,서울대학교어린이병원 소아응급센터,hospital,서울 종로구 연건동 28-21,서울 종로구 대학로 101,37.57941303086665,127.00053208523123
9112431,서울특별시동부병원 응급실,hospital,서울 동대문구 용두동 118-20,서울 동대문구 무학로 124,37.575236223974876,127.03187578485763
1207966320,응급실국물떡볶이 서울강북삼양점,hospital,서울 강북구 미아동 812,서울 강북구 삼양로27길 19,37.61611019559,127.021774109064
155556084,응급실국물떡볶이 서울쌍문역점,hospital,서울 도봉구 쌍문동 103-52,서울 도봉구 도봉로109길 19,37.6467548463692,127.032211132426
1542987530,응급실국물떡볶이 서울창동역점,hospital,서울 도봉구 창동 291-47,서울 도봉구 해등로16다길 10,37.6545293813138,127.043578577373
297566945,응급실국물떡볶이 서울석관점,hospital,서울 성북구 석관동 124-56,서울 성북구 한천로76길 6,37.6109380376741,127.063170440113
1945697503,응급실국물떡볶이 서울공릉점,hospital,서울 노원구 공릉동 435-2,서울 노원구 공릉로 231,37.62976733971978,127.07612249511806
1764529689,응급실 국물떡볶이 중계점,hospital,서울 노원구 중계동 366-4,서울 노원구 중계로 202,37.6508294505046,127.077814294576
1459376929,응급실국물떡볶이 상왕십리점,hospital,서울 성동구 상왕십리동 811,서울 성동구 마장로 137,37.56982807134703,127.02608581392425
10754720,인제대학교 상계백병원,hospital,서울 노원구 상계동 761-1,서울 노원구 동일로 1342,37.648574065497726,127.06310485277629
395057917,서울유병원,hospital,서울 강북구 미아동 62-38,서울 강북구 도봉로 77,37.61607246430816,127.02955315041876
365909943,수유바른정형외과의원,hospital,서울 강북구 수유동 191-35,서울 강북구 한천로 1035,37.6397763198223,127.026603111249
685981092,365매일한방병원 강북수유,hospital,서울 강북구 번동 418-13,서울 강북구 오패산로 414,37.6377257036522,127.026490215029
1459952453,삼성봄안과의원,hospital,서울 강북구 수유동 229-5,서울 강북구 도봉로 333,37.6378665718408,127.025050244243
390985872,원더플치과 강북점,hospital,서울 강북구 미아동 71-5,서울 강북구 도봉로 48,37.61329991199212,127.030382256099
1332141407,아가파의원 미아점,hospital,서울 강북구 미아동 121-26,서울 강북구 도봉로 190,37.62582814394443,127.02666950578225
1133182068,허니의원,hospital,서울 강북구 수유동 230-10,서울 강북구 도봉로 323,37.63707657743384,127.02423877211089
13575722,메트로내과의원,hospital,서울 강북구 미아동 35-4,서울 강북구 도봉로 34,37.6120573620072,127.030715864901
1548536447,넘버원마취통증의학과의원,hospital,서울 강북구 미아동 189-40,서울 강북구 도봉로 256,37.6313615744197,127.024488416036
1521626772,같은마음 정신건강의학과의원,hospital,서울 강북구 번동 446-12,서울 강북구 도봉로 324,37.6367926355584,127.024870875028
278358639,미아삼성정형외과의원,hospital,서울 강북구 미아동 125-25,서울 강북구 도봉로 178,37.6247117109033,127.027152805181
1745678384,경희황소한방병원,hospital,서울 강북구 미아동 304-7,서울 강북구 도봉로 181,37.62485607537932,127.0262398329583
1702101486,성모365의원,hospital,서울 강북구 미아동 688-5,서울 강북구 솔샘로 254,37.619458489701174,127.02053364285922
979551335,서울숙면치과의원 수유,hospital,서울 강북구 번동 418-18,서울 강북구 도봉로 342,37.63803572357086,127.02612663688063
22958965,아름다운피부과의원,hospital,서울 강북구 번동 446-50,서울 강북구 도봉로 334,37.6375457147866,127.025546380736
25650423,유디치과의원 미아점,hospital,서울 강북구 미아동 189-40,서울 강북구 도봉로 256,37.6313543637099,127.024502008274
26355188,바로굿정형외과의원,hospital,서울 강북구 수유동 229-5,서울 강북구 도봉로 333,37.63782602799924,127.02504796466724
26826358,오투피부과의원,hospital,서울 강북구 미아동 811-9,서울 강북구 삼양로27길 43,37.61855507287051,127.01889326009437
81430136,미아경희한의원,hospital,서울 강북구 미아동 703-56,서울 강북구 삼양로 183-1,37.620269373726735,127.0205621837597
1842134066,베스트엠치과의원,hospital,서울 강북구 미아동 62-38,서울 강북구 도봉로 77,37.61607336557462,127.02955201812351
1632790320,강북안정한의원,hospital,서울 강북구 번동 446-50,서울 강북구 도봉로 334,37.6375493194624,127.025542983037
2092681607,수유다나은정형외과의원,hospital,서울 강북구 번동 446-66,서울 강북구 도봉로 320,37.6365584524666,127.024521844467
551684696,서울더블유W내과의원 강북,hospital,서울 강북구 미아동 791-563,서울 강북구 삼양로 258,37.62641986532531,127.01842740057643
1721637688,수유바로본의원,hospital,서울 강북구 번동 449-1,서울 강북구 도봉로 308,37.6356639148348,127.023834983343
1852107443,아산으뜸마디의원,hospital,서울 강북구 수유동 381-2,서울 강북구 삼양로 424,37.641425077155,127.017117916924
539006684,원본재활의학과의원,hospital,서울 강북구 미아동 71-5,서울 강북구 도봉로 48,37.6132089063022,127.030404871241
963688968,뉴밀레니엄치과의원,hospital,서울 강북구 미아동 1364,서울 강북구 도봉로 52,37.6137008136472,127.030530791871
1031368847,화인마취통증의학과의원 미아점,hospital,서울 강북구 미아동 35-20,서울 강북구 도봉로 40,37.6125764043382,127.030435193894
26988601,설정형외과,hospital,서울 강북구 미아동 1364,서울 강북구 도봉로 52,37.6137008136472,127.030530791871
1214219701,더예쁜치과,hospital,서울 강북구 번동 449-1,서울 강북구 도봉로 308,37.6356972554135,127.0238146009
14753682,청풍한의원,hospital,서울 강북구 수유동 174-2,서울 강북구 도봉로 375,37.64070937555375,127.02817268455543
1314544204,올바른한의원,hospital,서울 강북구 미아동 125-26,서울 강북구 도봉로 178,37.6247008985439,127.027155066814
1560351577,서울J플란트치과의원,hospital,서울 강북구 미아동 125-25,서울 강북구 도봉로 178,37.6247189182828,127.027155073369
1825349651,서울정석치과의원,hospital,서울 강북구 미아동 1348-3,서울 강북구 솔샘로 251,37.619735069805955,127.02066624568386
736000222,서울민플러스치과의원,hospital,서울 강북구 수유동 191-13,서울 강북구 도봉로 347,37.6387853650066,127.026027195694
1000491121,서울팰리스치과의원,hospital,서울 강북구 미아동 206-20,서울 강북구 도봉로 217,37.628068326370595,127.02516930144694
27321758,다온미소치과의원,hospital,서울 강북구 미아동 62-28,서울 강북구 도봉로 67,37.61507235136697,127.02961618225672
1150303468,모아한의원 강북점,hospital,서울 강북구 번동 433-13,서울 강북구 덕릉로 164,37.635107862421805,127.03205315712616
1072827889,서울장플란트치과의원,hospital,서울 강북구 수유동 191-16,서울 강북구 도봉로 341,37.6383331665315,127.0255885709676
987746476,경희고성한의원,hospital,서울 강북구 수유동 322-24,서울 강북구 삼양로 470-1,37.6452598442532,127.015840665934
27494169,메이디산부인과의원,hospital,서울 강북구 미아동 1364,서울 강북구 도봉로 52,37.61366116692461,127.03054323442926
12567377,정마취통증의학과의원,hospital,서울 강북구 번동 446-12,서울 강북구 도봉로 324,37.6367998510761,127.02483462251
1355980346,서울메종치과의원,hospital,서울 강북구 미아동 52-58,서울 강북구 월계로7길 53,37.612560203462934,127.03368914273253
18400023,서울삼성치과의원,hospital,서울 강북구 번동 310-15,서울 강북구 오현로 193,37.6289789564169,127.039332469069
1819142784,수유스타치과의원,hospital,서울 강북구 미아동 202-11,서울 강북구 도봉로 247-1,37.630604809727,127.024180026461
1676341608,24시밀리언동물병원,hospital,서울 양천구 신정동 1028-4,서울 양천구 신월로 320,37.52133222857153,126.85652877812268
1882460601,서울고든병원,hospital,서울 강서구 등촌동 632-6,서울 강서구 양천로 600,37.55546809507848,126.8646672925246
25689414,24시열린의원 목동점,hospital,서울 양천구 목동 923-14,서울 양천구 목동동로 233-1,37.5274638178689,126.871641517143
16647775,세인트동물병원,hospital,서울 강서구 화곡동 342-57,서울 강서구 강서로 36,37.5311759111892,126.847378671807
1046838438,24시열린의원 상암점,hospital,서울 마포구 상암동 1605,서울 마포구 월드컵북로 396,37.5792718662929,126.890198210702
16087655,24시우리들동물메디컬센터,hospital,서울 양천구 신정동 982-4,서울 양천구 신월로 355,37.52218659604661,126.86047061029649
595662687,서울탑동물병원,hospital,서울 양천구 신정동 1027-2,서울 양천구 신월로 326,37.521352911378884,126.85723914310812
10775432,24시지구촌 동물메디컬센터,hospital,서울 구로구 구로동 512-2,서울 구로구 구로중앙로 107,37.498204806453586,126.88586139733398
856471493,신풍동물병원,hospital,서울 영등포구 신길동 3611,서울 영등포구 신길로 70,37.498602964018076,126.90854048277384
24807113,24시명동물메디컬센터,hospital,서울 구로구 개봉동 492,서울 구로구 남부순환로 775,37.50147122169848,126.84704672626039
21092212,한가람동물의료센터,hospital,서울 영등포구 신길동 100-12,서울 영등포구 도신로 252,37.5134318129533,126.91853826782452
1287587195,부민병원 응급실,hospital,서울 강서구 등촌동 657,서울 강서구 공항대로 389,37.5569418214722,126.850947753267
206175054,이대서울병원 응급의료센터,hospital,서울 강서구 마곡동 728-26,서울 강서구 공항대로 260,37.5567751062119,126.836623492968
316774516,강서케이병원 응급실,hospital,서울 강서구 화곡동 377-8,서울 강서구 가로공원로 187,37.537349690728,126.836696432516
228830175,서울고든병원 응급실,hospital,서울 강서구 등촌동 632-6,서울 강서구 양천로 600,37.5554771050234,126.864667276232
9606193,홍익병원 응급실,hospital,서울 양천구 신정동 899-1,서울 양천구 목동로 225,37.5284892404914,126.863675229324
177092543,홍익병원 신관 응급실,hospital,서울 양천구 신정동 898-7,서울 양천구 목동로 227,37.5286828351237,126.863570794803
26435113,이대목동병원 권역응급의료센터,hospital,서울 양천구 목동 911-1,서울 양천구 안양천로 1071,37.53668683890569,126.88606300381745
113099885,서울특별시 서남병원 응급실,hospital,서울 양천구 신정동 1320-7,서울 양천구 신정이펜1로 20,37.511860346273735,126.8334594269168
205539027,한강수병원 응급실,hospital,서울 영등포구 양평동1가 28-4,서울 영등포구 영등포로 83,37.5223564708768,126.890892539534
10940252,한림대학교 한강성심병원 화상전문병원 응급실,hospital,서울 영등포구 영등포동7가 94-195,서울 영등포구 버드나루로 55,37.52339893717036,126.91015618955849
8770896,구로성심병원 응급의학센터,hospital,서울 구로구 고척동 76-189,서울 구로구 경인로 427,37.4996169801592,126.866383064696
18250833,부천우리병원 응급실,hospital,경기 부천시 오정구 원종동 373,경기 부천시 오정구 소사로 726,37.52100716314212,126.80508980178332
10168819,고려대학교구로병원 응급의료센터,hospital,서울 구로구 구로동 80,서울 구로구 구로동로 148,37.4926626754354,126.884890571691
26051705,신촌연세병원 응급실,hospital,서울 마포구 신수동 66-1,서울 마포구 서강로 110,37.5525519628028,126.933732775567
456497892,명지성모병원 응급실,hospital,서울 영등포구 대림동 709-1,서울 영등포구 도림로 156,37.494025430286264,126.89916603169495
185757403,성애병원 응급실,hospital,서울 영등포구 신길동 452-2,서울 영등포구 여의대방로53길 19,37.5115495428918,126.922445898819
704888464,응급실국물떡볶이 서울염창점,hospital,서울 강서구 염창동 309,서울 강서구 공항대로 583,37.548522905212494,126.87001321333148
1081834395,응급실국물떡볶이 부천원종점,hospital,경기 부천시 오정구 원종동 208-16,경기 부천시 오정구 성오로128번길 44-3,37.525758090657504,126.80181029598239
1840539507,응급실국물떡볶이 서울마포상암점,hospital,서울 마포구 상암동 1605,서울 마포구 월드컵북로 396,37.57964354346065,126.88973350421846
831069110,응급실국물떡볶이 서울고척점,hospital,서울 구로구 고척동 303,서울 구로구 고척로52길 63,37.502230504634596,126.85616046402927
1533164794,응급실국물떡볶이 서울서교점,hospital,서울 마포구 서교동 487,서울 마포구 월드컵북로5나길 18,37.557335450468706,126.91679625001663
1516961125,응급실국물떡볶이 서울구로점,hospital,서울 구로구 구로동 486-40,서울 구로구 구로동로 209-1,37.4973309180689,126.88227791591
1901283476,응급실국물떡볶이 서울남가좌점,hospital,서울 서대문구 남가좌동 322-8,서울 서대문구 명지대길 41,37.5819726763346,126.92409261863
279162141,응급실국물떡볶이 서울광흥창역점,hospital,서울 마포구 현석동 47,서울 마포구 신수로 28,37.5440369864352,126.934379645142
12148934,미즈메디병원,hospital,서울 강서구 내발산동 701-4,서울 강서구 강서로 295,37.55225126394092,126.83601886410393
1915827630,강서케이병원,hospital,서울 강서구 화곡동 377-8,서울 강서구 가로공원로 187,37.53733166297629,126.83669081453579
1445112910,영등포병원 응급실,hospital,서울 영등포구 당산동3가 386-3,서울 영등포구 당산로31길 10,37.5268299184458,126.895852434157
1685648728,원탑병원,hospital,서울 강서구 화곡동 782-1,서울 강서구 등촌로 15,37.5312875107288,126.863468753012
15518549,강서송도병원,hospital,서울 강서구 등촌동 669-1,서울 강서구 공항대로 315,37.558645026713165,126.84285778605492
26101914,연세힐치과병원,hospital,서울 강서구 화곡동 1170,서울 강서구 강서로 231,37.54595806572142,126.83621370440572
1177540532,강서365한방병원,hospital,서울 강서구 등촌동 726,서울 강서구 공항대로45길 15,37.55629398990237,126.85454799407087
1890498061,강서아이엠유의원,hospital,서울 강서구 마곡동 798-11,서울 강서구 마곡중앙로 55,37.55862986214392,126.82624893911105
240135004,강서바른재활의학과의원,hospital,서울 강서구 화곡동 1074-12,서울 강서구 화곡로 154,37.5409901029456,126.838937942537
13510470,더와이즈치과병원,hospital,서울 강서구 화곡동 114-100,서울 강서구 화곡로 186,37.54215042348382,126.84215125882514
342897334,강서푸른꿈성모어린이병원,hospital,서울 강서구 등촌동 700,서울 강서구 공항대로41길 34,37.5592794883264,126.845711960951
367174882,애플산부인과의원 마곡점,hospital,서울 강서구 마곡동 796-7,서울 강서구 마곡중앙6로 69,37.5603373137815,126.835088908325
2055686573,마곡드림빛안과의원,hospital,서울 강서구 마곡동 728-235,서울 강서구 공항대로 168,37.55924687570842,126.82613432738395
350483533,연세솔안과의원,hospital,서울 강서구 등촌동 628-6,서울 강서구 화곡로68길 3,37.5595837613469,126.854737399836
27522987,강서수한방병원,hospital,서울 강서구 화곡동 938-19,서울 강서구 곰달래로 54,37.52995539351174,126.8388168602907
31127663,힘찬하나로한방병원,hospital,서울 강서구 화곡동 1065-22,서울 강서구 강서로 173,37.5419235673014,126.839621640479
701441651,경희생생한방병원 강서점,hospital,서울 강서구 등촌동 700,서울 강서구 공항대로41길 34,37.5592812873622,126.84570969366
276043364,유앤아이의원 마곡점,hospital,서울 강서구 마곡동 728-235,서울 강서구 공항대로 168,37.55923334081421,126.82612077736007
549965334,365서울원탑치과의원,hospital,서울 강서구 화곡동 1051-27,서울 강서구 강서로 179,37.542362847327475,126.83932197437558
8042826,이광연한의원,hospital,서울 강서구 가양동 1479-10,서울 강서구 양천로57길 9-7,37.56338636018795,126.85143519358782
1222019658,연세위드내과의원,hospital,서울 강서구 화곡동 348-10,서울 강서구 강서로 59,37.5328388092178,126.845723452695
857124963,마곡튼튼소아청소년과의원,hospital,서울 강서구 마곡동 768-1,서울 강서구 마곡중앙로 105-7,37.56225602449662,126.82601415118913
8650893,경희소나무한의원,hospital,서울 강서구 등촌동 699-3,서울 강서구 공항대로41길 44,37.5597861630779,126.845953120985
1589839522,복복한이비인후과의원,hospital,서울 강서구 화곡동 1065-9,서울 강서구 화곡로 157,37.541530811784,126.839018248994
1986863790,웰니스365의원,hospital,서울 강서구 방화동 534-9,서울 강서구 양천로 34,37.572500726549734,126.80768264534728
1263329987,청담부부한의원,hospital,서울 강서구 화곡동 1159-1,서울 강서구 강서로 254,37.5483887644863,126.836724407333
350564750,세상모든사랑니치과,hospital,서울 강서구 마곡동 800-5,서울 강서구 공항대로 228,37.55848157776138,126.83275134907151
16090563,경희사람과나무한의원,hospital,서울 강서구 화곡동 348-1,서울 강서구 강서로 63,37.5332242114921,126.845550686526
789470871,달리자한의원,hospital,서울 강서구 방화동 450-15,서울 강서구 양천로 73,37.5737219432178,126.811826051939
833583426,연세효자정형외과의원,hospital,서울 강서구 화곡동 348-10,서울 강서구 강서로 59,37.532834311611836,126.84572911891398
1388049776,서울온비뇨의학과의원 강서점,hospital,서울 강서구 화곡동 340-49,서울 강서구 강서로 62,37.5333349070706,126.84614331096
276127366,서울진심치과,hospital,서울 강서구 화곡동 341-67,서울 강서구 강서로 46,37.5319302885399,126.846868014937
10655375,연세내과의원,hospital,서울 강서구 내발산동 723,서울 강서구 강서로 261,37.54918417749011,126.83595315868466
1208520263,제이엘정형외과의원,hospital,서울 강서구 마곡동 769,서울 강서구 공항대로 165,37.56174639648921,126.82441493222666
706690296,터한의원 마곡점,hospital,서울 강서구 마곡동 774-12,서울 강서구 마곡동로 55,37.56006773430479,126.83303641322313
383635446,동제한의원,hospital,서울 강서구 화곡동 1060-21,서울 강서구 화곡로 193,37.54317070782136,126.84241615280278
951359158,친절한홍치과,hospital,서울 강서구 마곡동 760,서울 강서구 마곡중앙5로 6,37.56731376948518,126.8275553709044
8550609,강서예치과의원,hospital,서울 강서구 내발산동 657,서울 강서구 강서로 348,37.55707804772638,126.8380816664264
201298300,브레인척척신경과재활의학과의원,hospital,서울 강서구 마곡동 799-5,서울 강서구 마곡중앙로 56,37.55855280304,126.827153409638
1891052723,경희바른한의원,hospital,서울 강서구 화곡동 958-13,서울 강서구 까치산로 136,37.549459041048074,126.85166427310259
1337133905,하나메디퀸즈의원,hospital,서울 강서구 마곡동 779-1,서울 강서구 마곡중앙8로1길 81,37.56850926279,126.837632450912
8822309,까치한의원,hospital,서울 강서구 화곡동 1006-2,서울 강서구 강서로 247,37.5478003811781,126.836051247127
407685207,연세공항치과의원,hospital,서울 강서구 공항동 32-3,서울 강서구 공항대로 38,37.56100413111923,126.81165431520056
1387787457,안녕이비인후과의원,hospital,서울 강서구 마곡동 769,서울 강서구 공항대로 165,37.56087465115726,126.82469653614648
21263641,아침햇살한의원,hospital,서울 강서구 화곡동 898-1,서울 강서구 강서로 27,37.530362976733684,126.8471993116895
1779953454,바른마음한의원 마곡발산점,hospital,서울 강서구 마곡동 723-2,서울 강서구 공항대로 271,37.5589427099813,126.837790158041
2054593074,365어울림한의원,hospital,서울 강서구 화곡동 24-200,서울 강서구 초록마을로 15,37.544352272432874,126.84610143531577
1458016012,24시글로리동물병원,hospital,서울 금천구 독산동 145-13,서울 금천구 시흥대로 483,37.47672890020831,126.89825544524503
1461628658,24시 모두의동물병원,hospital,경기 광명시 하안동 51,경기 광명시 하안로 289,37.4616344756764,126.880208904617
445766228,24시마음든든동물병원,hospital,경기 안양시 만안구 석수동 168-27,경기 안양시 만안구 경수대로 1234,37.4184316570622,126.911908457064
19072856,드림온비뇨기과의원,hospital,서울 관악구 신림동 1643,서울 관악구 시흥대로 578,37.4843105768399,126.903247201296
136701284,드림비뇨의학과의원,hospital,경기 광명시 하안동 33-5,경기 광명시 범안로 1059,37.463104772495385,126.88005735414421
909101965,에이치플러스 양지병원 응급의료센터,hospital,서울 관악구 신림동 10-715,서울 관악구 남부순환로 1636,37.48428577523281,126.93235152673601
1372014853,강남고려병원 응급실,hospital,서울 관악구 봉천동 36-83,서울 관악구 관악로 242,37.48575052083146,126.9566643755446
10451567,사랑의병원 응급실,hospital,서울 관악구 봉천동 1664-1,서울 관악구 남부순환로 1860,37.4796982820541,126.9562212878078
339359618,서울특별시보라매병원 응급의료센터,hospital,서울 동작구 신대방동 425,서울 동작구 보라매로5길 20,37.49348460312547,126.9241743480221
24013990,중앙대학교병원 응급의료센터,hospital,서울 동작구 흑석동 224-1,서울 동작구 흑석로 102,37.5069733712658,126.960790444247
10249782,대림성모병원 응급실,hospital,서울 영등포구 대림동 978-13,서울 영등포구 시흥대로 657,37.4905343913549,126.907309885287
711129684,한림대학교 강남성심병원 응급의료센터,hospital,서울 영등포구 대림동 948-1,서울 영등포구 신길로 1,37.493508709111,126.908586273005
305125924,가톨릭대학교여의도성모병원 응급의료센터,hospital,서울 영등포구 여의도동 62,서울 영등포구 63로 10,37.5182615477801,126.936772027278
10963813,희명병원 응급진료센터,hospital,서울 금천구 시흥동 882-31,서울 금천구 시흥대로 244,37.45569227032965,126.90057605273346
10151189,광명성애병원 응급센터,hospital,경기 광명시 철산동 389,경기 광명시 디지털로 36,37.47356150938526,126.87195759234606
905012044,응급실국물떡볶이 서울대입구역점,hospital,서울 관악구 봉천동 56-112,서울 관악구 중앙1길 12,37.48378686928768,126.95336739870868
778466720,응급실국물떡볶이 서울보라매역점,hospital,서울 영등포구 신길동 699-3,서울 영등포구 여의대방로 187,37.503809317819766,126.92154575036741
1149345294,응급실국물떡볶이 서울독산점,hospital,서울 금천구 독산동 1150,서울 금천구 벚꽃로 30,37.4582401820819,126.894176501025
820829623,응급실국물떡볶이 서울가산직영점,hospital,서울 금천구 가산동 60-5,서울 금천구 디지털로9길 32,37.4795140898402,126.887511093583
2029747095,응급실국물떡볶이 광명하안점,hospital,경기 광명시 하안동 35-5,경기 광명시 하안로287번길 17,37.460860003177,126.878831166976
7818824,대림성모병원,hospital,서울 영등포구 대림동 978-13,서울 영등포구 시흥대로 657,37.4906748204891,126.90714688301
15688534,한현언성형외과의원,hospital,서울 동작구 신대방동 586-2,서울 동작구 시흥대로 676,37.491710745728454,126.90916515738235
1780635086,미올한방병원 강남본점,hospital,서울 관악구 봉천동 869-12,서울 관악구 남부순환로 1814,37.4810362658299,126.9515657848
1395486920,관악이웃치과의원,hospital,서울 관악구 신림동 1410-14,서울 관악구 남부순환로 1649,37.4850417351439,126.933968834615
7887111,민내과의원,hospital,서울 관악구 봉천동 729-32,서울 관악구 보라매로3길 29,37.49121008069559,126.9249896662406
19677409,365밝은안과의원,hospital,서울 관악구 신림동 1424-28,서울 관악구 신림로 350,37.485537607142035,126.92983011682396
1724480673,반듯한정형외과의원 서울대입구점,hospital,서울 관악구 봉천동 853-4,서울 관악구 남부순환로 1832,37.4807153828607,126.953500457777
80316969,강한미의원,hospital,서울 관악구 신림동 1433-38,서울 관악구 신림로 339,37.4845587837623,126.929279268635
189584498,언제나열린이비인후과의원,hospital,서울 관악구 신림동 1422-5,서울 관악구 신림로 340,37.48464571411413,126.9300073346419
2060686022,구앤장마취통증의학과피부과의원,hospital,서울 관악구 봉천동 870-12,서울 관악구 남부순환로 1805,37.4817774985143,126.950845100513
9850433,신림경희한의원,hospital,서울 관악구 신림동 540-2,서울 관악구 조원로16길 33,37.482736553998514,126.9113344060221
1194051806,유테라산부인과의원 서울대입구점,hospital,서울 관악구 봉천동 856-1,서울 관악구 관악로 168,37.480212413223725,126.95297843325051
13502034,연세 정형외과의원,hospital,서울 관악구 신림동 409-114,서울 관악구 신림로 259-1,37.477937212512,126.932256629768
17789416,바른이고른이치과의원,hospital,서울 관악구 신림동 1433-43,서울 관악구 남부순환로 1607,37.484444339525,126.929252240633
16032322,연세유라인치과의원 신림점,hospital,서울 관악구 신림동 1422-5,서울 관악구 신림로 340,37.484726018856,126.930201734231
1987372580,서울동안미의원,hospital,서울 관악구 신림동 1444-6,서울 관악구 봉천로 212,37.48964056700803,126.92505455712899
1816432185,애플산부인과의원 신림점,hospital,서울 관악구 신림동 86-3,서울 관악구 신림로 318,37.482664463884035,126.93012111567137
1890330667,행운치과의원,hospital,서울 관악구 봉천동 1687-22,서울 관악구 남부순환로 1935,37.4769908166281,126.964478138428
98763693,연세더바른치과의원,hospital,서울 관악구 봉천동 971-4,서울 관악구 보라매로 2,37.489672172702,126.928066817584
1574828908,신림제일정형외과의원,hospital,서울 관악구 신림동 1424-28,서울 관악구 신림로 350,37.48550704332444,126.9299488665473
769217894,연세쿄앤원이비인후과의원,hospital,서울 관악구 신림동 1640-6,서울 관악구 남부순환로 1604,37.483925160848,126.928922579318
2078751168,사당똑바른정형외과의원,hospital,서울 관악구 남현동 1058-16,서울 관악구 남부순환로 2064,37.4764012620555,126.978099169194
1869798070,난곡허준한의원,hospital,서울 관악구 신림동 706-48,서울 관악구 난곡로 193,37.4722381848928,126.919136928981
26504267,연세W산부인과의원 구로점,hospital,서울 관악구 신림동 1655,서울 관악구 시흥대로 570,37.4835386713028,126.902465788525
1750745157,신림연세정내과의원,hospital,서울 관악구 신림동 86-3,서울 관악구 신림로 318,37.4825744412359,126.930253483607
592441944,서울리뉴치과의원,hospital,서울 관악구 봉천동 858-9,서울 관악구 관악로 184,37.48151537149737,126.95322861384065
208576914,어울림산부인과의원,hospital,서울 관악구 신림동 1422-35,서울 관악구 남부순환로 1619,37.48464059840522,126.93049917844658
1664211171,신림라움산부인과의원,hospital,서울 관악구 신림동 1424-28,서울 관악구 신림로 350,37.4855079409873,126.929943212321
1923244153,김지연산부인과의원,hospital,서울 관악구 신림동 1444-6,서울 관악구 봉천로 212,37.4896496143619,126.925113346565
12651680,센트럴치과,hospital,서울 관악구 신림동 527-2,서울 관악구 난곡로 316,37.48219664811,126.914732579625
10093894,푸른정형외과,hospital,서울 관악구 신림동 681-4,서울 관악구 난곡로 107,37.46503375360287,126.91921025026538
1145987045,서울노마취통증의학과,hospital,서울 관악구 신림동 1422-35,서울 관악구 남부순환로 1619,37.48464059840522,126.93049917844658
12669526,엄창수신경외과의원,hospital,서울 관악구 신림동 527-2,서울 관악구 난곡로 316,37.4821462112498,126.914759771983
1744454728,서울대입구정형외과의원,hospital,서울 관악구 봉천동 858-6,서울 관악구 관악로 186,37.48163612141902,126.95326584901146
1151096868,플란트인치과의원,hospital,서울 관악구 신림동 1643,서울 관악구 시흥대로 578,37.484353734397324,126.9031363409709
193648812,연세햇살정신건강의학과의원,hospital,서울 관악구 신림동 86-3,서울 관악구 신림로 318,37.482575342236665,126.9302534827695
211145819,해온미소치과의원,hospital,서울 관악구 신림동 538-2,서울 관악구 남부순환로 1471,37.48210079844073,126.9142589562287
434104326,강남삼성정형외과의원,hospital,서울 관악구 신림동 1422-5,서울 관악구 신림로 340,37.4847619976698,126.930097679463
207388026,365탑치과의원,hospital,서울 관악구 남현동 1060-10,서울 관악구 남부순환로 2082-25,37.4760566794214,126.981012659242
25529253,본디올 홍제한의원,hospital,서울 관악구 남현동 1081-17,서울 관악구 남현4길 1,37.47496657674492,126.97664913211263
741962318,그랑교정치과,hospital,서울 관악구 봉천동 861-6,서울 관악구 남부순환로 1817,37.4816482934571,126.952161226209
1497363069,사당연세365의원,hospital,서울 관악구 남현동 1061-18,서울 관악구 과천대로 939,37.47437726332049,126.98143024229864
1468301727,서울온한의원,hospital,서울 관악구 신림동 1643-4,서울 관악구 시흥대로 576,37.4840662639341,126.903076787354
26455581,구로디지털바른본의원,hospital,서울 관악구 신림동 1643,서울 관악구 시흥대로 578,37.4843105768399,126.903247201296
11970690,생명마루한의원 신림점,hospital,서울 관악구 신림동 705-2,서울 관악구 난곡로 181,37.4712933529157,126.91961726325115
13507204,바른침한의원,hospital,서울 관악구 신림동 11-41,서울 관악구 남부순환로 1622,37.48416687327627,126.9308489903765
13510472,연세미래치과,hospital,서울 관악구 신림동 1641-2,서울 관악구 신림로 330,37.48389536635521,126.9303325320922
7894838,반도정형외과병원,hospital,서울 중구 신당동 422-4,서울 중구 동호로 202,37.55599572304521,127.01006458054852
26045548,국립정신건강센터 정신응급진료실,hospital,서울 광진구 중곡동 30-1,서울 광진구 용마산로 127,37.5652110071637,127.085796592748
25621966,한양대학교병원 권역응급의료센터,hospital,서울 성동구 사근동 110,서울 성동구 왕십리로 222-1,37.55947559845978,127.04430862230389
721920569,베스티안서울병원 응급실,hospital,서울 성동구 하왕십리동 1070-3,서울 성동구 왕십리로 382,37.56516043156664,127.02818156077463
8250523,녹색병원 응급실,hospital,서울 중랑구 면목동 568-1,서울 중랑구 사가정로49길 53,37.5835586985472,127.086016904768
8335835,동부제일병원 응급실,hospital,서울 중랑구 망우동 128-29,서울 중랑구 망우로 511,37.6006513192212,127.109029185517
11964528,국립중앙의료원 응급실,hospital,서울 중구 을지로6가 18-79,서울 중구 을지로 245,37.5672927111966,127.005695785101
1978230878,응급실국물떡볶이 서울장안점,hospital,서울 동대문구 장안동 359-19,서울 동대문구 장한로12길 49,37.5651419350389,127.070348615809
1655069750,응급실국물떡볶이 서울용마산역점,hospital,서울 중랑구 면목동 620-54,서울 중랑구 면목로40길 29,37.5785723653365,127.088768922875
14876491,서울프라임병원,hospital,서울 광진구 자양동 24-9,서울 광진구 동일로 92-1,37.54082693513859,127.06358987129275
2143240907,경희생생한방병원 건대점,hospital,서울 광진구 자양동 25-2,서울 광진구 동일로 82-1,37.5399451201451,127.06309805181
1677507260,서울굿모닝내과의원,hospital,서울 광진구 자양동 610-12,서울 광진구 뚝섬로 595,37.53318890481456,127.0761928046246
370796482,구의메트로신경외과의원,hospital,서울 광진구 자양동 779-6,서울 광진구 아차산로 361,37.53696049494373,127.08287900837017
11957089,365류마고내과의원,hospital,서울 광진구 구의동 631-1,서울 광진구 광나루로56길 63,37.53675852188117,127.096150701905
1050431205,스타한의원,hospital,서울 광진구 자양동 553-531,서울 광진구 뚝섬로 548,37.5344572195362,127.070877570786
8744466,더서울치과의원,hospital,서울 광진구 구의동 234-9,서울 광진구 광나루로 508,37.5447834914726,127.08593612317
440409742,연세통정형외과의원,hospital,서울 광진구 구의동 218-11,서울 광진구 아차산로 456,37.5391108110704,127.093053450048
26514129,청구경희한의원 건대점,hospital,서울 광진구 화양동 111-47,서울 광진구 광나루로 378,37.54764464260985,127.07172066102883
1735257803,군자성모정형외과의원,hospital,서울 광진구 군자동 477-17,서울 광진구 능동로 295,37.5561331747918,127.078443431087
1820867357,유앤아이의원 건대점,hospital,서울 광진구 화양동 48-14,서울 광진구 아차산로 219,37.5411263521354,127.067931755916
414584914,워커힐여성의원,hospital,서울 광진구 구의동 76-1,서울 광진구 천호대로 666,37.5513474466526,127.089334146162
15196506,타워비뇨기과의원 광진점,hospital,서울 광진구 구의동 546-11,서울 광진구 강변역로4길 10,37.5353497508395,127.093415359727
1984046869,중곡경희한의원,hospital,서울 광진구 중곡동 40-14,서울 광진구 능동로 372,37.5623913215557,127.082664958075
295411701,아이코이비인후과의원,hospital,서울 광진구 구의동 50-13,서울 광진구 자양로 287,37.5514644683944,127.091823966424
525398117,아산아이톡안과의원,hospital,서울 광진구 자양동 870,서울 광진구 아차산로 402,37.53661001467632,127.08785246817398
1609915934,연세박윤혜내과의원,hospital,서울 광진구 중곡동 649-7,서울 광진구 능동로 313,37.5577695868937,127.079489768768
7940230,에스리더치과병원,hospital,서울 광진구 화양동 6-1,서울 광진구 능동로 103,37.54033376456738,127.07050747348674
11536676,동감한의원,hospital,서울 광진구 화양동 49-11,서울 광진구 아차산로 201,37.5417220999691,127.066013228518
2072332702,이스트폴담우이비인후과의원,hospital,서울 광진구 자양동 870,서울 광진구 아차산로 402,37.53661001972641,127.08784567948891
27214914,연세고운미소치과 건대점,hospital,서울 광진구 화양동 5-106,서울 광진구 능동로 111,37.5410849546783,127.070914395189
1874506453,오석한방병원,hospital,서울 광진구 구의동 252-16,서울 광진구 자양로 116,37.53808155231285,127.08385331398644
1061781785,고려튼튼신경외과의원,hospital,서울 광진구 중곡동 244-11,서울 광진구 긴고랑로 32,37.5629546128438,127.079800876093
417882361,광진경희한의원 본관 아차산역,hospital,서울 광진구 중곡동 115-12,서울 광진구 천호대로 653,37.5528464483997,127.089675443552
1690831939,아이두정신건강의학과의원,hospital,서울 광진구 화양동 5-45,서울 광진구 능동로 117,37.5415992917782,127.071136661036
8156419,향치과,hospital,서울 광진구 중곡동 230-11,서울 광진구 면목로 120,37.5642236584104,127.080475690055
8552775,크리스탈치과의원,hospital,서울 광진구 중곡동 166-4,서울 광진구 능동로 409,37.5656025375986,127.08384906446344
601874317,근본정형외과의원,hospital,서울 광진구 구의동 67-33,서울 광진구 광나루로 517,37.5452404929972,127.086900753017
1437791656,경희하늘애한의원,hospital,서울 광진구 광장동 425-2,서울 광진구 아차산로 511,37.542139450376,127.098149107997
1921097714,라일락산부인과의원,hospital,서울 광진구 구의동 246-14,서울 광진구 아차산로 375,37.53708107629275,127.08436700600237
96505389,윤제한의원,hospital,서울 광진구 자양동 216-9,서울 광진구 아차산로 380,37.5365958719885,127.085017042149
11650475,서울나란이치과교정과치과의원,hospital,서울 광진구 화양동 111-12,서울 광진구 능동로 172,37.54598360542551,127.07398564494473
26410397,연세휴치과의원,hospital,서울 광진구 자양동 861,서울 광진구 능동로 69,37.53781180398772,127.06908737094663
18730745,로앤산부인과 건대점,hospital,서울 광진구 화양동 6-7,서울 광진구 아차산로 241,37.54047814345078,127.07013986964328
12136456,샤인소아청소년과의원,hospital,서울 광진구 중곡동 124-8,서울 광진구 용마산로 57,37.55874776201261,127.08756608097532
1726804441,브라보마취통증의학과의원,hospital,서울 광진구 자양동 626-4,서울 광진구 자양로13길 6,37.535860992843375,127.08327945175158
89542864,보배로운치과의원,hospital,서울 광진구 구의동 53-6,서울 광진구 천호대로 667,37.5515413736078,127.090239716958
23540065,예쁜얼굴바른이치과의원,hospital,서울 광진구 화양동 5-3,서울 광진구 능동로 125,37.542151469685095,127.07136009754005
929676408,미소필치과의원,hospital,서울 광진구 중곡동 193-50,서울 광진구 면목로 134,37.5652827702618,127.08114690357
268570207,정이든경희한의원,hospital,서울 광진구 능동 236-1,서울 광진구 천호대로 576,37.5558731962265,127.081822533439
1001351187,매직키스치과의원,hospital,서울 광진구 구의동 589-10,서울 광진구 구의강변로 64,37.53631403919341,127.09313935880155
9606606,강변향기나무한의원,hospital,서울 광진구 구의동 546-11,서울 광진구 강변역로4길 10,37.53538037945299,127.09342218651149
1636059678,젠틀맨치과의원,hospital,서울 광진구 자양동 7-17,서울 광진구 아차산로 226,37.540433206744446,127.0684108857683
1653752883,굿프렌즈치과의원,hospital,서울 광진구 중곡동 230-13,서울 광진구 면목로 128,37.56478016018147,127.08093469785798
1994967973,24시부천이지동물의료센터,hospital,경기 부천시 원미구 역곡동 49-5,경기 부천시 원미구 부일로 712,37.4847721724251,126.808826976876
19631836,우리아이들병원,hospital,서울 구로구 구로동 586-5,서울 구로구 새말로 15,37.5020848687593,126.882523780077
1015157514,굿나잇비뇨의학과의원,hospital,서울 구로구 구로동 83-3,서울 구로구 가마산로 246,37.4946887222534,126.888314964129
17897636,나비에스의원,hospital,서울 구로구 구로동 197-22,서울 구로구 디지털로31길 20,37.485565883185025,126.89433244667546
599718155,구로바로본365의원,hospital,서울 구로구 고척동 253-15,서울 구로구 고척로 140,37.5023809509356,126.849631309889
220823157,스마트백평치과의원,hospital,서울 구로구 고척동 186-5,서울 구로구 목동남로 6,37.5067176300418,126.860774238346
10453075,사랑의피부과의원,hospital,서울 구로구 구로동 98,서울 구로구 구로중앙로 60,37.49512763102503,126.88939876900632
1850454290,제율한의원 구로,hospital,서울 구로구 구로동 1123-1,서울 구로구 시흥대로 577,37.4844404029715,126.902250921347
708768550,구로리더스정형외과의원,hospital,서울 구로구 구로동 100-8,서울 구로구 구로중앙로 68,37.4958830319163,126.888819799039
1909393915,고척탑정형외과의원,hospital,서울 구로구 고척동 72-49,서울 구로구 경인로 387,37.49705815129792,126.86325742826263
27532865,삼성리더스치과의원,hospital,서울 구로구 고척동 50-48,서울 구로구 중앙로 64,37.50369974959271,126.86272847140941
27525357,강남삼성신경외과의원 구로점,hospital,서울 구로구 구로동 811,서울 구로구 디지털로34길 55,37.48423786057565,126.89925267981836
1664254409,신도림서울정형외과의원,hospital,서울 구로구 신도림동 433-24,서울 구로구 경인로 625,37.50708400499742,126.88471913944417
315464040,구로에이스정형외과의원,hospital,서울 구로구 구로동 722-1,서울 구로구 구로동로 115,37.4887697431244,126.884294999099
1712499530,신도림성모정형외과의원,hospital,서울 구로구 신도림동 400-3,서울 구로구 신도림로 2,37.5055943529909,126.877275058039
1644661358,아이비어린이병원,hospital,서울 구로구 고척동 186-11,서울 구로구 목동남로 2,37.5066397768357,126.860463359171
1825845170,아름제일병원 별관 척추관절센터,hospital,서울 구로구 구로동 26-2,서울 구로구 새말로 110,37.50639182162876,126.89212593988904
19883466,마루치과병원,hospital,서울 구로구 구로동 26-2,서울 구로구 새말로 110,37.5063684740007,126.892211928858
26217756,비타민치과의원,hospital,서울 구로구 개봉동 403-53,서울 구로구 개봉로 63,37.491246704681,126.855719047166
10123972,백두산한의원,hospital,서울 구로구 개봉동 33-62,서울 구로구 고척로21나길 28,37.50270749716152,126.84408816388859
726057086,구로삼성탑정형외과의원,hospital,서울 구로구 구로동 1125-6,서울 구로구 시흥대로 561,37.4832601438773,126.901241663759
546535027,연세우리동네의원,hospital,서울 구로구 개봉동 403-50,서울 구로구 개봉로 69,37.49190070136085,126.85560923496273
854649382,고고한의원,hospital,서울 구로구 오류동 54-4,서울 구로구 경인로 204,37.4956898002736,126.84385600696
27286296,필의원,hospital,서울 구로구 구로동 497-5,서울 구로구 구로동로 240,37.4999767214856,126.882730644012
1173572467,우리웰치과의원,hospital,서울 구로구 고척동 72-49,서울 구로구 경인로 387,37.49708686557548,126.86315559927588
2089123019,이온한의원 신도림,hospital,서울 구로구 신도림동 644,서울 구로구 경인로 643,37.508319269623684,126.88656759039297
28255131,에스퀸산부인과의원,hospital,서울 구로구 구로동 188-25,서울 구로구 디지털로 300,37.484924780932,126.896532499742
717262765,본탄탄정형외과의원,hospital,서울 구로구 항동 242-1,서울 구로구 서해안로 2096,37.47977818149098,126.82289067104142
916519134,오복만세치과의원,hospital,서울 구로구 구로동 197-22,서울 구로구 디지털로31길 20,37.48552111427,126.894344947181
2077914143,구로경희한의원,hospital,서울 구로구 구로동 222-31,서울 구로구 디지털로26길 123,37.483302341624714,126.89788585671151
269417006,본라인한의원 구로디지털점,hospital,서울 구로구 구로동 222-3,,37.48245624385167,126.8967902958551
13172159,성모연정신건강의학과의원,hospital,서울 구로구 신도림동 338,서울 구로구 경인로67길 23,37.51048263988576,126.88948130437517
246010876,연세큐재활의학과의원,hospital,서울 구로구 고척동 351,서울 구로구 경인로43길 49,37.4986625952422,126.85921162387301
786448021,인아치과의원,hospital,서울 구로구 항동 122,서울 구로구 서해안로 2098,37.479983122797,126.823166052049
17416241,좋은아침한의원 구로디지털점,hospital,서울 구로구 구로동 212-1,서울 구로구 디지털로 285,37.484589820332864,126.89473520686032
10140871,구로세란의원,hospital,서울 구로구 가리봉동 131-14,서울 구로구 디지털로 227,37.48044171027106,126.89090828914361
1077904002,서울다정치과의원,hospital,서울 구로구 오류동 54-5,서울 구로구 경인로20가길 5,37.49544056877873,126.84411887756904
693436676,연세패밀리치과의원 구로점,hospital,서울 구로구 오류동 54-4,서울 구로구 경인로 204,37.4956897928003,126.843850352824
1164150628,365서울한의원,hospital,서울 구로구 구로동 155-75,서울 구로구 도림로26길 10,37.490977552295526,126.89427393952592
484578305,푸른솔정신건강의학과의원,hospital,서울 구로구 구로동 212-1,서울 구로구 디지털로 285,37.4844869008229,126.894505826903
1755111053,안아프니치과의원,hospital,서울 구로구 구로동 1123-1,서울 구로구 시흥대로 577,37.4844395028997,126.902252053181
1302150220,명인경희한의원,hospital,서울 구로구 오류동 8-4,서울 구로구 경인로15길 4,37.4946916874787,126.83996695040904
15224883,서울웃는얼굴치과의원,hospital,서울 구로구 구로동 212-13,서울 구로구 디지털로 271,37.48337724081762,126.89392623551997
1290374150,경희푸른숲한의원,hospital,서울 구로구 항동 121,서울 구로구 서해안로 2096,37.4797458808636,126.822981194435
24891170,가이치과의원,hospital,서울 구로구 신도림동 337,서울 구로구 경인로 661,37.510019386335486,126.88837695467107
456960522,오율의원 신도림점,hospital,서울 구로구 신도림동 419-4,서울 구로구 경인로63길 11,37.50760467355933,126.88553040418772
1549829607,중앙대학교광명병원 응급의료센터,hospital,경기 광명시 일직동 501,경기 광명시 덕안로 110,37.424551315044965,126.88554963605381
922929479,이루탄메디케어의원,hospital,서울 금천구 가산동 60-9,서울 금천구 디지털로10길 37,37.4766454253398,126.889578635598
679558456,가산퍼스트정형외과의원,hospital,서울 금천구 가산동 60-14,서울 금천구 벚꽃로36길 30,37.4806704702914,126.885103434246
852652698,금천한방병원,hospital,서울 금천구 시흥동 1031,서울 금천구 시흥대로73길 67,37.4559403769365,126.895729289531
16791945,MJ산부인과의원,hospital,서울 금천구 독산동 289-18,서울 금천구 두산로 81,37.46990721025,126.897048336023
2126423351,연세고마운치과 금천점,hospital,서울 금천구 독산동 441-14,서울 금천구 시흥대로 291,37.45983078668131,126.89657160577941
1655985241,가산본튼튼의원,hospital,서울 금천구 가산동 50-3,서울 금천구 벚꽃로 298,37.4814351149053,126.883863108557
9305277,연세허브치과의원,hospital,서울 금천구 독산동 951-4,서울 금천구 남부순환로 1372,37.47953379659206,126.90369655065666
13505585,뉴연세여성의원,hospital,서울 금천구 시흥동 999-31,서울 금천구 시흥대로 239,37.45519080435045,126.89997996000773
1020158627,더라인치과의원,hospital,서울 금천구 가산동 371-37,서울 금천구 가산디지털1로 128,37.4772218840922,126.883747529216
2058285842,연세리엘의원,hospital,서울 금천구 시흥동 1031,서울 금천구 시흥대로73길 67,37.455942194913,126.895747370719
25532080,온유치과의원,hospital,서울 금천구 시흥동 803-20,서울 금천구 독산로 134,37.459274935050736,126.90525519918033
386566896,1층본튼튼의원,hospital,서울 금천구 시흥동 889-19,서울 금천구 시흥대로 208,37.45248298018625,126.90179411407541
929477018,플러스소아청소년과의원,hospital,서울 금천구 독산동 291-7,서울 금천구 시흥대로 391,37.4687768319473,126.896978669447
697382868,바로봄한의원,hospital,서울 금천구 시흥동 883-11,서울 금천구 시흥대로 224,37.4539251747293,126.901401178693
205449240,본라인한의원 가산점,hospital,서울 금천구 가산동 371-17,서울 금천구 가산디지털1로 131,37.47664960378303,126.88269474901418
134506901,슬기로운정신건강의학과의원,hospital,서울 금천구 가산동 371-28,서울 금천구 가산디지털1로 168,37.47933040966121,126.88300146913814
16795293,참미소치과의원,hospital,서울 금천구 독산동 1042-9,서울 금천구 독산로 199,37.4646824118665,126.902553589122
25972406,서울에스마취통증의학과의원 가산,hospital,서울 금천구 가산동 371-28,서울 금천구 가산디지털1로 168,37.480717138481445,126.88217170420896
466450935,리인한의원,hospital,서울 금천구 가산동 371-63,서울 금천구 가산디지털1로 146,37.4787025529177,126.88314942271
118201146,리더스탑치과의원,hospital,서울 금천구 시흥동 883-11,서울 금천구 시흥대로 224,37.4539152428524,126.901376327296
27442486,맑은숲한의원 금천점,hospital,서울 금천구 독산동 291-6,서울 금천구 시흥대로 399,37.46938277554605,126.89699479440112
1454542265,으라차차마취통증의학과의원,hospital,서울 금천구 시흥동 979-4,서울 금천구 시흥대로 8,37.4346181565612,126.903482949543
1617866914,맑은미소치과의원,hospital,서울 금천구 시흥동 883-1,서울 금천구 금하로 630,37.4546655835741,126.90113347651
1440946640,연세현대치과의원,hospital,서울 금천구 시흥동 856-25,서울 금천구 독산로 135,37.4593899375509,126.904848151861
1236874446,금천이엔이치과의원,hospital,서울 금천구 시흥동 1031,서울 금천구 시흥대로73길 67,37.45597285721193,126.89577897466579
1799163771,굿본재활의학과의원 가산점,hospital,서울 금천구 가산동 670-2,서울 금천구 가산디지털1로 19,37.467850525066446,126.88657450541521
1982436361,베스트e치과,hospital,서울 금천구 시흥동 889-8,서울 금천구 시흥대로 214,37.453044244916,126.901714267075
111834659,웨일산부인과의원,hospital,서울 금천구 가산동 459-11,서울 금천구 가산디지털1로 186,37.4819266496461,126.881628236447
2050713154,늘봄치과의원,hospital,서울 금천구 독산동 289-7,서울 금천구 시흥대로 405,37.46987708270068,126.89763168530031
8320365,리더스서울치과의원,hospital,서울 금천구 가산동 60-15,서울 금천구 벚꽃로 286,37.48031631262514,126.8841180942756
8873785,경희남도한의원,hospital,서울 금천구 시흥동 879-24,서울 금천구 금하로 633-1,37.454920128979275,126.90168468718261
10759756,이플란트치과의원,hospital,서울 금천구 독산동 291-7,서울 금천구 시흥대로 391,37.46864390841187,126.8969505912802
113802719,편백한의원,hospital,서울 금천구 시흥동 852-30,서울 금천구 독산로 131-1,37.4590656135819,126.904898295076
440788278,가산이안한의원,hospital,서울 금천구 가산동 60-14,서울 금천구 벚꽃로36길 30,37.4806704702914,126.885103434246
18619622,광명새움병원,hospital,경기 광명시 소하동 1340-2,경기 광명시 오리로 518,37.4481860520618,126.88208939106755
452186422,광명가득한방병원,hospital,경기 광명시 소하동 1340-3,경기 광명시 금하로 450,37.4483664291115,126.882264276238
1350816340,삼성에스마디정형외과의원,hospital,경기 광명시 소하동 1335,경기 광명시 금하로 464,37.4484546826609,126.884040685329
270146990,광명리더스치과의원,hospital,경기 광명시 소하동 1341,경기 광명시 소하로 78,37.447916998798,126.883349887236
1063921079,하안정형외과의원,hospital,경기 광명시 하안동 61-1,경기 광명시 하안로288번길 15,37.4622483073921,126.881342773422
1707641315,삼성전진신경외과의원,hospital,경기 광명시 하안동 36-2,경기 광명시 범안로 1046,37.462033673263,126.879371828374
56896844,소하바른치과의원,hospital,경기 광명시 소하동 1341-1,경기 광명시 소하로 82,37.447619653605145,126.88333904785138
754613377,서울메디치과의원,hospital,경기 광명시 소하동 1344-2,경기 광명시 소하로 190,37.44590360704292,126.89328077388403
808472591,경희구암한의원,hospital,경기 광명시 하안동 651-1,경기 광명시 범안로 1035,37.4619231840346,126.877943279068
2041943154,마디원 정형외과의원,hospital,경기 광명시 하안동 36-4,경기 광명시 범안로 1050,37.4621610866166,126.879735588477
1165981404,폴리한의원,hospital,경기 광명시 소하동 1335,경기 광명시 금하로 464,37.44845468266094,126.88404068532874
7999908,방병원,hospital,서울 노원구 공릉동 680-10,서울 노원구 동일로 989,37.6184020868346,127.075033721283
220921798,새힘병원,hospital,서울 노원구 상계동 301-6,서울 노원구 노원로 416,37.6537214272021,127.067889144045
1341619452,모두탑365정형외과의원 노원점,hospital,서울 노원구 상계동 728-5,서울 노원구 동일로 1380,37.6517381830214,127.061655909772
11943699,365열린내과의원,hospital,서울 노원구 하계동 283,서울 노원구 한글비석로 77,37.63752654501243,127.07045192903463
434764361,공릉성모마취통증의학과의원,hospital,서울 노원구 공릉동 408-6,서울 노원구 공릉로 181,37.6261171299357,127.079334802823
1743621024,퀸스메디산부인과의원,hospital,서울 노원구 공릉동 398-23,서울 노원구 동일로 1059,37.6245300843332,127.072987283348
27488556,서울준치과의원,hospital,서울 노원구 공릉동 422-13,서울 노원구 공릉로46길 13,37.62736395251882,127.07954683308589
1462166592,서울N비뇨의학과의원 노원점,hospital,서울 노원구 상계동 728-5,서울 노원구 동일로 1380,37.6517562470627,127.061570935204
2053917939,노원365온한의원,hospital,서울 노원구 상계동 371-2,서울 노원구 노원로 456,37.65733862734033,127.06673649373667
1155146660,서울본튼튼정형외과의원,hospital,서울 노원구 월계동 635-4,서울 노원구 월계로 334,37.6290173973364,127.057612126467
1884361806,서울제일한방병원,hospital,서울 노원구 상계동 366-4,서울 노원구 노원로 461,37.65753744427461,127.06566572094566
512990007,석계역정형외과의원,hospital,서울 노원구 월계동 55-14,서울 노원구 석계로1길 14,37.6155552041979,127.063913962248
1623805264,서울에이스정형외과의원,hospital,서울 노원구 상계동 749,서울 노원구 동일로 1374,37.6513047565437,127.061758671408
1314382856,서울스카이정형외과의원,hospital,서울 노원구 상계동 731-5,서울 노원구 동일로 1405,37.653831028008845,127.06017764841525
257011760,서울건우정형외과의원,hospital,서울 노원구 공릉동 420-2,서울 노원구 공릉로46길 3,37.62712995143493,127.07916708924249
222599196,노원탑365의원,hospital,서울 노원구 상계동 371-2,서울 노원구 노원로 456,37.6574503541663,127.066727527501
1355337400,삼성조은내과의원,hospital,서울 노원구 상계동 357-2,서울 노원구 상계로5길 32,37.6571326519817,127.062818577459
2125422951,수재활의학과의원,hospital,서울 노원구 월계동 50-29,서울 노원구 화랑로 325,37.61494426314849,127.06404482494166
568931937,샤인치과교정과치과병원,hospital,서울 노원구 상계동 724,서울 노원구 노해로 488,37.6543228398458,127.062155535826
531214287,공릉경희한의원,hospital,서울 노원구 공릉동 576-25,서울 노원구 동일로 1029,37.621962631704164,127.07385585095558
1845963853,하늘별소아청소년과의원,hospital,서울 노원구 중계동 359-11,서울 노원구 한글비석로 263,37.6512114440798,127.076471868921
767153029,연세더블유산부인과의원 노원,hospital,서울 노원구 상계동 731-5,서울 노원구 동일로 1405,37.6538310280137,127.060177648416
896021393,노원아이디치과의원,hospital,서울 노원구 상계동 728-1,서울 노원구 동일로 1396,37.65324210493175,127.06130698947597
1104213404,서울오케이신경외과의원,hospital,서울 노원구 상계동 1132-59,서울 노원구 동일로 1677,37.6781843736413,127.054968038621
154260268,연세바른치과의원,hospital,서울 노원구 공릉동 441-92,서울 노원구 동일로192길 74,37.62707369653434,127.07703959653466
859972562,365봄한의원,hospital,서울 노원구 상계동 763-7,서울 노원구 동일로 1343,37.648496274725694,127.06198297455387
1845340578,지음치과의원,hospital,서울 노원구 공릉동 383-8,서울 노원구 동일로 1073,37.62585751229841,127.07254225806915
8310619,미즈아이프라자산부인과의원,hospital,서울 노원구 상계동 1132-144,서울 노원구 동일로 1669,37.6773842931049,127.054992387169
1213351923,서울더바른치과 교정과치과의원,hospital,서울 노원구 월계동 50-29,서울 노원구 화랑로 325,37.6149415607992,127.06404368999
1801759859,서울이니셜치과,hospital,서울 노원구 중계동 366-4,서울 노원구 중계로 202,37.650781714146234,127.07779044802018
793110244,세라산부인과의원 노원점,hospital,서울 노원구 상계동 724-1,서울 노원구 노해로 490,37.6544101004708,127.062410586145
19455443,보스안과의원,hospital,서울 노원구 중계동 366-6,서울 노원구 한글비석로 264,37.6509804713325,127.076965699213
9905205,연세화랑의원,hospital,서울 노원구 공릉동 89-1,서울 노원구 노원로1길 67,37.6209227016125,127.083595125356
1966143517,노원백정형외과,hospital,서울 노원구 상계동 1141-12,서울 노원구 동일로243길 33,37.6784447021354,127.053120463948
464827117,오케이재활의학과의원,hospital,서울 노원구 상계동 724,서울 노원구 노해로 488,37.654321931698,127.062169133858
1752729389,바른임플치과의원,hospital,서울 노원구 상계동 712,서울 노원구 동일로 1413,37.65476722627451,127.06002541666321
1900484308,성모연합의원,hospital,서울 노원구 상계동 173-3,서울 노원구 상계로 193-25,37.66280630712143,127.0734361534923
866256416,디자인치과의원,hospital,서울 노원구 상계동 716-3,서울 노원구 노해로 491,37.655051448164215,127.0626967002893
12622610,W서울화이트치과의원,hospital,서울 노원구 월계동 947,서울 노원구 월계로45길 21,37.6265382798816,127.050867725081
1416118815,원더플란트치과의원 노원점,hospital,서울 노원구 중계동 591,서울 노원구 한글비석로 384,37.6597683206732,127.073239364046
484623938,경희오늘한의원,hospital,서울 노원구 상계동 749-4,서울 노원구 동일로 1366,37.65050277634331,127.06195971230936
106066456,지산목한의원,hospital,서울 노원구 공릉동 389-9,서울 노원구 동일로192길 63,37.6271552856857,127.076269363352
72183314,연세퍼스트원치과의원,hospital,서울 노원구 상계동 727-1,서울 노원구 노해로 480,37.6541790602736,127.061434681575
763112599,노원연세리안치과의원,hospital,서울 노원구 상계동 730-4,서울 노원구 동일로215길 2,37.6515232256302,127.060929357366
1703701659,바로본튼튼의원,hospital,서울 노원구 중계동 450-1,서울 노원구 한글비석로 359,37.6577077310287,127.074746873836
273672770,응급실국물떡볶이 의정부예술의전당점,hospital,경기 의정부시 의정부동 607-13,경기 의정부시 범골로 84,37.7322007347397,127.03847493284
1546779839,응급실국물떡볶이 의정부용현점,hospital,경기 의정부시 용현동 39-26,경기 의정부시 오목로19번길 4,37.7327797695334,127.085345219707
2072401591,새튼재활의학과의원,hospital,서울 도봉구 창동 75-13,서울 도봉구 노해로65길 10,37.6518450960755,127.046610571234
1597116953,밝은삼성안과의원,hospital,서울 도봉구 쌍문동 20-16,서울 도봉구 도당로 2,37.6584135828818,127.035290797178
1051069905,연세더튼튼치과의원,hospital,서울 도봉구 도봉동 563,서울 도봉구 도봉로 873,37.6824320303752,127.045459766092
271067168,아프로치과의원,hospital,서울 도봉구 창동 1-28,서울 도봉구 마들로13길 61,37.654540380514,127.049925837294
13049360,강북다인치과,hospital,서울 도봉구 창동 659-3,서울 도봉구 도봉로 488,37.6489965198912,127.035268210322
16502022,경희선린한의원,hospital,서울 도봉구 쌍문동 358-4,서울 도봉구 우이천로 353,37.6476441093072,127.024783842543
10288622,동의보감한의원,hospital,서울 도봉구 쌍문동 20-5,서울 도봉구 해등로 198,37.6583055730129,127.034928092284
26826389,서울고마운치과의원,hospital,서울 도봉구 쌍문동 20-16,서울 도봉구 도당로 2,37.6584171868086,127.035290798884
16770483,미소진치과의원,hospital,서울 도봉구 창동 135-15,서울 도봉구 노해로63길 84-3,37.652739627879534,127.04697375703132
773085557,도봉경희한의원,hospital,서울 도봉구 창동 134-36,서울 도봉구 노해로63길 79,37.65308857775078,127.04629178219386
1128662199,경희다시봄한의원,hospital,서울 도봉구 창동 338,서울 도봉구 노해로 341,37.65150550916349,127.0463984525245
15298061,오고싶은경희한의원,hospital,서울 도봉구 도봉동 44-5,서울 도봉구 도봉로180가길 96,37.6878005406053,127.04652649239611
18830943,이랑치과의원,hospital,서울 도봉구 창동 26,서울 도봉구 노해로 384,37.6520720911795,127.051089112563
11551297,무아치과교정과치과의원,hospital,서울 도봉구 쌍문동 88-105,서울 도봉구 도봉로 487,37.64913995888237,127.0346518425156
26437410,더엘치과의원,hospital,서울 도봉구 쌍문동 694-1,서울 도봉구 도봉로 551,37.6544881403353,127.037759391599
20258954,성문치과병원,hospital,서울 도봉구 쌍문동 657,서울 도봉구 도봉로 569,37.655819502039414,127.0386553374275
10042801,효치과의원,hospital,서울 도봉구 쌍문동 630,서울 도봉구 도봉로 585,37.6572373994251,127.039406301746
191760657,강북감동치과의원,hospital,서울 도봉구 쌍문동 88-114,서울 도봉구 도봉로 477,37.64843101737551,127.03419825594877
1001984082,서울오케이마취통증의학과의원,hospital,서울 도봉구 창동 655-20,서울 도봉구 도봉로 468,37.6473858253358,127.034374544546
1060676004,서울최마취통증의학과의원,hospital,서울 도봉구 쌍문동 694-1,서울 도봉구 도봉로 551,37.65448814033525,127.03775939159905
8961351,마음편한치과,hospital,서울 도봉구 쌍문동 88-144,서울 도봉구 도봉로 479,37.6486472019767,127.03437512589
18382591,차성수의원,hospital,서울 도봉구 쌍문동 503-11,서울 도봉구 삼양로 582,37.65511781470674,127.01329862573282
1859639012,서울좋은생각치과의원,hospital,서울 도봉구 방학동 662-32,서울 도봉구 도당로13길 9,37.6651348168231,127.035579595145
14649082,마들웰치과,hospital,서울 노원구 상계동 651-5,서울 노원구 동일로 1545,37.6664202158218,127.057006311539
8064269,장현대치과,hospital,서울 노원구 상계동 1280,서울 노원구 수락산로 190,37.6712457903471,127.05716189030822
2068055881,온마들한의원,hospital,서울 노원구 상계동 649-6,서울 노원구 동일로 1532,37.6653061313079,127.057975649344
14608371,홍인한의원,hospital,서울 노원구 상계동 651-2,서울 노원구 동일로 1551,37.66688518506262,127.05687519004984
863600168,경희나린한의원,hospital,서울 노원구 상계동 1115-5,서울 노원구 동일로 1676,37.677953398851,127.055659359177
1502334026,서울쌍둥이치과의원,hospital,서울 노원구 상계동 1119-4,서울 노원구 동일로 1664,37.6768929481652,127.055656299823
12969802,피오나여성의원,hospital,서울 노원구 상계동 337,서울 노원구 상계로 77,37.6567403383671,127.063540139357
576188363,비타민한의원 노원점,hospital,서울 노원구 상계동 603-2,서울 노원구 상계로1길 14-11,37.6569106381784,127.06181771149
8144610,허브치과,hospital,서울 노원구 상계동 712-1,서울 노원구 노해로 467,37.6544466101769,127.059762248222
27324370,24시산들산들동물병원,hospital,서울 마포구 아현동 424-14,서울 마포구 마포대로16길 7,37.5509731958997,126.956530449204
8725020,강북삼성병원 응급실,hospital,서울 종로구 평동 60,서울 종로구 새문안로 29,37.5685318656809,126.967925588597
10504013,서울적십자병원 응급실,hospital,서울 종로구 평동 164,서울 종로구 새문안로 9,37.56701077849867,126.96717465359609
2028905520,세란병원 응급실,hospital,서울 종로구 무악동 32-2,서울 종로구 통일로 256,37.57514815845795,126.9574299500883
1573808838,응급실국물떡볶이 서울공덕점,hospital,서울 마포구 아현동 397-5,서울 마포구 마포대로24길 56,37.5515444817962,126.96190104457804
13503224,경희대학교치과병원,hospital,서울 동대문구 회기동 1-5,서울 동대문구 경희대로 26,37.59411424584499,127.05322238365355
8103776,코리아병원,hospital,서울 동대문구 장안동 306-4,서울 동대문구 장한로 143,37.5731997338441,127.071519892672
1223534232,365매일한방병원,hospital,서울 동대문구 신설동 101-5,서울 동대문구 천호대로 3,37.5753488398992,127.024343274155
1740405116,닥터존정형외과의원,hospital,서울 동대문구 답십리동 496-2,서울 동대문구 천호대로 267,37.5681618628462,127.05155922435365
10505561,삼육치과병원,hospital,서울 동대문구 휘경동 29-1,서울 동대문구 망우로 82,37.58749331133146,127.06325365343766
1854539804,경희365한의원,hospital,서울 동대문구 장안동 307-3,서울 동대문구 장한로 139,37.5728970573447,127.071424515443
525978198,청량리서울아산정형외과의원,hospital,서울 동대문구 전농동 620-70,서울 동대문구 왕산로 178,37.5793042356753,127.043146387936
26633726,건강한우리내과의원,hospital,서울 동대문구 전농동 621-1,서울 동대문구 왕산로 176,37.5791998029459,127.042919909089
12133752,연세휴치과의원 청량리점,hospital,서울 동대문구 청량리동 710,서울 동대문구 홍릉로 19,37.58205721183106,127.04438879790816
1387810956,아이키소아청소년과의원 이문점,hospital,서울 동대문구 이문동 263-10,서울 동대문구 이문로35길 21,37.59915610818447,127.06085492109652
14739598,림플란트치과,hospital,서울 동대문구 제기동 1132,서울 동대문구 왕산로 127,37.578448405456,127.037539826212
532728773,솔라시도한방병원,hospital,서울 동대문구 용두동 798,서울 동대문구 고산자로32길 78,37.57747251470519,127.04314646305951
15109391,경희신망애한의원,hospital,서울 동대문구 청량리동 710,서울 동대문구 홍릉로 19,37.58205363465101,127.04431747120766
848426723,여자의봄산부인과의원,hospital,서울 동대문구 전농동 621-1,서울 동대문구 왕산로 176,37.5791421409915,127.042915347622
12552918,페리오플란트치과의원,hospital,서울 동대문구 답십리동 98-45,서울 동대문구 전농로 109,37.57464187430356,127.05730305268187
1796965176,슈퍼맨정형외과의원,hospital,서울 동대문구 장안동 307-3,서울 동대문구 장한로 139,37.5728970573447,127.071424515443
19339215,중랑교정치과의원,hospital,서울 동대문구 휘경동 112-49,서울 동대문구 망우로 131,37.591850893277126,127.06744339682012
132580352,튼튼플란트치과의원,hospital,서울 동대문구 전농동 620-1,서울 동대문구 왕산로 194,37.579783881805476,127.04471462566367
1941822517,성창한의원,hospital,서울 동대문구 제기동 1054-1,서울 동대문구 고산자로 441,37.578877090602404,127.038126463049
26915940,에이블치과의원,hospital,서울 동대문구 이문동 288-50,서울 동대문구 휘경로 6,37.596054953659575,127.06074482241544
27603653,화이팅마취통증의학과의원 청량리점,hospital,서울 동대문구 전농동 621-1,서울 동대문구 왕산로 176,37.5791998045922,127.042915380718
593257822,휘경튼튼마취통증의학과의원,hospital,서울 동대문구 휘경동 71-1,서울 동대문구 망우로 123,37.59168373286367,127.0666970722126
557595447,서울저스트치과의원,hospital,서울 동대문구 휘경동 380,서울 동대문구 망우로 46,37.5887597135072,127.058785783234
26863089,신강한의원,hospital,서울 동대문구 장안동 464-8,서울 동대문구 천호대로 425,37.5615582962575,127.066329528174
144661470,바른약속치과 장안,hospital,서울 동대문구 장안동 335-4,서울 동대문구 답십리로 300,37.5719739183193,127.073736275903
1784713172,연세준치과교정,hospital,서울 동대문구 답십리동 1012,서울 동대문구 사가정로 80,37.5752232446017,127.054926229568
1765736405,연세다정한치과교정과치과의원,hospital,서울 동대문구 청량리동 235-6,서울 동대문구 왕산로 239,37.58319621174687,127.04859768846455
10736364,장안성모의원,hospital,서울 동대문구 장안동 102-1,서울 동대문구 사가정로 226,37.5785705583197,127.070021622963
205637645,연세한스치과의원,hospital,서울 동대문구 용두동 799,서울 동대문구 고산자로 420,37.57719741276151,127.03881616481394
1425218966,다서울치과의원,hospital,서울 동대문구 답십리동 530-16,서울 동대문구 고미술로 81,37.5656002426012,127.055721671204
1537532128,서울우수치과의원,hospital,서울 동대문구 전농동 295-320,서울 동대문구 사가정로 111-2,37.5775323158825,127.057196589159
10176449,경송한의원,hospital,서울 동대문구 답십리동 488-17,서울 동대문구 전농로 22,37.566663852208904,127.05670155966881
2039632410,서울동서남북치과의원,hospital,서울 동대문구 제기동 1140-5,서울 동대문구 왕산로 117,37.578495585503894,127.03649267378489
16789952,연세밝은미소치과,hospital,서울 동대문구 답십리동 493-6,서울 동대문구 천호대로 307,37.5658349406112,127.054783508729
1915144089,서울유플란트치과의원,hospital,서울 동대문구 청량리동 761,서울 동대문구 왕산로 185,37.57997520134621,127.04389169999101
1519077400,화인마취통증의학과의원,hospital,서울 동대문구 전농동 620-6,서울 동대문구 왕산로 190,37.57951099356124,127.04441558869435
1985059010,시카고치과병원,hospital,서울 동대문구 신설동 117-21,서울 동대문구 천호대로 2,37.57501383766236,127.02351565145848
1993006180,보스톤튼튼치과의원,hospital,서울 동대문구 휘경동 269-26,서울 동대문구 망우로 74,37.5895999261081,127.061367974866
10094124,플러스덴치과의원,hospital,서울 동대문구 전농동 32-4,서울 동대문구 사가정로 122,37.57733800124807,127.05842359862999
2079380347,진심한의원,hospital,서울 동대문구 이문동 305-151,서울 동대문구 휘경로 15,37.5959002508574,127.061963100741
27440343,가은한의원,hospital,서울 동대문구 답십리동 469-62,서울 동대문구 답십리로30길 51,37.5730424428542,127.047530405991
11383461,미래로으랏차정형외과의원,hospital,서울 동대문구 용두동 793,서울 동대문구 왕산로32길 7,37.57872988714839,127.041796610225
1226025593,혜인당한의원,hospital,서울 동대문구 답십리동 1003-2,서울 동대문구 답십리로 140,37.5726361220863,127.05570880098671
10160798,곤치과의원,hospital,서울 동대문구 장안동 308-3,서울 동대문구 답십리로 289,37.5725252296927,127.072438424937
1102816971,경동수치과의원,hospital,서울 동대문구 제기동 1067,서울 동대문구 고산자로 451,37.5800735876422,127.038197263747
1780514371,보라매자생한방병원,hospital,서울 동작구 대방동 417-3,서울 동작구 여의대방로 134,37.4988549952562,126.92065753977
17454924,365미소내과의원,hospital,서울 동작구 사당동 1046-8,서울 동작구 남부순환로 2055,37.47684436055326,126.97705441430269
1645567180,상도열린치과의원,hospital,서울 동작구 상도동 363-142,서울 동작구 상도로15길 143,37.5050935482908,126.938818885379
27600886,기분좋은한방병원,hospital,서울 동작구 신대방동 358-3,서울 동작구 여의대방로22길 98,37.4976939876962,126.925403861616
2121494395,다시봄의원,hospital,서울 동작구 흑석동 336,서울 동작구 흑석한강로 27,37.50477191752062,126.96561856757039
1274414298,더조은마취통증의학과의원,hospital,서울 동작구 신대방동 351-5,서울 동작구 보라매로 105,37.498557732055524,126.92778801614709
26890926,서울민플러스치과의원,hospital,서울 동작구 대방동 336-13,서울 동작구 상도로 80,37.4995524977134,126.929369172248
16331646,서울김내과의원,hospital,서울 동작구 상도동 201-155,서울 동작구 장승배기로 34,37.50112240451911,126.94156345878123
137124648,상도성모정형외과의원,hospital,서울 동작구 상도동 187-1,서울 동작구 상도로 153,37.503400118127395,126.93628015956304
2096264434,흑석메트로정형외과의원,hospital,서울 동작구 흑석동 183-1,서울 동작구 흑석로 110,37.50811064707888,126.96142095772622
1830737163,이수제일정형외과의원,hospital,서울 동작구 사당동 134-3,서울 동작구 동작대로 123,37.4877645238365,126.981872429438
1084791349,이수정성한의원,hospital,서울 동작구 사당동 134-2,서울 동작구 동작대로 127,37.487970865735,126.981944745328
27312977,연세흉부외과의원,hospital,서울 동작구 사당동 1031-28,서울 동작구 동작대로 25,37.4787444446947,126.981350021378
739449740,중앙탑정형외과의원,hospital,서울 동작구 상도동 325-8,서울 동작구 상도로 92,37.4996867752512,126.930939853746
305883737,허씨삼대한의원,hospital,서울 동작구 노량진동 72-57,서울 동작구 노량진로 150,37.5134585735103,126.942605764052
461293408,오롯의원,hospital,서울 동작구 흑석동 332,서울 동작구 서달로 150,37.5066242342074,126.962179490023
12628200,연세자연치과의원,hospital,서울 동작구 상도1동 621,서울 동작구 양녕로 281,37.5045796126263,126.949486568048
281426335,온힐가정의학과의원,hospital,서울 동작구 노량진동 62-11,서울 동작구 노량진로 132,37.51334767153,126.940624166282
9328649,이앤이치과교정과치과의원,hospital,서울 동작구 사당동 134-3,서울 동작구 동작대로 123,37.487698748520245,126.98186113822494
1159113571,로코모 재활의학과의원,hospital,서울 동작구 노량진동 42-11,서울 동작구 노량진로 116,37.5131557556757,126.93885415539
1568774511,서울열린치과의원,hospital,서울 동작구 사당동 147-100,서울 동작구 동작대로 103,37.48578858639919,126.98169991254024
1158765362,사계절신경외과의원,hospital,서울 동작구 사당동 128-6,서울 동작구 동작대로29길 36,37.488276871378915,126.97985962501755
26911476,아이사랑소아청소년과의원,hospital,서울 동작구 상도동 478-24,서울 동작구 상도로53길 6,37.4977587634983,126.953295383621
253400936,경희한가람한의원,hospital,서울 동작구 사당동 1001-31,서울 동작구 사당로 264-1,37.48351906255413,126.97719031225681
579242319,윤슬재한의원,hospital,서울 동작구 사당동 1043-13,서울 동작구 동작대로 7,37.4771694431906,126.981117519057
22549832,좋은꿈참사랑한의원 노량진점,hospital,서울 동작구 상도동 17-61,서울 동작구 만양로2길 2,37.506263731706014,126.9477380528868
170040568,사당오케이마디튼튼의원,hospital,서울 동작구 사당동 318-12,서울 동작구 사당로 240,37.4829310067643,126.97427796529229
827344071,서울에스치과의원,hospital,서울 동작구 상도동 328-10,서울 동작구 국사봉1길 4,37.4987737194626,126.928854225631
446596508,윤수정의원,hospital,서울 동작구 사당동 145-2,서울 동작구 동작대로 109,37.48630846235268,126.98166247296723
16084198,페리오치과,hospital,서울 동작구 사당동 1007-40,서울 동작구 동작대로 85,37.484143334046,126.981629082435
609320799,척척박사한의원,hospital,서울 동작구 노량진동 119-221,서울 동작구 만양로 98,37.512083632362,126.94447196513
468331316,좋은이웃치과의원,hospital,서울 동작구 사당동 135-8,서울 동작구 동작대로 119,37.4872500489676,126.98187707657
61506226,상도팔팔한의원,hospital,서울 동작구 상도동 256-36,서울 동작구 성대로 36,37.4990483432972,126.933169409449
1592427670,경희동행한의원 사당,hospital,서울 동작구 사당동 253-1,서울 동작구 사당로17가길 22,37.4840596418645,126.972809987047
898922622,상도하늘애한의원,hospital,서울 동작구 상도동 476-4,서울 동작구 상도로 346,37.4976114048225,126.952060576175
579608216,더자연치과의원,hospital,서울 동작구 사당동 1046-11,서울 동작구 남부순환로 2057,37.4768876683299,126.97736191007
321199803,서울베스트마취통증의학과의원,hospital,서울 동작구 사당동 92-2,서울 동작구 동작대로29길 24,37.48814726960558,126.98071900510693
96000894,김범한의원,hospital,서울 동작구 상도동 324-72,서울 동작구 국사봉1길 11,37.49900460918945,126.92924076786831
1697216241,다나정형외과의원,hospital,서울 동작구 사당동 1031-28,서울 동작구 동작대로 25,37.4787453448116,126.981344368276
24064346,서울경희밸런스한의원,hospital,서울 동작구 상도동 475-1,서울 동작구 상도로 350,37.4971133401681,126.952535852645
9583938,한마음한의원,hospital,서울 동작구 노량진동 44-11,서울 동작구 노량진로 124,37.51327327948666,126.93961868060634
9615747,e해박난치과,hospital,서울 동작구 노량진동 73-3,서울 동작구 노량진로 152-1,37.51343978512201,126.94287950435513
8809132,그린시카고치과의원,hospital,서울 동작구 사당동 147-29,서울 동작구 사당로 300,37.4845396077364,126.980566162071
1369058186,연세와이즈치과의원,hospital,서울 동작구 흑석동 1-3,서울 동작구 현충로 75,37.509652071601984,126.96364831667863
1088497005,다담한의원,hospital,서울 동작구 대방동 405-11,서울 동작구 보라매로 113,37.4994615090239,126.927899103728
25528193,한국효재활요양병원,hospital,서울 은평구 응암동 96-1,서울 은평구 은평로 170,37.601090654837506,126.92667551020183
19244935,24시 스마트동물메디컬센터,hospital,서울 은평구 응암동 91-5,서울 은평구 은평로 93,37.5997831030917,126.918127139108
1109630121,체리성형외과의원,hospital,서울 서대문구 대현동 104-5,서울 서대문구 신촌역로 7,37.5574219787165,126.94256979783
10656194,세브란스병원 응급진료센터,hospital,서울 서대문구 신촌동 134,서울 서대문구 연세로 50-1,37.561888486571114,126.94127947782931
1736661295,동신병원 본관 응급실,hospital,서울 서대문구 홍은동 430,서울 서대문구 연희로 272,37.581477238717305,126.93648199041063
605201089,서울특별시은평병원 정신건강의학과 응급병동,hospital,서울 은평구 응암동 232-3,서울 은평구 백련산로 90,37.594117848162,126.923772293251
181467213,최원호병원 응급실,hospital,서울 은평구 녹번동 153-21,서울 은평구 서오릉로 45,37.6048233247702,126.92362547271
1990153950,은평연세병원 응급실,hospital,서울 은평구 갈현동 462-52,서울 은평구 연서로 177,37.6146922207054,126.917471992066
11240432,청구성심병원 응급의료센터,hospital,서울 은평구 갈현동 395-1,서울 은평구 통일로 873,37.6208600440572,126.919590165055
1447099421,가톨릭대학교 은평성모병원 응급의료센터,hospital,서울 은평구 진관동 55,서울 은평구 통일로 1021,37.63345200918554,126.91667406996615
983366366,응급실국물떡볶이 서울녹번점,hospital,서울 은평구 녹번동 131-29,서울 은평구 진흥로12가길 3,37.6083266676268,126.926937950397
7935583,서울특별시 은평병원,hospital,서울 은평구 응암동 232-3,서울 은평구 백련산로 90,37.594078192859094,126.92375421661063
1130946470,서울호흡안심병원,hospital,서울 서대문구 홍제동 234-2,서울 서대문구 세무서길 20,37.5889267829791,126.945784938957
1715589216,우리은행 365코너 세브란스병원1층 응급실,hospital,서울 서대문구 대신동 5,서울 서대문구 연세로 50-1,37.561938944046005,126.94128283372287
1689668632,마포척한방병원,hospital,서울 마포구 상수동 93-45,서울 마포구 와우산로 48,37.5485561181246,126.923440751064
19970495,늘봄한의원,hospital,서울 마포구 망원동 486-1,서울 마포구 망원로 86,37.55749063275629,126.90625595802504
327772617,에스엠씨요양병원,hospital,서울 마포구 성산동 200-22,서울 마포구 월드컵북로 165,37.5668836605743,126.909909300372
958515550,차연합비뇨의학과의원 합정역본점,hospital,서울 마포구 서교동 395-45,서울 마포구 양화로 66,37.5506044893416,126.916077207163
13726720,한그루치과병원,hospital,서울 마포구 도화동 566,서울 마포구 마포대로 78,37.5418965611011,126.94978841425795
386722487,조은이치과의원,hospital,서울 마포구 망원동 473-5,서울 마포구 방울내로 79,37.56069188623666,126.90402793571668
2085650061,서울효자정형외과의원,hospital,서울 마포구 서교동 441-3,서울 마포구 월드컵로 88,37.5567033212573,126.909934007238
127289465,공덕연세이비인후과의원,hospital,서울 마포구 도화동 25-13,서울 마포구 마포대로 92,37.54237235819933,126.95212471662458
27273245,유앤아이의원 홍대신촌점,hospital,서울 마포구 동교동 165-5,서울 마포구 양화로 162,37.55630498686982,126.92388439093669
1683146694,홍대입구 리더스정형외과의원,hospital,서울 마포구 동교동 166-13,서울 마포구 양화로18길 3,37.5570316310578,126.924570628502
2134273742,마포공덕튼튼본정형외과의원,hospital,서울 마포구 도화동 25-13,서울 마포구 마포대로 92,37.5424659729265,126.951905138541
13049332,신촌다인치과병원,hospital,서울 마포구 노고산동 57-1,서울 마포구 신촌로 94,37.55499311462319,126.93599859397659
1130777126,아이키소아청소년과의원,hospital,서울 마포구 아현동 275-2,서울 마포구 마포대로 231,37.5545555548001,126.956505734079
754963962,연세통합치과의원,hospital,서울 마포구 공덕동 479,서울 마포구 백범로31길 8,37.544952565577674,126.94935410307839
630117451,라이크치과의원,hospital,서울 마포구 노고산동 31-11,서울 마포구 신촌로 104,37.55471818701162,126.9374496971924
25667336,서울S치과의원,hospital,서울 마포구 망원동 377-4,서울 마포구 월드컵로13길 8,37.55590211151,126.909641850847
19734366,연세위더스의원,hospital,서울 마포구 동교동 166-1,서울 마포구 양화로 178,37.5575059641941,126.925212992591
1084610500,마포엄지척정형외과의원,hospital,서울 마포구 망원동 377-3,서울 마포구 월드컵로 79,37.5559401030274,126.909837596112
179289282,서교정형외과의원,hospital,서울 마포구 서교동 441-6,서울 마포구 월드컵로 80,37.55616129165817,126.9104213095325
655177111,365바른약속치과의원,hospital,서울 마포구 성산동 260-2,서울 마포구 월드컵로 134,37.5600679156772,126.906801653594
224182636,연세참의원,hospital,서울 마포구 성산동 232-4,서울 마포구 월드컵북로 69,37.55990210642782,126.91639387034297
571693017,공덕마디탄탄의원,hospital,서울 마포구 공덕동 456,서울 마포구 만리재로 14,37.5438971352884,126.95283549211484
1001089485,오블리주의원 홍대,hospital,서울 마포구 동교동 159-1,서울 마포구 양화로 165,37.55719508027281,126.92374201559902
26302982,마인드피부과의원,hospital,서울 마포구 동교동 166-13,서울 마포구 양화로18길 3,37.55698107971365,126.92442128759579
1475527706,리베리의원 마포점,hospital,서울 마포구 성산동 591-3,서울 마포구 월드컵로 200,37.5649568961762,126.902554419983
147602893,CVL의원,hospital,서울 마포구 연남동 373-7,서울 마포구 동교로 227-13,37.560881744656626,126.92341003177309
540467291,애플산부인과의원 홍대점,hospital,서울 마포구 동교동 166-13,서울 마포구 양화로18길 3,37.5569559039405,126.92450279946571
1221656715,연세굿닥터의원,hospital,서울 마포구 합정동 414,서울 마포구 양화로 45,37.5492590142095,126.913190771212
1856849287,반듯한정형외과 홍대점,hospital,서울 마포구 동교동 159-1,서울 마포구 양화로 165,37.5572094172166,126.923619770911
377785494,늘바른한의원,hospital,서울 마포구 망원동 377-4,서울 마포구 월드컵로13길 8,37.55583816500166,126.90967361675533
495321654,마포바로본정형외과의원,hospital,서울 마포구 도화동 572,서울 마포구 마포대로 89,37.54322013144112,126.94979318434555
1229655648,신촌맑음구강내과치과의원,hospital,서울 마포구 노고산동 40-36,서울 마포구 신촌로 116,37.5553116219697,126.938551507532
782928399,이화W산부인과의원,hospital,서울 마포구 아현동 733,서울 마포구 마포대로 208,37.5525050053439,126.956837378947
2139469974,자연치아살리기 합정모아치과의원,hospital,서울 마포구 서교동 392-20,서울 마포구 양화로 73,37.55143693201856,126.91596536986316
998661419,청구경희한의원 아현점,hospital,서울 마포구 아현동 291-2,서울 마포구 굴레방로 23-1,37.55613729074318,126.95539117873629
20280044,드림페이스의원,hospital,서울 마포구 동교동 173-16,서울 마포구 양화로 196,37.55835101234704,126.92650916474825
1406773186,오름치과의원,hospital,서울 마포구 망원동 377-3,서울 마포구 월드컵로 79,37.5559455737985,126.909922470077
435331051,바른정치과의원,hospital,서울 마포구 서교동 445-4,서울 마포구 월드컵북로 13,37.55608713985756,126.92008761477473
27236575,공덕경희한의원,hospital,서울 마포구 도화동 571,서울 마포구 도화길 43,37.5417877370124,126.950253544824
893447801,연세다온산부인과의원,hospital,서울 마포구 서교동 395-45,서울 마포구 양화로 66,37.5506044893416,126.916077207163
26054495,미소퀸산부인과의원,hospital,서울 마포구 도화동 250-1,서울 마포구 도화길 10,37.5398079084619,126.947408013612
555129916,간편한의원,hospital,서울 마포구 서교동 374-20,서울 마포구 양화로 105,37.5534137494178,126.918577383105
27561725,마인드맨션의원,hospital,서울 마포구 도화동 563,서울 마포구 마포대로 68,37.54134206396889,126.94889714816968
915525764,홍제온한의원,hospital,서울 서대문구 홍제동 172-5,서울 서대문구 통일로 437,37.58792175877555,126.94488328462467
11447233,리뉴미피부과의원 홍제점,hospital,서울 서대문구 홍제동 173-16,서울 서대문구 통일로 433,37.5875884929364,126.945100916586
911765365,서대문정형외과의원,hospital,서울 서대문구 미근동 332,서울 서대문구 충정로 70,37.5647724752957,126.966360686038
25159880,비움내과의원,hospital,서울 서대문구 남가좌동 328-32,서울 서대문구 증가로 98,37.57602020408011,126.92613407750238
646891448,연세에이스치과의원,hospital,서울 서대문구 남가좌동 344-26,서울 서대문구 증가로 132,37.5776039268449,126.922962721013
26772579,좋은경희한의원,hospital,서울 서대문구 북가좌동 485,서울 서대문구 수색로6길 17-6,37.571150397771255,126.91301142105485
1485289804,연세고마운치과의원 홍제점,hospital,서울 서대문구 홍제동 305-1,서울 서대문구 통일로 456,37.58938626159399,126.94379977643635
1865282428,가좌서울치과의원,hospital,서울 서대문구 북가좌동 300-2,서울 서대문구 응암로 76,37.579596019199606,126.91139741243198
20198693,홍제탑치과의원,hospital,서울 서대문구 홍제동 253-7,서울 서대문구 통일로 448,37.5887991234795,126.944452387132
26826148,몸편한재활의학과의원,hospital,서울 서대문구 남가좌동 295-10,서울 서대문구 수색로 40,37.56998457283242,126.9143292384887
1327044384,서울힘차게마취통증의학과의원,hospital,서울 서대문구 연희동 137-6,서울 서대문구 연희맛로 28,37.5672814140609,126.930520944715
19779572,할아버지한의원,hospital,서울 서대문구 홍제동 174-56,서울 서대문구 통일로 438,37.5881688454502,126.945345051739
2064487477,연세아름다운산부인과의원,hospital,서울 서대문구 대현동 45-8,서울 서대문구 신촌로 183,37.5570778058909,126.946420303061
14093814,애플산부인과의원 신촌점,hospital,서울 서대문구 창천동 18-52,서울 서대문구 신촌로 99,37.55568209770434,126.93715463991126
318055622,슬기로운치과의원,hospital,서울 서대문구 남가좌동 344-32,서울 서대문구 증가로 138,37.5777115695232,126.92223582104
2079862646,서울퍼스트치과의원,hospital,서울 서대문구 북가좌동 487,서울 서대문구 수색로 56,37.570654689767636,126.91279352866485
10927460,함종욱치과의원,hospital,서울 서대문구 대현동 27-20,서울 서대문구 신촌역로 16,37.55805476547647,126.94316236116282
1275939098,리얼라인치과의원,hospital,서울 서대문구 창천동 72-14,서울 서대문구 신촌로 73,37.5563077611153,126.934521672312
27321343,따뜻한인치과의원 연희점,hospital,서울 서대문구 연희동 188-2,서울 서대문구 연희로 97,37.5668038826103,126.93051459682
2011625992,서울유비뇨기과의원,hospital,서울 서대문구 충정로2가 2-2,서울 서대문구 통일로 135,37.56642464035306,126.96545442341852
9328663,이일우치과의원,hospital,서울 서대문구 북가좌동 431,서울 서대문구 응암로 32,37.5762674086291,126.908589348659
985542188,연세내일치과의원,hospital,서울 서대문구 북아현동 126-22,서울 서대문구 신촌로37길 10,37.557673233894,126.957128657485
18607943,이세연한의원,hospital,서울 서대문구 북가좌동 424-53,서울 서대문구 거북골로 170,37.5766588360639,126.911473344213
13495976,스카이플란트치과의원,hospital,서울 서대문구 홍제동 301-2,서울 서대문구 통일로 464,37.590076102014606,126.94313235801367
926682761,경희미소한의원,hospital,서울 서대문구 북가좌동 309-3,서울 서대문구 응암로 79,37.5801815820602,126.911286904099
1796330701,이지치과의원,hospital,서울 서대문구 연희동 163-24,서울 서대문구 연희로 239,37.5785269612026,126.935698831341
13510509,길치과의원,hospital,서울 서대문구 홍제동 469,서울 서대문구 통일로 397,37.585189391101,126.947616126054
12576910,연세더미소치과교정과의원,hospital,서울 서대문구 창천동 18-55,서울 서대문구 연세로 10-1,37.55648937474514,126.93712340472942
1457585968,새로한의원,hospital,서울 서대문구 남가좌동 390,서울 서대문구 거북골로 100,37.57533370077734,126.91673887172769
27426908,DMC플러스치과의원,hospital,서울 서대문구 남가좌동 384,,37.57505142088499,126.91635882396848
2033338705,윤구강악안면외과치과의원,hospital,서울 서대문구 남가좌동 388,서울 서대문구 증가로 150,37.57795421501562,126.92129594737641
1943866818,서울컬럼비아치과의원,hospital,서울 서대문구 연희동 188-7,서울 서대문구 연희로 85,37.5659962241243,126.929895069699
1161464208,서울본한의원,hospital,서울 서대문구 홍제동 478,서울 서대문구 통일로 339,37.5816009946797,126.950300654562
13027769,아현온누리한의원,hospital,서울 서대문구 북아현동 1015,서울 서대문구 신촌로35길 10,37.55817560965795,126.95609279574825
14390343,본디올신촌경희한의원,hospital,서울 서대문구 북아현동 1015,서울 서대문구 신촌로35길 10,37.55869551851875,126.95618303328554
1378782564,수연한의원,hospital,서울 서대문구 홍제동 173-16,서울 서대문구 통일로 433,37.5875920905858,126.945087327305
7890906,e아름다운치과,hospital,서울 서대문구 충정로3가 368,서울 서대문구 충정로 8,37.5597223415853,126.963180340093
1653236997,유한중치과의원,hospital,서울 서대문구 연희동 137-13,서울 서대문구 연희맛로 34,37.5677663580851,126.930875917078
27596560,신촌김지영한의원,hospital,서울 서대문구 창천동 20-26,서울 서대문구 신촌로 127,37.55648370227443,126.94007614288105
8047120,인정병원,hospital,서울 은평구 응암동 603-60,서울 은평구 응암로 164,37.5865336844203,126.916361828691
1453962252,바른생각치과의원,hospital,서울 은평구 응암동 589-1,서울 은평구 가좌로 233,37.5904224027904,126.916411825844
773543837,승리한의원,hospital,서울 은평구 응암동 577-45,서울 은평구 응암로 207,37.5905634334003,126.91708649794
1399883709,미래아산내과의원,hospital,서울 은평구 녹번동 250,서울 은평구 은평로 227,37.6012835678875,126.932903671224
1451504858,은평 포레스트한방병원,hospital,서울 은평구 녹번동 19-121,서울 은평구 통일로 636,37.60346982119136,126.93532517317658
8211482,기쁨병원,hospital,서울 서초구 서초동 1426-1,서울 서초구 서초중앙로 4,37.4827071747687,127.0180562492619
296916887,하루플란트치과의원,hospital,서울 서초구 서초동 1318,서울 서초구 강남대로 411,37.4991606798529,127.026511302958
1284357014,고르다치과의원 강남점,hospital,서울 서초구 서초동 1309-6,서울 서초구 강남대로69길 10,37.50176507327218,127.02424924723736
1542220404,메티의원,hospital,서울 서초구 반포동 722-20,서울 서초구 강남대로 527,37.509020436719794,127.02184588845397
813570462,강남스마일안과의원,hospital,서울 서초구 서초동 1318-2,서울 서초구 강남대로 405,37.4987741087317,127.026686452334
19706829,연세굿데이치과의원 양재점,hospital,서울 서초구 양재동 14-1,서울 서초구 강남대로 206,37.48266867607469,127.03650707110005
8560802,CU클린업피부과의원 강남점,hospital,서울 서초구 서초동 1305-7,서울 서초구 강남대로 429,37.5008682679298,127.025689735637
19228750,강남루덴치과의원,hospital,서울 서초구 서초동 1306-4,서울 서초구 서초대로77길 24,37.50002125627226,127.02599139482015
1933279677,메디스캔의원,hospital,서울 서초구 서초동 1328-3,서울 서초구 강남대로 369,37.4956490604046,127.028225531544
1363174571,CK성모안과의원,hospital,서울 서초구 잠원동 37-1,서울 서초구 강남대로 563,37.511944447261534,127.02044420593505
1194626327,루센트치과의원,hospital,서울 서초구 서초동 1303-3,서울 서초구 사평대로 368,37.50378077192432,127.02351251766046
116289040,오체안성형외과의원 신사점,hospital,서울 서초구 잠원동 21-1,서울 서초구 강남대로99길 9,37.5151901066574,127.01898933293381
63413085,르블랑치과의원,hospital,서울 서초구 반포동 723-1,서울 서초구 강남대로 519,37.508344610369186,127.0222358941157
61986534,광덕안정한방병원 강남,hospital,서울 서초구 서초동 1338-21,서울 서초구 강남대로 309,37.49062266676906,127.03054055664451
8005389,연세곰돌이소아청소년과의원,hospital,서울 서초구 방배동 796-27,서울 서초구 방배로 226,37.493338256264536,126.99039954399244
10663526,연세휴가정의학과의원,hospital,서울 서초구 서초동 1336-1,서울 서초구 사임당로 158,37.49185066156286,127.02717248297799
1370299434,서초바로본365의원,hospital,서울 서초구 방배동 1823,서울 서초구 동작대로 134,37.4885503268087,126.982699929209
347291711,반듯한정형외과의원 교대역점,hospital,서울 서초구 서초동 1692-3,서울 서초구 서초중앙로24길 10,37.4944414455535,127.014858874822
10633710,예미안치과,hospital,서울 서초구 서초동 1572-7,서울 서초구 서초대로 280,37.4929739893849,127.012393461336
1404247439,플로레스피부과의원,hospital,서울 서초구 방배동 1549,서울 서초구 동작대로 118,37.4870042036165,126.982744383064
223500687,뉴스타의원,hospital,서울 서초구 반포동 722,서울 서초구 강남대로 531,37.50932051537314,127.02160619610606
1070003070,그리니피부과의원,hospital,서울 서초구 방배동 450-25,서울 서초구 방배천로2길 5,37.4772066930645,126.983158157196
1315453502,픽셀랩성형외과의원,hospital,서울 서초구 서초동 1308-26,서울 서초구 서초대로73길 42,37.50117940252097,127.02433161455208
162765715,설명한의원 강남,hospital,서울 서초구 서초동 1342-4,서울 서초구 효령로 406,37.4882238817694,127.028130018657
1634943663,유케이한의원,hospital,서울 서초구 서초동 1671-5,서울 서초구 서초중앙로22길 25,37.493468284769584,127.01542973487281
23208904,아이투비산부인과의원,hospital,서울 서초구 방배동 773-17,서울 서초구 방배로 234,37.4941743495352,126.989904142908
217185970,서리풀성모여성의원,hospital,서울 서초구 방배동 908-2,서울 서초구 방배로 98,37.4831446015484,126.996881689042
1953689243,강남아이디의원,hospital,서울 서초구 서초동 1305-3,서울 서초구 강남대로 437,37.50136566139459,127.02551348303044
645348170,양재마디튼튼의원,hospital,서울 서초구 양재동 14-1,서울 서초구 강남대로 206,37.48272547240678,127.03640081897443
9788704,로하스한의원,hospital,서울 서초구 반포동 708-7,서울 서초구 사평대로57길 131,37.5097423330781,127.020784049314
2036764076,연세스탠다정형외과의원,hospital,서울 서초구 잠원동 20-9,서울 서초구 강남대로 605,37.5157505032055,127.01916140727
8004013,MCG치과,hospital,서울 서초구 서초동 1699-1,서울 서초구 서초중앙로 166,37.49665541281039,127.01323089556034
1773817127,마음감기 정신건강의학과의원,hospital,서울 서초구 서초동 1303-35,서울 서초구 강남대로 455,37.50293175630844,127.02482414228433
14526078,로앤산부인과의원 강남점,hospital,서울 서초구 서초동 1318-4,서울 서초구 강남대로 403,37.49845512384323,127.02681299658066
1470078887,강남르시엘여성의원,hospital,서울 서초구 양재동 14-1,서울 서초구 강남대로 206,37.4826686760747,127.0365070711
1800686268,양재굿본재활의학과의원,hospital,서울 서초구 서초동 1358-6,서울 서초구 강남대로 273,37.48750662708621,127.03188369965
1406125056,사과나무치과의원,hospital,서울 서초구 서초동 1330-10,서울 서초구 사임당로 175,37.49294592642,127.028694922846
317798270,애플산부인과의원 강남,hospital,서울 서초구 서초동 1317-20,서울 서초구 서초대로77길 3,37.49806055250073,127.02650525969585
11962964,사람사랑치과의원,hospital,서울 서초구 서초동 1305-5,서울 서초구 강남대로 435,37.5011602154355,127.025590315256
108128109,다시봄안과의원,hospital,서울 서초구 서초동 1672-9,서울 서초구 서초중앙로 130,37.4932621210198,127.014094224034
1814733189,스노우치과의원,hospital,서울 서초구 잠원동 37-7,서울 서초구 강남대로 557,37.511540763325,127.020639770989
1276875897,서초방배마디튼튼의원,hospital,서울 서초구 방배동 874-1,서울 서초구 방배로 169,37.4886270471617,126.992612975266
1751000087,연세서울비뇨의학과의원,hospital,서울 서초구 서초동 1692-3,서울 서초구 서초중앙로24길 10,37.4944414455607,127.014858874822
1433941175,서초탑정형외과의원,hospital,서울 서초구 서초동 1445-4,서울 서초구 서초중앙로 26,37.4846868485736,127.016991638928
133342503,메이드영성형외과의원,hospital,서울 서초구 서초동 1317-20,서울 서초구 서초대로77길 3,37.49806055250073,127.02650525969585
8328395,베스티안서울병원,hospital,서울 성동구 하왕십리동 1070-3,서울 성동구 왕십리로 382,37.56510190669102,127.02801402054763
1330228091,연세바로척병원,hospital,서울 성동구 성수동2가 279-44,서울 성동구 동일로 133,37.5444076965333,127.0648976088
26304363,유앤아이피부과의원 왕십리점,hospital,서울 성동구 행당동 286-5,서울 성동구 왕십리로 315,37.5617395329105,127.03429441091701
18619600,제인병원,hospital,서울 성동구 송정동 81-14,서울 성동구 광나루로 243,37.5494393754174,127.056939733908
1016844877,성동필한방병원,hospital,서울 성동구 용답동 99-2,서울 성동구 천호대로 282,37.566798395736,127.052152534787
1873908938,리더스365비뇨의학과의원,hospital,서울 성동구 성수동2가 315-73,서울 성동구 성수일로6길 53,37.54425016200407,127.05580874908019
1054771350,금호바른정형외과의원,hospital,서울 성동구 금호동2가 433,서울 성동구 금호산길 63,37.5539051568228,127.019325084439
12537036,연세W산부인과 왕십리점,hospital,서울 성동구 하왕십리동 966-14,서울 성동구 왕십리로 327,37.5624047712799,127.033235314754
1356822714,스페이스피부과의원,hospital,서울 성동구 옥수동 262-1,서울 성동구 독서당로 202,37.5430011964672,127.013347709802
8852578,다니엘의원,hospital,서울 성동구 성수동2가 289-10,서울 성동구 성수이로 113,37.5451433230062,127.057126571297
24632722,서울하이안치과의원,hospital,서울 성동구 행당동 286-5,서울 성동구 왕십리로 315,37.56172152939832,127.03423781124279
17198298,아이들소아청소년과의원,hospital,서울 성동구 행당동 267-23,서울 성동구 고산자로 234,37.56047786442675,127.03522191651552
748093714,신사임당한의원,hospital,서울 성동구 성수동1가 14-17,서울 성동구 아차산로 41,37.54696520082153,127.04897587762346
265384975,왕십리탑신경외과의원,hospital,서울 성동구 하왕십리동 966-11,서울 성동구 왕십리로 333,37.5627239091656,127.032571064329
680449027,경희최우수한의원,hospital,서울 성동구 금호동2가 500-15,서울 성동구 금호산길 51,37.55277801694466,127.01927273550963
153541220,애플산부인과의원 왕십리점,hospital,서울 성동구 행당동 286-5,서울 성동구 왕십리로 315,37.5617197280679,127.034235546762
1579744291,두나한의원,hospital,서울 성동구 성수동2가 314-5,서울 성동구 아차산로 92,37.544752748172,127.054243028418
1761472661,유니스산부인과의원,hospital,서울 성동구 성수동2가 317-3,서울 성동구 아차산로 120,37.54391070943242,127.05722294482239
1546136157,루나치과보존과치과의원,hospital,서울 성동구 성수동2가 300-4,서울 성동구 아차산로 103,37.5450430538412,127.055782182325
1563748790,서울필마취통증의학과의원,hospital,서울 성동구 금호동4가 1192,서울 성동구 장터길 34,37.54817476026784,127.01961216896811
1649857006,퀸즈의원,hospital,서울 성동구 금호동1가 481-5,서울 성동구 행당로 6,37.5544716264904,127.020841733928
1477747824,상왕십리경희한의원,hospital,서울 성동구 도선동 367,서울 성동구 왕십리로 360,37.5641552582559,127.03044717639058
2135665909,365더바른신경외과의원,hospital,서울 성동구 도선동 58-1,서울 성동구 왕십리로 326,37.562727140714,127.033894190964
2146561234,튼튼한의원,hospital,서울 성동구 하왕십리동 946-16,서울 성동구 왕십리로 363-1,37.5640455599632,127.029568805586
1980807351,리아한의원 성동점,hospital,서울 성동구 행당동 319-23,서울 성동구 고산자로 201,37.5580546086388,127.033763052269
1908182112,이로움한의원,hospital,서울 성동구 도선동 48,서울 성동구 왕십리로 320-1,37.5623207074772,127.034184889075
13036589,척본의원 성수본점,hospital,서울 성동구 성수동1가 656-281,서울 성동구 아차산로 33,37.547314093675716,127.04847593404246
1568781358,뉴엘라인의원,hospital,서울 성동구 성수동1가 14-35,서울 성동구 상원길 26,37.5462821516352,127.049197223351
15109658,임플라인치과의원 성동점,hospital,서울 성동구 성수동1가 14-18,서울 성동구 아차산로 49,37.54678725907631,127.0500372043904
1753504584,한의본가한의원 왕십리뉴타운지점,hospital,서울 성동구 도선동 402,서울 성동구 무학로 8,37.56473012060325,127.03034327794852
26846661,서울미래치과의원,hospital,서울 성동구 행당동 168-151,서울 성동구 왕십리광장로 17,37.5606588335802,127.038526893773
12560847,한누리한의원,hospital,서울 성동구 행당동 286-18,서울 성동구 왕십리로21길 6,37.5617992569374,127.033393501921
18582777,유노부부치과의원,hospital,서울 성동구 옥수동 560,서울 성동구 독서당로40길 39,37.54162028327029,127.01776380391735
16906915,쾌한의원,hospital,서울 성동구 행당동 212-5,서울 성동구 왕십리로 294-2,37.56045771057801,127.0363174984433
1844354894,밝은달한의원,hospital,서울 성동구 금호동2가 448,서울 성동구 무수막길 97,37.55433034352839,127.01983333502099
1824829737,서울큰나무치과의원,hospital,서울 성동구 상왕십리동 811,서울 성동구 마장로 137,37.57060789365031,127.02390705727727
859728285,하늘봄한의원,hospital,서울 성동구 하왕십리동 1070,서울 성동구 왕십리로 410,37.565002342642174,127.02986799956845
8688532,경희나래한의원,hospital,서울 성동구 용답동 1-2,서울 성동구 천호대로 312,37.5650241283714,127.054601814429
1427875523,금호바로한의원,hospital,서울 성동구 금호동3가 1331,서울 성동구 동호로 102,37.5488789269695,127.016422276493
8754999,경희자람한의원,hospital,서울 성동구 하왕십리동 966-13,서울 성동구 왕십리로 329,37.562520157263,127.033027107356
63532125,365온가정의원,hospital,서울 중구 신당동 855,서울 중구 왕십리로 407,37.564780087817184,127.0247099577007
1331809602,모두탑365정형외과의원 신당점,hospital,서울 중구 황학동 730,서울 중구 퇴계로 429,37.565795612816,127.019330419474
1090408214,연세센텀치과의원,hospital,서울 중구 황학동 2475,서울 중구 퇴계로 453,37.565615819712164,127.0221476407199
1329036089,화인마취통증의학과의원 신당왕십리점,hospital,서울 중구 황학동 688,서울 중구 퇴계로 447,37.56590333852849,127.02160215402743
1533389234,성북우리아이들병원,hospital,서울 성북구 하월곡동 88-470,서울 성북구 동소문로46길 10,37.606886041398596,127.02930715781481
202729757,더서울병원,hospital,서울 성북구 동선동4가 53,서울 성북구 아리랑로 16,37.594235012381,127.016504707015
49189905,서울제이내과,hospital,서울 성북구 동소문동4가 260,서울 성북구 동소문로 63,37.5916695093348,127.012215056764
248178452,월곡튼튼정형외과의원,hospital,서울 성북구 하월곡동 16-3,서울 성북구 화랑로 102,37.6031462928296,127.043135240065
1633584023,모두탑365정형외과의원 성신여대입구역점,hospital,서울 성북구 동소문동6가 143-5,서울 성북구 아리랑로 7,37.5933701295403,127.01600177142
1261387796,길음아산척신경외과의원,hospital,서울 성북구 길음동 542-1,서울 성북구 길음로 11,37.603953621143845,127.02397774542557
1138886335,연세고마운치과의원,hospital,서울 성북구 하월곡동 88-71,서울 성북구 동소문로 304,37.6069114243472,127.028675225612
1085129579,성모365코끼리정형외과의원,hospital,서울 성북구 종암동 83-3,서울 성북구 종암로21길 47,37.6005394042254,127.032957842866
802256082,미올한방병원 성북점,hospital,서울 성북구 동선동1가 1-2,서울 성북구 동소문로 106,37.59257440135071,127.01708860478499
1230388891,성북탑내과의원,hospital,서울 성북구 길음동 542-1,서울 성북구 길음로 11,37.603722212365824,127.02324949647894
1122552667,더플러스성모의원,hospital,서울 성북구 동선동1가 2-5,서울 성북구 동소문로20가길 12,37.5922599522024,127.017108914119
2053020160,애플산부인과의원 성신여대점,hospital,서울 성북구 동소문동6가 147,서울 성북구 아리랑로 9,37.59375845068763,127.01604827942217
9253473,연세휴치과의원 종암점,hospital,서울 성북구 종암동 3-686,서울 성북구 종암로 122,37.60116355207341,127.03380177533442
1935563129,성북본튼튼의원,hospital,서울 성북구 동소문동5가 75,서울 성북구 동소문로 98,37.5922519752983,127.016172507901
1936513152,큰길한의원,hospital,서울 성북구 종암동 3-1192,서울 성북구 종암로 110,37.60011014672271,127.03431201553865
26924601,서울경희통합의원,hospital,서울 성북구 동소문동3가 29,서울 성북구 동소문로 40,37.59011637015326,127.0104280992803
1367783220,이화의원,hospital,서울 성북구 삼선동1가 35,서울 성북구 삼선교로 14,37.5875478715081,127.007361690732
1057146837,돌곶이효자정형외과의원,hospital,서울 성북구 석관동 242-1,서울 성북구 화랑로 254,37.610726528631,127.05744398447
1492027246,이상한나라앨리스치과의원,hospital,서울 성북구 길음동 864-18,서울 성북구 도봉로 3,37.60946634009515,127.02984726481175
16041248,온누리산부인과의원,hospital,서울 성북구 하월곡동 67-30,서울 성북구 오패산로 10,37.6033012726676,127.037855810037
1459525274,호랑이신경외과의원,hospital,서울 성북구 종암동 3-1342,서울 성북구 종암로 129,37.60148732153152,127.03268761011213
1595679602,365본맥한의원,hospital,서울 성북구 정릉동 397-14,서울 성북구 보국문로 51,37.6091102334106,127.009548497096
1922667025,장위365경희한의원,hospital,서울 성북구 장위동 143,서울 성북구 장월로38길 4,37.6179569861598,127.051536955789
45182661,현백한의원,hospital,서울 성북구 길음동 864-18,서울 성북구 도봉로 3,37.609426697421455,127.02984385131668
1641410624,더서울치과의원,hospital,서울 성북구 동선동4가 53,서울 성북구 아리랑로 16,37.594206185076565,127.01647299568062
20376394,김세진 소아청소년과의원,hospital,서울 성북구 하월곡동 46-73,서울 성북구 화랑로 76,37.6018227891824,127.040446073665
9876884,성모치과의원,hospital,서울 성북구 동선동1가 2-11,서울 성북구 동소문로20가길 2,37.5921014273327,127.016762397579
1297123750,오르세정형외과의원,hospital,서울 성북구 길음동 542-1,서울 성북구 길음로 11,37.60371500109677,127.0232664812005
435757180,삼성맑은의원한의원,hospital,서울 성북구 길음동 1284,서울 성북구 길음로 33,37.60604705161756,127.02175532039061
731349180,햇살가득한의원,hospital,서울 성북구 석관동 255-2,서울 성북구 돌곶이로 75,37.6100868089499,127.05747973439
5001703,굿모닝치과의원,hospital,서울 성북구 석관동 255-11,서울 성북구 돌곶이로23길 3,37.609931781441745,127.05759740116713
14724400,서호종의원,hospital,서울 성북구 장위동 65-177,서울 성북구 화랑로 201,37.6085755799017,127.052246245964
400128684,종암본정형외과의원,hospital,서울 성북구 종암동 3-1343,서울 성북구 종암로 123,37.6010132668953,127.033166417808
1644052421,서울바른닥터치과의원,hospital,서울 성북구 하월곡동 27-114,서울 성북구 화랑로11길 5,37.60258471536965,127.04134564924055
2083588870,유심한의원,hospital,서울 성북구 보문동1가 9-8,서울 성북구 보문로 144,37.58789446881737,127.0182797673875
27181837,연세바른치과의원,hospital,서울 성북구 동소문동6가 130,서울 성북구 동소문로 97,37.592773669246284,127.01602881887442
9983743,중국진한의원,hospital,서울 성북구 석관동 248-5,서울 성북구 돌곶이로 64,37.609483457696655,127.05867750977625
10303195,예한의원,hospital,서울 성북구 동소문동6가 133-1,서울 성북구 아리랑로 3,37.5931214329581,127.01616929914
838575913,안암부부한의원,hospital,서울 성북구 안암동5가 102-32,서울 성북구 고려대로24길 36,37.584585609798914,127.02927576955629
1418504085,한성한의원,hospital,서울 성북구 동소문동2가 10,서울 성북구 동소문로 8,37.58865700585308,127.0071602619211
16446865,이스터치과의원,hospital,서울 성북구 종암동 132,서울 성북구 종암로 132,37.6018068790142,127.033732987837
229329326,이안한의원,hospital,서울 성북구 동선동1가 2-5,서울 성북구 동소문로20가길 12,37.5922599522024,127.017108914119
1586028290,새힘한의원,hospital,서울 성북구 종암동 3-1245,서울 성북구 종암로22길 12-8,37.5995720638547,127.034964031732
7887607,바른몸한의원,hospital,서울 성북구 길음동 33-3,서울 성북구 도봉로 27,37.61161064095439,127.03005764981793
788380377,톡바른경희한의원 성북점,hospital,서울 성북구 석관동 242-1,서울 성북구 화랑로 254,37.61069950999262,127.05742131228514
422989477,위례24시한결같은동물병원,hospital,경기 성남시 수정구 창곡동 562-1,경기 성남시 수정구 위례광장로 21-9,37.4653043989993,127.140174178086
8139838,한솔병원,hospital,서울 송파구 석촌동 174-13,서울 송파구 송파대로 445,37.50607734400741,127.10591247550776
458068044,연세우리병원,hospital,서울 송파구 잠실동 250-14,서울 송파구 백제고분로 185,37.5048122321377,127.087307389463
9195533,뉴스타트병원,hospital,서울 송파구 가락동 159-7,서울 송파구 송이로 76,37.4990807270124,127.119461865324
26318900,서울석병원,hospital,서울 송파구 가락동 122-6,서울 송파구 송이로 148,37.4937979884601,127.12396987394169
24375290,빠른병원,hospital,서울 송파구 송파동 20-7,서울 송파구 백제고분로 405,37.507415417269,127.109771101655
18995655,강남수병원,hospital,서울 송파구 삼전동 38-5,서울 송파구 삼전로2길 11,37.50133700076128,127.08615320122632
1322575016,하이엔소아청소년과의원,hospital,서울 송파구 거여동 639,서울 송파구 위례북로1길 22,37.4883697630048,127.149377227588
2100609353,아이엠유의원,hospital,서울 송파구 신천동 28,서울 송파구 잠실로 지하 156,37.51207435727528,127.10084693360182
952699453,송파365의원,hospital,서울 송파구 문정동 618,서울 송파구 송파대로 111,37.48041269618722,127.12475387511577
1436080972,다나라의원한의원,hospital,서울 송파구 석촌동 14-13,서울 송파구 백제고분로 279,37.50272008801216,127.0976767751354
1648573991,마디쌩쌩신경외과의원,hospital,서울 송파구 가락동 112-9,서울 송파구 중대로 118,37.49364996534024,127.12161756573263
1539954009,서울0.1치과의원,hospital,서울 송파구 방이동 149-8,서울 송파구 백제고분로 488,37.51377634996784,127.11467696431379
1456194787,드림365내과의원,hospital,서울 송파구 가락동 193-5,서울 송파구 동남로 200,37.4951257862424,127.130916446473
2114146808,유퍼스트이비인후과의원,hospital,서울 송파구 거여동 604-4,서울 송파구 위례서로 234,37.4855445289846,127.141801717587
26576442,마천한의원,hospital,서울 송파구 마천동 128-16,서울 송파구 마천로41길 14,37.49702164502018,127.14904615729505
496058878,파트너정형외과의원,hospital,서울 송파구 문정동 652-3,서울 송파구 송파대로 141,37.4827982487569,127.123340023571
26555271,예본한의원,hospital,서울 송파구 신천동 7-11,서울 송파구 올림픽로35길 137,37.51592716959336,127.09964293347551
7970795,잠실SU연세안과의원,hospital,서울 송파구 신천동 7-25,서울 송파구 송파대로 558,37.5151225086039,127.09971991118
641675090,송파굿정형외과의원,hospital,서울 송파구 방이동 110-3,서울 송파구 백제고분로 460,37.5114773844778,127.113333130424
20348389,유앤아이의원 잠실점,hospital,서울 송파구 잠실동 40-1,서울 송파구 올림픽로 240,37.51050381019892,127.09665200254055
15629142,킴스의원,hospital,서울 송파구 거여동 31-11,서울 송파구 오금로 518,37.49279927341725,127.146369109956
9997853,풍성내과의원,hospital,서울 송파구 풍납동 392-2,서울 송파구 올림픽로45길 19,37.5270370702608,127.115841008892
1252682191,서울통정형외과의원 잠실점,hospital,서울 송파구 잠실동 184-1,서울 송파구 올림픽로 116,37.51140315789608,127.08346151760568
1672068961,송파센텀정형외과,hospital,서울 송파구 거여동 35,서울 송파구 오금로 543,37.4930257087244,127.149025777701
1965296032,G5연합의원,hospital,서울 송파구 문정동 632,서울 송파구 충민로 52,37.47772710281364,127.12273362244586
1107658538,행복365의원,hospital,서울 송파구 삼전동 1-1,서울 송파구 석촌호수로 130,37.50723726149787,127.09150737326182
1234525168,애플산부인과 잠실,hospital,서울 송파구 잠실동 184,서울 송파구 올림픽로 114,37.5113862335109,127.08318551824892
1449353810,더365치과의원,hospital,서울 송파구 잠실동 184-7,서울 송파구 올림픽로 130,37.51132797651145,127.08528018927997
23700547,더웰스의원,hospital,서울 송파구 잠실동 181,서울 송파구 올림픽로 96,37.51146419150626,127.08121302068284
302981797,서울기운찬정형외과의원,hospital,서울 송파구 잠실동 208-8,서울 송파구 석촌호수로 76,37.5095336795454,127.085828964246
9060254,블루비뇨기과의원 잠실점,hospital,서울 송파구 잠실동 183,서울 송파구 올림픽로12길 5,37.51106644256334,127.08309241619264
1702557195,이음채한의원,hospital,서울 송파구 잠실동 184-8,서울 송파구 올림픽로 132,37.51123960382276,127.0853830156896
9924875,이튼치과의원,hospital,서울 송파구 석촌동 296-5,서울 송파구 가락로 120,37.5015772652306,127.109382565251
1632501733,해누리한의원,hospital,서울 송파구 석촌동 253,서울 송파구 가락로6길 5,37.4991532200422,127.102736222918
854313589,김미경산부인과의원,hospital,서울 송파구 문정동 618,서울 송파구 송파대로 111,37.4815618597601,127.122672057479
15292237,연세우리치과의원,hospital,서울 송파구 잠실동 184-9,서울 송파구 석촌호수로 58,37.51106835919648,127.08545747077194
373013753,송파문정단단정형외과의원,hospital,서울 송파구 문정동 642-3,서울 송파구 법원로 128,37.48723239921265,127.12131883203654
1052537117,365아이엠유의원,hospital,서울 송파구 장지동 201-5,서울 송파구 송파대로 지하 82,37.4781196553229,127.126424430907
1990530399,위튼한의원 잠실점,hospital,서울 송파구 석촌동 286-9,서울 송파구 백제고분로 358,37.5042940931077,127.106093171944
1596393869,오늘하루치과의원,hospital,서울 송파구 문정동 644,서울 송파구 법원로11길 11,37.484782379052554,127.11883645006061
1528022770,굿본재활의학과의원 위례점,hospital,서울 송파구 장지동 884,서울 송파구 위례광장로 230,37.478520403617296,127.1431846997546
968984453,영드림의원,hospital,서울 송파구 삼전동 180,서울 송파구 백제고분로 262,37.50226694578141,127.0953939681108
2025263628,마천본튼튼의원,hospital,서울 송파구 거여동 697,서울 송파구 거마로 56,37.496360271398665,127.14835842279373
142035709,서울준치과의원,hospital,서울 송파구 송파동 48-11,서울 송파구 오금로 154,37.5101363798175,127.1117679937642
1422302946,가톨릭대학교 부천성모병원 응급의료센터,hospital,경기 부천시 원미구 소사동 2,경기 부천시 원미구 소사로 327,37.486646916595326,126.7926510269233
11254530,부천세종병원 응급실,hospital,경기 부천시 소사구 소사본동 91-121,경기 부천시 소사구 호현로489번길 28,37.4809907801339,126.791334801511
449829015,더건강한365의원,hospital,서울 양천구 신정동 1191-11,서울 양천구 신월로 280,37.52117876657743,126.85191258423657
814050384,서울메디탑내과의원,hospital,서울 양천구 신정동 922-1,서울 양천구 오목로 147,37.5249138145628,126.85367564109433
301839338,연세바로치과교정과치과의원 목동점,hospital,서울 양천구 신정동 1191-7,서울 양천구 신월로 274,37.5214070665624,126.851470957909
13511582,목동서울정형외과의원,hospital,서울 양천구 목동 606-16,서울 양천구 등촌로 234,37.55042570213182,126.86430862161178
382645554,바른지성한방병원,hospital,서울 양천구 신정동 994-5,서울 양천구 목동로 189,37.525311087889854,126.8641787747691
776206630,더365치과의원,hospital,서울 양천구 목동 408-115,서울 양천구 오목로 280,37.52513099619232,126.86825169003231
208090751,서울건탑재활의학과의원,hospital,서울 양천구 목동 792-5,서울 양천구 등촌로 30,37.5327154142989,126.864091808316
167810836,제이본정형외과,hospital,서울 양천구 목동 966,서울 양천구 목동중앙북로 68,37.5465747840058,126.87068537097
808290933,한양류마미소내과의원,hospital,서울 양천구 신정동 1190-4,서울 양천구 중앙로 275,37.52078997094671,126.85226176499182
1369679654,베스트성모정형외과,hospital,서울 양천구 신월동 550-3,서울 양천구 신월로 164,37.51776014738037,126.84201035118502
490118825,라온휴한방병원,hospital,서울 양천구 신월동 550-3,서울 양천구 신월로 164,37.5177601579715,126.842018269304
1116545969,신정경희한의원,hospital,서울 양천구 신정동 922-34,서울 양천구 오목로 151-1,37.5249244947835,126.854297819496
1823225826,삼성플란트치과의원,hospital,서울 양천구 신정동 1183-10,서울 양천구 중앙로 259,37.51939597406459,126.8528663054004
2000447736,하트온치과의원,hospital,서울 양천구 목동 721-2,서울 양천구 등촌로 110,37.53978543517448,126.86398279964678
371107375,목동연세365의원,hospital,서울 양천구 목동 405-25,서울 양천구 오목로 344,37.52415236042497,126.87559302553284
1615545650,목동깨비365의원,hospital,서울 양천구 목동 615-1,서울 양천구 목동중앙북로4길 6,37.548471428739134,126.86430084800766
1406197164,원정형외과의원,hospital,서울 양천구 목동 606-14,서울 양천구 등촌로 230,37.55007056012765,126.86417912551283
1195442167,힘찬경희생생한방병원 목동점,hospital,서울 양천구 목동 405-25,서울 양천구 오목로 344,37.524046806282584,126.8754631060922
536919527,목동튼튼마취통증의학과의원,hospital,서울 양천구 신정동 900-10,서울 양천구 목동로 203,37.5267063102677,126.863806310627
2022585871,서울큰치과의원,hospital,서울 양천구 신정동 1183-12,서울 양천구 중앙로 255-1,37.5191636427909,126.852968568183
1835124149,목동오케이정형외과의원,hospital,서울 양천구 신정동 900-14,서울 양천구 목동로 201,37.526459581136,126.863932332893
131130854,서울연세신경외과의원,hospital,서울 양천구 신정동 907-12,서울 양천구 오목로 199,37.525640969141,126.859653047482
26571394,자연과한의원 목동,hospital,서울 양천구 신정동 995-6,서울 양천구 목동로 177,37.52435190122391,126.86450971118288
25771075,연세고운미소치과 목동점,hospital,서울 양천구 목동 406-21,서울 양천구 오목로 325,37.525105139401795,126.87344428464081
2031843773,연세조앤조치과의원,hospital,서울 양천구 목동 404-137,서울 양천구 신목로 98,37.523366589177336,126.87550043670429
706012545,꼼꼼치과,hospital,서울 양천구 신정동 323-6,서울 양천구 목동서로 383,37.515892537881,126.861529760628
1336510505,좋은성모재활의학과의원,hospital,서울 양천구 목동 602-2,서울 양천구 공항대로 566,37.54896043394364,126.86806717342968
1609939670,오늘편한치과의원,hospital,서울 양천구 목동 514-4,서울 양천구 공항대로 626,37.5466092942155,126.874274744122
2017138231,화이팅한의원,hospital,서울 양천구 신정동 323-11,서울 양천구 목동동로 67,37.5156765580375,126.862524424606
18068865,임의성마취통증의학과의원,hospital,서울 양천구 목동 613-1,서울 양천구 목동중앙북로7가길 61,37.5497452211655,126.864110685421
16443914,연세 크리스마스치과의원,hospital,서울 양천구 목동 406-202,서울 양천구 목동동로 260,37.5257624351492,126.874726050655
407247035,해율한의원 목동점,hospital,서울 양천구 목동 406-28,서울 양천구 오목로 345,37.5247760954762,126.875822768748
1963686094,목동성모정형외과의원,hospital,서울 양천구 목동 917-9,서울 양천구 목동동로 293,37.5281782237147,126.875771876431
401347527,목동샤인치과의원,hospital,서울 양천구 목동 602-2,서울 양천구 공항대로 566,37.54896943631947,126.8680603677533
165015148,다짐치과,hospital,서울 양천구 신월동 536-3,서울 양천구 신월로 177,37.51905862867899,126.84278812957
2004248190,서울목동마취통증의학과의원,hospital,서울 양천구 목동 960,서울 양천구 목동중앙북로 7,37.54901673285661,126.86447526294964
1372589319,목동연세일등의원,hospital,서울 양천구 신정동 994-2,서울 양천구 오목로 238,37.52589196182984,126.86394241414446
18598333,에버스마일치과교정과치과의원,hospital,서울 양천구 목동 962,서울 양천구 오목로 299,37.52538471863953,126.8711925680186
371746596,대힐마취통증의학과의원,hospital,서울 양천구 목동 406-28,서울 양천구 오목로 345,37.5247760954762,126.875822768748
16536324,신영한의원,hospital,서울 양천구 신월동 228-1,서울 양천구 곰달래로 48,37.52986625724572,126.83820386267202
147054949,삼성탑가정의학과의원,hospital,서울 양천구 신정동 282-2,서울 양천구 목동동로8길 23,37.516855250154215,126.87148662393496
25807048,행복플란트치과의원,hospital,서울 양천구 목동 792-6,서울 양천구 등촌로 28,37.532536918895744,126.86400727822605
1132242866,올스마일치과의원 목동점,hospital,서울 양천구 목동 405-171,서울 양천구 목동동로 212,37.52452485087457,126.87173366006472
2029054602,미유인한의원,hospital,서울 양천구 신정동 895-21,서울 양천구 목동로25길 12,37.52804756951731,126.8627415638872
22099886,한강수병원,hospital,서울 영등포구 양평동1가 28-4,서울 영등포구 영등포로 83,37.522392552711715,126.89093773633435
26341977,참본정형외과의원,hospital,서울 영등포구 당산동3가 264,서울 영등포구 당산로 118,37.5251316036025,126.89696344462
17348584,아란태산부인과소아과의원,hospital,서울 영등포구 문래동3가 77-1,서울 영등포구 선유로 64,37.5197118975866,126.889781033958
1929918665,블루비뇨의학과의원 영등포점,hospital,서울 영등포구 영등포동3가 10-15,서울 영등포구 영중로2길 1,37.51686139748997,126.90684297073203
26911482,박상준의원,hospital,서울 영등포구 당산동5가 32-2,서울 영등포구 양평로 53,37.5343175709114,126.900417459741
15224836,서울스타의원,hospital,서울 영등포구 신길동 259-9,서울 영등포구 가마산로69가길 12,37.50611995514428,126.9095842631156
2122784827,서울센텀턱구강내과치과의원,hospital,서울 영등포구 여의도동 35,서울 영등포구 국제금융로6길 26,37.52175813142396,126.92703376021376
1175453695,신길튼튼365정형외과의원,hospital,서울 영등포구 신길동 255-9,서울 영등포구 가마산로 483,37.506117020483515,126.91046304442231
1743013822,바라본신경외과의원,hospital,서울 영등포구 신길동 4975,서울 영등포구 신풍로 28,37.4998138329641,126.909603176267
252589786,연세디자인치과의원,hospital,서울 영등포구 신길동 115-14,서울 영등포구 도신로 228,37.51172748714303,126.9164928783419
36345430,여의도신경외과의원,hospital,서울 영등포구 여의도동 24,서울 영등포구 국제금융로2길 7,37.5246493273765,126.92683862892
16819144,하얀나라 린피부과 서울영등포점,hospital,서울 영등포구 문래동3가 55-5,서울 영등포구 당산로 34,37.51724471928924,126.89752855597156
26928036,서울그랜드치과의원,hospital,서울 영등포구 당산동6가 338-1,서울 영등포구 양평로 64,37.53516145364325,126.89999770982304
1314451172,닥터알의원,hospital,서울 영등포구 당산동6가 216-20,서울 영등포구 양평로 12,37.532685035646246,126.90488409187154
197488387,당산원치과의원,hospital,서울 영등포구 당산동6가 304-1,서울 영등포구 당산로 231,37.5345206108736,126.901869928988
19970498,당산정형외과의원,hospital,서울 영등포구 당산동6가 217-1,서울 영등포구 양평로 20,37.53308534373349,126.90409613244313
172896524,본라인한의원 문래점,hospital,서울 영등포구 문래동3가 55-20,서울 영등포구 경인로 775,37.51474624400948,126.89753649663847
26986241,아이엘산부인과소아청소년과의원,hospital,서울 영등포구 당산동6가 224,서울 영등포구 양평로 32,37.5336781392967,126.902916450254
1171743343,서울365의원,hospital,서울 영등포구 영등포동8가 35-1,서울 영등포구 영중로 119,37.52684500617701,126.9052082716223
15262821,이엘치과의원,hospital,서울 영등포구 당산동5가 16-3,서울 영등포구 당산로 223,37.5337343277694,126.901137808804
26830634,반듯한치과의원,hospital,서울 영등포구 당산동4가 39-5,서울 영등포구 당산로 159,37.5288623047308,126.897600909399
194622918,서울본재활의학과의원,hospital,서울 영등포구 당산동4가 38-1,서울 영등포구 국회대로 559,37.5283606869505,126.896841345539
457858739,아산연산부인과의원,hospital,서울 영등포구 신길동 4975,서울 영등포구 신풍로 28,37.4998138329641,126.909603176267
2108187404,서울고마운정형외과의원,hospital,서울 영등포구 여의도동 525,서울 영등포구 국제금융로 39,37.5242963675353,126.930201086129
19184380,맑은숲한의원 영등포당산점,hospital,서울 영등포구 당산동5가 16-4,서울 영등포구 당산로 223,37.53370912250805,126.9011649957856
380990131,언제든내과의원,hospital,서울 영등포구 당산동4가 80,서울 영등포구 당산로41길 11,37.53083231668566,126.89809035832742
948974916,365탄탄한의원,hospital,서울 영등포구 문래동3가 82-8,서울 영등포구 문래로 79-4,37.51981030607,126.890966381136
1294475266,에이스여성의원,hospital,서울 영등포구 여의도동 23-8,서울 영등포구 국제금융로2길 32,37.5238187276956,126.924178727322
1417789259,이수진한의원,hospital,서울 영등포구 양평동5가 26-8,서울 영등포구 양평로 127,37.537847045307046,126.89348366201983
27392313,로앤산부인과의원 여의도점,hospital,서울 영등포구 여의도동 37,서울 영등포구 의사당대로 108,37.52101108870082,126.92399944319683
52148154,아라외과의원,hospital,서울 영등포구 여의도동 43,서울 영등포구 국제금융로 70,37.5214945312679,126.930678808809
135632350,신길베스트마취통증의학과의원,hospital,서울 영등포구 신길동 115-1,서울 영등포구 도신로60길 2,37.511781778783664,126.91682082921041
27587660,선한의원 영등포점,hospital,서울 영등포구 영등포동3가 10-15,서울 영등포구 영중로2길 1,37.516863198595665,126.90684183734344
304306531,서울슬기로운치과의원,hospital,서울 영등포구 당산동5가 16-7,서울 영등포구 양평로 47,37.5338819589994,126.90097921692
1129262604,퍼스트윤신경외과의원,hospital,서울 영등포구 당산동2가 165,서울 영등포구 당산로 83,37.52227311206133,126.8953553703598
1708794396,서울아크로치과의원,hospital,서울 영등포구 영등포동7가 204,서울 영등포구 국회대로54길 10,37.52299401680705,126.90620298147722
308980275,베토벤이비인후과,hospital,서울 영등포구 당산동6가 217-2,서울 영등포구 양평로 22,37.5331311678278,126.903939941135
12643808,라온치과의원,hospital,서울 영등포구 영등포동3가 2-21,서울 영등포구 영등포로 254,37.5186799592054,126.909596258846
1269434118,경희부강한의원,hospital,서울 영등포구 신길동 252-1,서울 영등포구 신길로 145,37.50520695912063,126.91040192770518
1271013844,서울연세감성치과의원,hospital,서울 영등포구 신길동 424-3,서울 영등포구 신풍로 23,37.50036886822402,126.90845351133132
1789919888,신길정성치과의원,hospital,서울 영등포구 신길동 259-6,서울 영등포구 가마산로 480,37.5056496811937,126.909650427178
319008811,성모참플러스정형외과의원,hospital,서울 영등포구 문래동6가 5,서울 영등포구 선유로 63,37.51966531544923,126.88910691181182
512673571,연세더순수치과,hospital,서울 영등포구 문래동3가 82-19,서울 영등포구 문래로 87,37.519641538241,126.891640817171
249887346,서울센트럴치과,hospital,서울 영등포구 양평동4가 117,서울 영등포구 양평로 116-1,37.53770402877633,126.8947590263637
2086147106,아크로내과의원,hospital,서울 영등포구 영등포동7가 203,서울 영등포구 국회대로54길 10,37.52309934227698,126.90608746269187
7963391,소화의원,hospital,서울 용산구 서계동 224-32,서울 용산구 청파로 383,37.5537737341553,126.968651681036
1880611635,용산튼튼의원,hospital,서울 용산구 갈월동 93-30,서울 용산구 한강대로77길 12,37.5421507664762,126.971898388862
701099708,라파엘한의원,hospital,서울 용산구 한강로2가 422,서울 용산구 한강대로 95,37.52881729523167,126.96665401542255
846949265,오늘정신건강의학과의원,hospital,서울 용산구 한강로2가 420,서울 용산구 한강대로 69,37.52745101514674,126.96539773771214
1654517871,페이브피부과의원 용산,hospital,서울 용산구 한강로2가 420,서울 용산구 한강대로 69,37.52704000101301,126.96486508326676
74071056,인터서울치과의원,hospital,서울 용산구 한강로2가 422,서울 용산구 한강대로 95,37.5294527207008,126.96744001432313
1394321792,이성화한의원,hospital,서울 용산구 청파동2가 1-17,서울 용산구 효창원로93길 2,37.54855093037533,126.96337481792918
488840246,서울역예치과의원,hospital,서울 용산구 서계동 219-1,서울 용산구 청파로 395,37.5548675699381,126.96874402427943
9815113,샘치과의원,hospital,서울 용산구 한남동 72-17,서울 용산구 독서당로 65-3,37.5339736622643,127.007928914384
1289015900,임상익정신건강의학과의원,hospital,서울 용산구 한강로2가 2-37,서울 용산구 새창로 217,37.5302168623723,126.967776825124
27114704,시카고치과의원 한남점,hospital,서울 용산구 한남동 75-1,서울 용산구 독서당로 65-1,37.533836722137806,127.00774787477488
728797459,서울희망유외과의원,hospital,서울 용산구 한강로2가 422,서울 용산구 한강대로 95,37.5288190969221,126.966652883289
27276932,호수의원,hospital,서울 용산구 한남동 28-2,서울 용산구 독서당로 85,37.534660083790314,127.00980827465109
719588205,닥터고치과의원,hospital,서울 용산구 갈월동 69-45,서울 용산구 한강대로 293,37.5443969555536,126.971887361652
1101201846,더행복한치과의원,hospital,서울 용산구 한강로2가 342,서울 용산구 한강대로 95,37.5288190969221,126.966652883289
1879065125,수아한의원,hospital,서울 용산구 한강로2가 422,서울 용산구 한강대로 95,37.5288172952384,126.966654015422
1537592285,연세바른생각치과의원,hospital,서울 용산구 갈월동 89-9,서울 용산구 한강대로 283,37.5433662252656,126.971942063134
8642276,안아픈세상경희한의원,hospital,서울 용산구 한강로2가 314-1,서울 용산구 한강대로 109,37.52999802397321,126.96816384059557
8050106,은혜산부인과의원,hospital,서울 은평구 대조동 38-19,서울 은평구 진흥로 133,37.60803056313599,126.92458371100783
8594544,참조은이비인후과의원,hospital,서울 은평구 응암동 89-19,서울 은평구 은평로 121,37.6004725474371,126.92104574941357
8419899,아이제일산부인과의원,hospital,서울 은평구 역촌동 15-7,서울 은평구 서오릉로 81,37.60744386612289,126.92158425609118
1809471735,365서울탑치과의원,hospital,서울 은평구 대조동 12-6,서울 은평구 불광로 15,37.609952637772395,126.92788997431903
1327119281,봄그린외과의원,hospital,서울 은평구 응암동 64-18,서울 은평구 은평로 210,37.6010212533468,126.931120339985
85043359,살림치과의원,hospital,서울 은평구 구산동 2-36,서울 은평구 서오릉로 149,37.61157572201045,126.91622279891524
1973325593,속튼튼내과의원,hospital,서울 은평구 갈현동 396-12,서울 은평구 통일로 855-8,37.6191224540347,126.92020142783
1485232903,아이엠유의원,hospital,서울 은평구 증산동 223-25,서울 은평구 수색로 지하 175,37.577282251794415,126.90224628791559
767282352,서울바른훈치과의원,hospital,서울 은평구 갈현동 396-12,서울 은평구 통일로 855-8,37.6191197510737,126.920201430719
1844103322,서울대통마취통증의학과의원,hospital,서울 은평구 갈현동 395-5,서울 은평구 통일로 869,37.6203430371836,126.919825194157
27314029,닥터굿플란트치과의원,hospital,서울 은평구 구산동 1-1,서울 은평구 연서로 137,37.61116352517454,126.9168676976325
16032324,온누리한의원,hospital,서울 은평구 신사동 29-178,서울 은평구 은평로 30,37.59791932604999,126.9111673321908
551275174,청추나한의원,hospital,서울 은평구 응암동 96-1,서울 은평구 은평로 170,37.60108974539863,126.9266619220023
444460393,디엠씨성모의원,hospital,서울 은평구 수색동 75,서울 은평구 수색로 217,37.57969300543855,126.89867815318588
10788177,준이비인후과의원,hospital,서울 은평구 구산동 1-1,서울 은평구 연서로 137,37.611024800912155,126.91690749217041
1170435406,연세턱구강내과치과의원,hospital,서울 은평구 갈현동 456-36,서울 은평구 연서로 219,37.6183301606412,126.91972201584
1381530136,다온삼성정형외과의원,hospital,서울 은평구 대조동 226-3,서울 은평구 서오릉로 134,37.6110130341202,126.918119360258
27389660,21C메트로한방병원,hospital,서울 은평구 신사동 8-50,서울 은평구 갈현로 24,37.59996130181147,126.91041298607428
764539075,녹번연세정형외과의원,hospital,서울 은평구 녹번동 19-121,서울 은평구 통일로 636,37.603591403872294,126.93523220600576
1916609833,구산탑정형외과의원,hospital,서울 은평구 역촌동 1-1,서울 은평구 서오릉로 139,37.6108377895582,126.917469455996
61289228,365이화웃는세상의원,hospital,서울 은평구 진관동 64,서울 은평구 진관3로 11,37.639462694313686,126.91826829558467
668186412,서울숙면치과의원 은평,hospital,서울 은평구 응암동 427-38,서울 은평구 응암로 264,37.59528947645496,126.9188748753523
1512787034,리엔유산부인과의원,hospital,서울 은평구 응암동 89-19,서울 은평구 은평로 121,37.6004446485633,126.921093340307
243254896,친절한홍치과의원,hospital,서울 은평구 응암동 110-2,서울 은평구 은평로 114,37.5998747590787,126.920403174558
1966417765,불광튼튼척의원,hospital,서울 은평구 대조동 15-9,서울 은평구 통일로 715,37.60938827159622,126.93031191153425
1387907278,성모이음정신건강의학과의원,hospital,서울 은평구 진관동 72,서울 은평구 진관2로 29-21,37.6357414647635,126.919341876544
18166993,참뿌리한의원,hospital,서울 은평구 녹번동 131-154,서울 은평구 진흥로 150,37.6086580347556,126.926620515307
1620386621,토끼씨한의원,hospital,서울 은평구 녹번동 260,서울 은평구 은평로 233,37.6012415884624,126.933552589437
799928295,서울엘리트치과의원,hospital,서울 은평구 응암동 91-5,서울 은평구 은평로 93,37.5997858060615,126.918127136147
1368828132,백년약속치과,hospital,서울 은평구 응암동 107-19,서울 은평구 응암로 278,37.5963333610632,126.919659594526
403217320,은평오케이마취통증의학과의원,hospital,서울 은평구 응암동 110-1,서울 은평구 은평로 116,37.5998740418259,126.920676085147
1869502265,뿌리사랑치과,hospital,서울 은평구 대조동 224-15,서울 은평구 연서로 146,37.6118668620072,126.917674449763
12295232,이윤진산부인과의원,hospital,서울 은평구 불광동 311-13,서울 은평구 통일로 856,37.61962248732105,126.92152276056949
13506336,연세제일의원,hospital,서울 은평구 역촌동 85-12,서울 은평구 연서로 9,37.60006876599352,126.91563779145517
1564653071,성모열린정신건강의학과의원,hospital,서울 은평구 불광동 267,서울 은평구 통일로 746,37.612014775723,126.929003584433
226945517,연세메트로마취통증의학과의원,hospital,서울 은평구 불광동 311-13,서울 은평구 통일로 856,37.61962338906671,126.92152389232656
1832812337,서울공감치과의원,hospital,서울 은평구 불광동 267-1,서울 은평구 통일로 750,37.6123353233343,126.92866463383
1693464350,연나무치과의원,hospital,서울 은평구 갈현동 456-28,서울 은평구 연서로 213,37.61764868509574,126.91924022880116
2042949078,연세제일내과의원,hospital,서울 은평구 불광동 353-66,서울 은평구 연서로32길 3,37.6203662329202,126.924955243042
1208678092,삼성레이디여성의원,hospital,서울 은평구 진관동 70,서울 은평구 진관2로 15-46,37.6386523687318,126.919081540105
1841248372,종로365의원,hospital,서울 종로구 종로5가 91,서울 종로구 종로 211-1,37.5712175785194,127.001249697281
534879179,연세마이덴치과의원,hospital,서울 종로구 청진동 136,서울 종로구 종로5길 13,37.57103216538637,126.98046220879066
8433641,새얀안과의원,hospital,서울 종로구 종로2가 71-2,서울 종로구 삼일대로 395,37.5699032572139,126.98735948887375
13116752,삼성화인마취통증의학과의원,hospital,서울 종로구 효제동 308,서울 종로구 대학로 13,37.5724681537788,127.001725154441
8908877,대학로서울안과의원,hospital,서울 종로구 혜화동 90-18,서울 종로구 대학로 146,37.5842783793965,127.002069606598
1504533743,광화문정형외과의원,hospital,서울 종로구 당주동 100,서울 종로구 세종대로23길 54,37.57183264517333,126.97328523722531
2122766225,광화문헤리티크피부과의원,hospital,서울 종로구 신문로1가 24,서울 종로구 새문안로 91,37.5704877839679,126.974760662896
13726844,한이비인후과,hospital,서울 종로구 창신동 243,서울 종로구 지봉로 43,37.5740745315336,127.015440690246
682745691,더서울비뇨의학과의원,hospital,서울 종로구 혜화동 90-18,서울 종로구 대학로 146,37.584248647302,127.002029979844
1159047514,연세동묘정형외과의원,hospital,서울 종로구 숭인동 310,서울 종로구 종로 344,37.5727175486459,127.016074327208
1712945476,경복궁경희한의원,hospital,서울 종로구 적선동 100-1,서울 종로구 자하문로2길 4,37.5763068867039,126.972853460198
26847414,로앤산부인과의원 종로점,hospital,서울 종로구 종로2가 75-9,서울 종로구 종로 78,37.5699517618735,126.986036227608
2047103707,위드산부인과의원,hospital,서울 종로구 종로1가 24,서울 종로구 종로 19,37.5708446679787,126.979923441709
1602374348,스마일마취통증의학과의원,hospital,서울 종로구 신문로1가 25,서울 종로구 새문안로 89,37.57047421601848,126.97451389999901
26810458,종로정형외과의원,hospital,서울 종로구 청진동 146,서울 종로구 종로 19,37.57074375574153,126.9799189409361
756571070,동묘더튼튼의원,hospital,서울 종로구 창신동 292,서울 종로구 종로 335,37.57305108118379,127.01481787898871
1775297620,더스퀘어치과의원,hospital,서울 종로구 청진동 246,서울 종로구 종로3길 17,37.571071545167605,126.97892724725624
1900415985,화이팅마취통증의학과의원 광화문점,hospital,서울 종로구 종로1가 24,서울 종로구 종로 19,37.570844667972615,126.97992344170883
138825680,광화문경희한의원,hospital,서울 종로구 세종로 159,서울 종로구 세종대로23길 7,37.5715539026969,126.975916051887
10204510,기분좋은치과의원,hospital,서울 종로구 연지동 136-46,서울 종로구 대학로 19,37.57291324602942,127.00167535680274
1244441439,미즈여성산부인과의원,hospital,서울 종로구 창신동 292,서울 종로구 종로 335,37.5731033380363,127.014824681347
987548263,메디척정형외과의원,hospital,서울 종로구 종로6가 289-57,서울 종로구 종로 272,37.5708172659572,127.008091293794
1548383442,본정한의원,hospital,서울 종로구 관훈동 198-36,서울 종로구 인사동5길 20,37.5726753647198,126.985169743516
1550002259,이지브레인광화문 정신건강의학과의원,hospital,서울 종로구 신문로1가 25,서울 종로구 새문안로 89,37.5704742160246,126.974513899999
11445329,대학로메리힐산부인과의원,hospital,서울 종로구 동숭동 1-31,서울 종로구 대학로12길 4,37.5825160342452,127.002187300706
1581828596,서울언제나치과의원,hospital,서울 종로구 숭인동 240-1,서울 종로구 종로58길 44,37.5714900607722,127.018354995608
950451660,서울제이치과의원,hospital,서울 종로구 동숭동 1-35,서울 종로구 대학로 132,37.583096275434,127.002110331346
61455325,이음채한의원 종로점,hospital,서울 종로구 종로3가 5,서울 종로구 종로 111,37.570569329172,126.989803283038
1143221266,김앤박차이의원,hospital,서울 종로구 신문로1가 238,서울 종로구 새문안로3길 12,37.5713190006438,126.972945828589
11305178,향기나무한의원 종로점,hospital,서울 종로구 종로5가 58,서울 종로구 종로 225-1,37.5712427786463,127.002848042952
601983536,뉴욕S치과의원,hospital,서울 종로구 수송동 85,서울 종로구 율곡로2길 7,37.5750119878266,126.981250193689
12526653,종로밀레니엄 치과의원,hospital,서울 종로구 관철동 15-4,서울 종로구 종로 78,37.56985086319102,126.98614491378696
23690332,연세그랑스마일치과의원,hospital,서울 종로구 청진동 140,서울 종로구 종로3길 24-20,37.571408772924094,126.98041117153363
27606466,시원마취통증의학과의원,hospital,서울 종로구 숭인동 310,서울 종로구 종로 344,37.5727157491268,127.016056214904
171843253,연세정인치과의원,hospital,서울 종로구 신문로1가 163,서울 종로구 새문안로 92,37.56969944442733,126.97490808230648
27469672,화인마취통증의학과의원 광화문점,hospital,서울 종로구 신문로1가 116,서울 종로구 새문안로 82,37.569794738775435,126.97393344086095
1734687251,라움정신건강의학과의원,hospital,서울 종로구 당주동 128-27,서울 종로구 새문안로3길 15,37.5717044774438,126.97230272479
18129087,소통한의원,hospital,서울 종로구 숭인동 81-15,서울 종로구 지봉로 50,37.574532168209124,127.01595698691887
637025745,일맥한의원 종로점,hospital,서울 종로구 종로2가 84-1,서울 종로구 종로 74,37.5699436017999,126.98561061484645
549267198,동대문미소치과의원,hospital,서울 종로구 창신동 562,서울 종로구 종로 293,37.571844210311305,127.01050592176352
465926237,서울에이스치과의원,hospital,서울 종로구 종로4가 8,서울 종로구 종로 195,37.5711202756881,126.999320817579
806683821,혜화편한의원,hospital,서울 종로구 명륜2가 24-1,서울 종로구 창경궁로34길 26,37.58390718337858,127.00107895256829
1768883577,경희박현준한의원,hospital,서울 종로구 홍파동 199,서울 종로구 송월길 99,37.5701251350847,126.96283563304898
17068060,종로으뜸한의원,hospital,서울 종로구 숭인동 76,서울 종로구 종로 347,37.57367350993059,127.01603264833213
1015234552,미유치과의원,hospital,서울 종로구 교남동 161,서울 종로구 송월길 99,37.56972436024394,126.96337350820296
1116298756,서울베스트의료의원,hospital,서울 중구 흥인동 13-1,서울 중구 다산로46길 17,37.56685645403245,127.01692765682171
61973288,JH제일의원 건강검진센터,hospital,서울 중구 충무로5가 52-25,서울 중구 퇴계로 244,37.56210130436717,126.99903454539889
11440985,리뉴미피부과의원 동대문점,hospital,서울 중구 을지로6가 18-131,서울 중구 을지로 251,37.56654665866253,127.00624809622123
128427592,시청역성모정형외과,hospital,서울 중구 서소문동 120-12,서울 중구 세종대로11길 30,37.5623453636141,126.974205413901
740200818,충무로정형외과의원,hospital,서울 중구 필동1가 43-1,서울 중구 충무로 3,37.5614956226824,126.992860447458
405667307,청구경희한의원 중구점,hospital,서울 중구 신당동 309-8,서울 중구 다산로 176-1,37.5591831174904,127.013423030442
545078513,애플산부인과의원 명동점,hospital,서울 중구 을지로2가 199-22,서울 중구 명동3길 44,37.56568164714068,126.98372570862027
8055459,라임나무치과병원,hospital,서울 중구 명동1가 53-1,서울 중구 명동길 43,37.56393745544025,126.98475155502221
299345703,굿본정형외과 재활의학과의원 을지로,hospital,서울 중구 을지로2가 203,서울 중구 을지로 100,37.56599217912386,126.98878859886247
68832087,명동웰니스내과의원 건강검진센터,hospital,서울 중구 남대문로2가 9-1,서울 중구 남대문로 84,37.564681416128,126.982840801328
2031808279,365올케어치과의원,hospital,서울 중구 신당동 372-3,서울 중구 동호로 171,37.55345659678543,127.01132948356818
614030314,에스힐척척의원한의원,hospital,서울 중구 남대문로5가 1-1,서울 중구 세종대로 23,37.5590908836862,126.973844363485
659863602,도손한의원,hospital,서울 중구 신당동 130-23,서울 중구 퇴계로 432,37.56549283861597,127.01957030096939
1243224357,서울바움치과의원,hospital,서울 중구 서소문동 34,서울 중구 서소문로 125,37.563697017616,126.974945183234
13513304,아미스킨의원,hospital,서울 중구 회현동2가 88,서울 중구 퇴계로 100,37.56020707964382,126.98292671290477
299786982,성모바른정형외과의원,hospital,서울 중구 흥인동 91,서울 중구 퇴계로 409,37.56577704950602,127.01700664485622
1583913381,서울하늘에치과의원,hospital,서울 중구 회현동1가 210,서울 중구 퇴계로 67,37.559997559769535,126.97982901756053
1021857873,명동리앤한의원,hospital,서울 중구 충무로2가 11-1,서울 중구 명동8가길 27,37.56200053316636,126.98656401394331
931443150,파인타워치과의원,hospital,서울 중구 을지로2가 203,서울 중구 을지로 100,37.565798462286935,126.98876033064082
529582823,한번에치과,hospital,서울 중구 을지로2가 195-3,서울 중구 명동9길 23,37.56488797346256,126.98449782097127
12025733,경희인한의원,hospital,서울 중구 무교동 25-1,서울 중구 세종대로20길 23,37.56712516199819,126.97880045317393
1116851199,남대문더본재활의학과의원,hospital,서울 중구 회현동1가 210,서울 중구 퇴계로 67,37.5597154935687,126.979514453721
1229527438,충무로필한의원,hospital,서울 중구 충무로5가 52-25,서울 중구 퇴계로 244,37.5620995023832,126.999035677256
53856201,서울중부치과의원,hospital,서울 중구 을지로4가 323,서울 중구 을지로 170,37.5661395435934,126.997328727022
2104650290,미라벨의원,hospital,서울 중구 신당동 372-31,서울 중구 동호로 163,37.55295199969503,127.0117209739464
924085315,내이로치과의원,hospital,서울 중구 신당동 336-7,서울 중구 다산로 171,37.5588174033531,127.012600157468
1957884505,드림정신건강의학과의원,hospital,서울 중구 신당동 369-48,서울 중구 동호로 179,37.5541549203955,127.010793156828
25712626,서울행복치과의원,hospital,서울 중구 주교동 30,서울 중구 청계천로 204-1,37.5690371757659,127.00034410951
822387882,명동리아한의원,hospital,서울 중구 충무로2가 11-1,서울 중구 명동8가길 27,37.5620005331664,126.986564013943
683745703,서울닥터한치과의원,hospital,서울 중구 신당동 150-12,서울 중구 퇴계로 452-1,37.565302318075,127.021906456903
1268654324,명동시원한의원,hospital,서울 중구 충무로2가 12-17,서울 중구 명동8가길 33,37.561910471154384,126.98689905219312
1005635502,진심온한의원,hospital,서울 중구 다동 155,서울 중구 남대문로9길 40,37.5671434530106,126.980368144035
8442883,엠와이치과의원,hospital,서울 중구 충무로2가 65-9,서울 중구 퇴계로 123,37.561203010030646,126.98537687731509
9444423,미애로여성의원 중구점,hospital,서울 중구 신당동 369-26,서울 중구 다산로 132,37.55551086681481,127.01138072261571
859008374,이림한의원,hospital,서울 중구 을지로1가 32,서울 중구 남대문로9길 51,37.566811738006,126.979494400058
332397771,바른영치과의원,hospital,서울 중구 신당동 369-48,서울 중구 동호로 179,37.55414681131154,127.01079428737268
8367795,서울e조은치과의원,hospital,서울 중구 신당동 361-24,서울 중구 다산로 111,37.5539684973845,127.009836833961
724650978,서울역안녕 정신건강의학과의원,hospital,서울 중구 남대문로5가 541,서울 중구 한강대로 416,37.5555039927105,126.973751683231
439414282,약수본한의원,hospital,서울 중구 신당동 857,서울 중구 동호로7길 14,37.5532052754067,127.010718327696
1725797223,쉼표한의원,hospital,서울 중구 수하동 40-2,서울 중구 남대문로10길 28,37.5674395598865,126.984239215578
17571952,한양대학교구리병원 응급의료센터,hospital,경기 구리시 교문동 249-1,경기 구리시 경춘로 153,37.6012972239756,127.132869983634
1963049369,윤서병원 응급실,hospital,경기 구리시 인창동 344-19,경기 구리시 건원대로 47,37.60521596232132,127.13960505493802
642475321,엘병원 응급실,hospital,경기 남양주시 퇴계원읍 퇴계원리 218-20,경기 남양주시 퇴계원읍 퇴계원로 20,37.648733670279,127.141049646905
1144102680,응급실국물떡볶이 구리인창점,hospital,경기 구리시 인창동 383-118,경기 구리시 건원대로99번길 83,37.6066423351659,127.138750412223
265981,엘병원,hospital,경기 남양주시 퇴계원읍 퇴계원리 218-20,경기 남양주시 퇴계원읍 퇴계원로 20,37.6487318764514,127.141042844633
19511581,박용현내과의원,hospital,서울 중랑구 면목동 17-18,서울 중랑구 용마산로 438,37.5903504438115,127.097523968443
1486178511,경동한방병원,hospital,서울 중랑구 망우동 490-8,서울 중랑구 망우로 400,37.5986773011103,127.096555320496
1160723807,면목연세석내과의원,hospital,서울 중랑구 면목동 359-2,서울 중랑구 면목로 398,37.5874747090755,127.088059403281
1147014298,신내푸른정형외과의원,hospital,서울 중랑구 신내동 559-2,서울 중랑구 신내로 71,37.605548527484835,127.09510668445346
16678106,우림경희한의원,hospital,서울 중랑구 망우동 490-19,서울 중랑구 망우로 394,37.59863266554895,127.09604795345383
1546231677,중랑튼튼신경외과의원,hospital,서울 중랑구 상봉동 129-2,서울 중랑구 망우로 218,37.5939127946146,127.077041632501
1394486128,중랑퍼스트치과의원,hospital,서울 중랑구 상봉동 129-2,서울 중랑구 망우로 218,37.5939127946146,127.077041632501
8698818,김용한의원,hospital,서울 중랑구 면목동 131-10,서울 중랑구 겸재로27길 103,37.59186059340984,127.085810192443
27459127,청담준의원,hospital,서울 중랑구 상봉동 91-4,서울 중랑구 망우로 322,37.596648521410586,127.08817439000119
1755817983,중랑탑정형외과의원,hospital,서울 중랑구 상봉동 129-3,서울 중랑구 망우로 214,37.593752741641865,127.07654438202024
1032817428,친절한서치과의원,hospital,서울 중랑구 면목동 626-1,서울 중랑구 면목로 304,37.5793626254662,127.087443045587
26852149,바로유한의원 사가정점,hospital,서울 중랑구 면목동 649-3,서울 중랑구 사가정로52길 22,37.579846048887,127.086777934706
1908313957,서울우림365의원,hospital,서울 중랑구 망우동 470-11,서울 중랑구 망우로 412,37.5990996533445,127.097906812373
27532956,서울이다움치과,hospital,서울 중랑구 망우동 465-14,서울 중랑구 용마산로 501,37.595830084446725,127.09990564576195
2010577668,서울이가정의원,hospital,서울 중랑구 상봉동 129-2,서울 중랑구 망우로 218,37.5939127946146,127.077041632501
932513632,백년튼튼정형외과재활의학과의원,hospital,서울 중랑구 중화동 287-9,서울 중랑구 동일로 796,37.601370226299,127.079858877254
25159879,태미안의원,hospital,서울 중랑구 상봉동 100-7,서울 중랑구 망우로 305,37.596853627172,127.086168089967
17025719,예이랑치과교정과치과의원,hospital,서울 중랑구 중화동 282-7,서울 중랑구 동일로140길 19-27,37.60518408934073,127.07990032633894
727486108,먹골바른신경외과의원,hospital,서울 중랑구 묵동 176-15,서울 중랑구 공릉로 8,37.6115976522631,127.078074667059
1261448583,대들보정형외과의원,hospital,서울 중랑구 망우동 489-9,서울 중랑구 망우로 403,37.59942754431968,127.09689940692058
10736879,장스소아청소년과의원,hospital,서울 중랑구 망우동 488-4,서울 중랑구 망우로 411,37.59956191641975,127.09784060645225
8163357,현동한의원,hospital,서울 중랑구 묵동 2,서울 중랑구 신내로25가길 2,37.6194843112326,127.084177989715
26303016,구대한의원,hospital,서울 중랑구 망우동 403-66,서울 중랑구 용마산로 502,37.5957602545951,127.10044001848777
16081332,키즈웰소아청소년과의원,hospital,서울 중랑구 묵동 170-1,서울 중랑구 동일로 932,37.61342622922424,127.0773596357427
16444925,프라임병원,hospital,서울 중랑구 묵동 158-7,서울 중랑구 공릉로 76,37.6172170786739,127.079481653886
8280338,라임비뇨기과의원,hospital,서울 중랑구 상봉동 115-1,서울 중랑구 면목로 495,37.5961081864535,127.085370056818
1967064143,슬기로운산부인과의원,hospital,서울 중랑구 상봉동 113-4,서울 중랑구 면목로 481,37.5947763165526,127.085652749753
10045358,행복한한의원,hospital,서울 중랑구 묵동 170-1,서울 중랑구 동일로 932,37.61341810696654,127.07738001433177
751610858,연세더베스트치과의원,hospital,서울 중랑구 묵동 169-11,서울 중랑구 동일로 942,37.61476981253028,127.07703936018584
1050969590,친절한홍한의원,hospital,서울 중랑구 면목동 180-12,서울 중랑구 봉우재로14길 23,37.58950785164321,127.07840031948857
1194758347,면목백세튼튼의원,hospital,서울 중랑구 면목동 126-8,서울 중랑구 면목로 417,37.589247646779,127.087135315746
786510561,상봉그린한의원,hospital,서울 중랑구 상봉동 113-30,서울 중랑구 면목로91길 6,37.5946304308014,127.08554954084
930475347,광덕안정한의원 상봉망우점,hospital,서울 중랑구 상봉동 74-10,서울 중랑구 망우로 367,37.5984773149304,127.0931499815
193955091,아름미소치과의원,hospital,서울 중랑구 상봉동 136-1,서울 중랑구 망우로 192,37.593219904403924,127.07427356453213
1550425457,우대마취통증의학과의원,hospital,서울 중랑구 면목동 472-44,서울 중랑구 사가정로 399,37.5807740607252,127.08921079803
2019829056,새잎마취통증의학과의원,hospital,서울 중랑구 망우동 525-5,서울 중랑구 겸재로 237,37.59003889087352,127.0939569531416
1017623223,상봉퍼스트본정형외과,hospital,서울 중랑구 상봉동 91-4,서울 중랑구 망우로 322,37.5966431222361,127.088165324775
126965680,정든한의원,hospital,서울 중랑구 상봉동 108,서울 중랑구 면목로 477,37.5943483205098,127.085687361184
1665247502,드림탑치과의원,hospital,서울 중랑구 중화동 304-37,서울 중랑구 중랑역로 68,37.5995332163693,127.078350820763
9155620,서울미소치과의원,hospital,서울 중랑구 면목동 376-4,서울 중랑구 면목로27길 80,37.5743612254775,127.081106944549
9156317,서울미치과의원,hospital,서울 중랑구 상봉동 92-5,서울 중랑구 망우로 332,37.59702069540696,127.08928680924397
22297934,경희용한의원,hospital,서울 중랑구 면목동 121-22,서울 중랑구 면목로 422,37.58961576494826,127.08765884458865
10253770,다나한의원,hospital,서울 중랑구 면목동 611-5,서울 중랑구 사가정로 398,37.580255392814,127.088807148495
446338019,서울굿모닝치과의원,hospital,서울 중랑구 면목동 102-20,서울 중랑구 면목로 414,37.5889562392358,127.087658071106
623531147,면목팔팔365의원,hospital,서울 중랑구 면목동 282-6,서울 중랑구 면목로 지하 407,37.5883850770132,127.087567954966
