id,name,category,address,road_address,lat,lon
827688965,글로우스트라이크,bowling,서울 강남구 논현동 62-6,서울 강남구 도산대로 232,37.52070486777342,127.03263989344009
18507386,스매싱볼 강남점,bowling,서울 강남구 역삼동 808-4,서울 강남구 강남대로 468,37.504148045316704,127.02514799919464
265673670,가인볼링장 강남점,bowling,서울 강남구 삼성동 164,서울 강남구 봉은사로114길 20,37.5138598661321,127.065395981028
1144919177,라인볼링장 강남점,bowling,서울 강남구 역삼동 837-36,서울 강남구 강남대로 308,37.4906673869336,127.031792321139
1925343861,스매싱볼 청담점,bowling,서울 강남구 청담동 85-4,서울 강남구 선릉로 818,37.5247408806589,127.040051467026
479670325,브로젝스 신논현점,bowling,서울 강남구 역삼동 808-5,서울 강남구 강남대로 468,37.504155254082185,127.02514460873603
1759574707,잠실볼링장,bowling,서울 송파구 잠실동 196,서울 송파구 백제고분로 75,37.509990646744605,127.0791517882442
1406416712,비에비뉴,bowling,서울 송파구 잠실동 175-2,서울 송파구 백제고분로 63,37.5110477033567,127.078884842623
19265275,코오롱스포렉스 서초점 볼링장,bowling,서울 서초구 서초동 1324-2,서울 서초구 서초대로70길 32,37.4938480760816,127.023525234767
1998015020,노블레스볼링장,bowling,서울 서초구 서초동 1678-2,서울 서초구 서초대로 350,37.4952399337892,127.019680868346
1359598488,드림볼링센타,bowling,서울 송파구 석촌동 277-2,서울 송파구 가락로 103,37.50140320524914,127.1076011173012
27410769,동서울그랜드볼링센터,bowling,서울 광진구 구의동 546-1,서울 광진구 강변역로 50,37.53463272589415,127.09433317723436
395520401,아우라락볼링장,bowling,서울 송파구 방이동 64-12,서울 송파구 오금로11길 12,37.51447584500274,127.1086231811144
10937046,한아름볼링프라자,bowling,서울 광진구 화양동 10-1,서울 광진구 능동로13길 39,37.54358216229619,127.07001264883544
16499143,유니온스타볼링클럽,bowling,서울 성동구 성수동2가 315-70,서울 성동구 연무장7길 12,37.5437424376717,127.054871441828
1745824174,엄마손볼링장,bowling,서울 송파구 석촌동 277-2,서울 송파구 가락로 103,37.5014032052421,127.107601117301
195724001,오란다볼링센터,bowling,서울 서초구 방배동 816-1,서울 서초구 방배로33길 29,37.491191048775796,126.98916163290967
1058865148,볼하우스 한남점,bowling,서울 용산구 한남동 828,서울 용산구 독서당로 46,37.5323852410493,127.007249915215
27441675,에스원볼링센터,bowling,서울 송파구 풍납동 504-2,서울 송파구 올림픽로 545,37.5308277401705,127.120191296891
27447263,오금공원 론볼링장,bowling,서울 송파구 오금동 51,서울 송파구 오금로 363,37.5045676665101,127.131508592659
27014586,코오롱스포렉스 서초점,bowling,서울 서초구 서초동 1324-2,서울 서초구 서초대로70길 32,37.4938949410379,127.023461924435
940139197,서울숲복합문화체육센터,bowling,서울 성동구 성수동1가 685-61,서울 성동구 왕십리로11길 19,37.549222352700916,127.04153116737272
1986268821,놀자GO볼링장,bowling,서울 강동구 천호동 453-19,서울 강동구 천호대로157길 14,37.53823283077391,127.12729072646428
24856497,스핀볼링장,bowling,서울 강동구 천호동 425-5,서울 강동구 올림픽로 664,37.5406476360787,127.124638048122
26790400,가인볼링장 길동2호점,bowling,서울 강동구 길동 385-6,서울 강동구 양재대로113길 51,37.53843174755,127.137130376313
10207594,길동볼링센터,bowling,서울 강동구 길동 411-4,서울 강동구 양재대로 1458,37.5357656364187,127.139483405214
1200728147,스핀볼링장 프로샵,bowling,서울 강동구 천호동 425-5,서울 강동구 올림픽로 664,37.5405638576092,127.124624330569
16620078,럭키볼링센터,bowling,서울 강북구 번동 417-106,서울 강북구 한천로 1013,37.6384531658834,127.028768919086
21572724,RNB볼링장,bowling,서울 강북구 미아동 35-4,서울 강북구 도봉로 34,37.6120573620072,127.030715864901
546335244,더블유볼링,bowling,서울 강북구 번동 418-17,서울 강북구 도봉로 342,37.6380348220842,127.026128902535
10692620,우이볼링센터,bowling,서울 강북구 수유동 381-2,서울 강북구 삼양로 424,37.6413637851039,127.01729012428
88183775,볼링펍 CGV수유점,bowling,서울 강북구 수유동 168-12,서울 강북구 도봉로 399,37.6423793916313,127.029836634178
117930122,쌍문나이스락볼링센터,bowling,서울 도봉구 창동 812,서울 도봉구 도봉로114길 22-8,37.64711796902791,127.03526958828782
599328187,미화볼링장,bowling,서울 도봉구 창동 715-1,서울 도봉구 도봉로 578,37.6562939717928,127.039702717899
1312093337,창동JJ볼링센타,bowling,서울 도봉구 창동 715-27,서울 도봉구 해등로 125,37.6547647409522,127.040479305742
1399128585,볼링스테이션2 쌍문점,bowling,서울 도봉구 쌍문동 20-4,서울 도봉구 도당로 6,37.6587117837166,127.035371402573
26791120,그린라이트볼링장,bowling,서울 노원구 상계동 693-2,서울 노원구 상계로 55,37.65602260758396,127.06116988480771
9707155,건영볼링센타,bowling,서울 노원구 중계동 506-1,서울 노원구 섬밭로 258,37.6384783380331,127.065133431977
672743786,더블랙볼링장,bowling,서울 노원구 상계동 292-1,서울 노원구 노해로 507,37.6553346233164,127.063878915794
88349628,볼러스레인,bowling,서울 노원구 중계동 509-1,서울 노원구 동일로204가길 34,37.6407326974109,127.06815378106
1996823746,yb볼링장,bowling,서울 성북구 길음동 540-2,서울 성북구 길음로7길 36-12,37.603341336553676,127.0219810241717
677943708,블랙홀볼링장,bowling,서울 노원구 월계동 50-29,서울 노원구 화랑로 325,37.614952372655,127.064043699262
1343476372,JJ볼링장,bowling,서울 성북구 석관동 242-1,서울 성북구 화랑로 254,37.6108147172641,127.057666036394
17968281,공릉볼링센타,bowling,서울 노원구 공릉동 581-1,서울 노원구 동일로180길 14,37.621948198341,127.075309142984
7942490,성신볼링장,bowling,서울 성북구 동선동1가 84-2,서울 성북구 보문로34길 69,37.5913334373223,127.01903583707
524895012,유타BK볼링센타,bowling,서울 성북구 동선동1가 1-2,서울 성북구 동소문로 106,37.5926059281867,127.017142962204
2025468225,어썸라운지볼링장,bowling,서울 종로구 명륜2가 211,서울 종로구 성균관로 12,37.5839828572906,126.998152306009
9309934,우창볼링센터,bowling,서울 동대문구 휘경동 71-1,서울 동대문구 망우로 123,37.5917234180543,127.066623509267
2057908291,나인티나인,bowling,서울 종로구 혜화동 185,서울 종로구 대학로 144,37.5839783488006,127.002060540969
1267456804,볼링볼링,bowling,서울 중구 황학동 2545,서울 중구 청계천로 400,37.5711147375762,127.021380660916
17151176,삼보아레나볼링장,bowling,서울 중랑구 면목동 184-88,서울 중랑구 중랑천로10길 76,37.592262879292534,127.07734678239785
8967024,동아볼링센터,bowling,서울 종로구 숭인동 1253,서울 종로구 종로 413,37.5760339457884,127.022582035074
1724053574,BK플러스볼링센터,bowling,서울 중랑구 신내동 786,서울 중랑구 봉화산로 221,37.6079704067728,127.097293283122
497266835,나인틴나인,bowling,서울 종로구 혜화동 185,서울 종로구 대학로 144,37.5839819526946,127.00206506973008
1951677560,원서레인스,bowling,서울 종로구 원서동 171,서울 종로구 창덕궁1길 13,37.5790700761985,126.988316820446
1016693711,라운지볼,bowling,서울 종로구 명륜2가 211,서울 종로구 성균관로 12,37.5839828573083,126.99815343817406
11665642,현대볼링장,bowling,서울 중랑구 신내동 413-1,서울 중랑구 용마산로129나길 6,37.6067791978149,127.099574872572
1981328640,쌍문볼링장카페,bowling,서울 도봉구 창동 812,서울 도봉구 도봉로114길 22-8,37.6471179690329,127.035269588288
1785939642,볼원락볼링센터 발산역점,bowling,서울 강서구 등촌동 672,서울 강서구 강서로54길 42,37.5588030481395,126.84109753128
1469372566,마곡파크볼링장,bowling,서울 강서구 마곡동 774-2,서울 강서구 공항대로 213,37.5596977549499,126.831366707003
515713868,도전볼링장,bowling,서울 강서구 염창동 310,서울 강서구 공항대로 593,37.548147055864,126.871538161454
1524678934,포커스볼링센터,bowling,서울 강서구 염창동 263-2,서울 강서구 양천로 706,37.549608557541454,126.87412485601992
41918748,KBS스포츠월드 볼링센터,bowling,서울 강서구 화곡동 1093-76,서울 강서구 공항대로 376,37.5565644822778,126.848961152779
8728681,강서볼링장,bowling,서울 강서구 염창동 263-2,서울 강서구 양천로 706,37.549670687687,126.874088538879
543365842,몬스터볼 락볼링장,bowling,서울 강서구 등촌동 700,서울 강서구 공항대로41길 34,37.5592812932782,126.84571422081
16501742,주영볼링센터,bowling,서울 강서구 가양동 1480-8,서울 강서구 양천로 461,37.5630414041875,126.85225307247
868234206,어썸라운지볼24 신월점,bowling,서울 양천구 신월동 128,서울 양천구 곰달래로5길 17,37.5311158611499,126.833604428883
7956801,세원볼링센터,bowling,서울 양천구 신정동 1018-2,서울 양천구 신월로 354,37.5217350225198,126.860325523418
2092709559,마포구민체육센터 볼링장,bowling,서울 마포구 망원동 450-3,서울 마포구 월드컵로25길 190,37.5567566712413,126.89694707766
658913203,정석볼링장,bowling,서울 영등포구 문래동3가 55-20,서울 영등포구 경인로 775,37.5148060185276,126.89894013375157
7846628,동양볼링센터,bowling,서울 영등포구 문래동5가 2,서울 영등포구 선유로 27,37.51665008813534,126.88765445656934
17066979,로얄볼링센타,bowling,서울 영등포구 당산동1가 9-1,서울 영등포구 영등포로28길 5,37.5198678646066,126.898952537621
921668303,영등포브래그,bowling,서울 영등포구 당산동3가 80-1,서울 영등포구 국회대로36길 17,37.5257148607341,126.89835977794
1277862647,W락볼링센터,bowling,서울 마포구 서교동 371-14,서울 마포구 양화로 104,37.5529032039026,126.919043065112
18231289,뉴원일 볼링센터,bowling,서울 서대문구 남가좌동 270-4,서울 서대문구 수색로 48,37.570425465826,126.913513722392
20747491,태화볼링센타,bowling,서울 마포구 서교동 343-2,서울 마포구 와우산로 111,37.5534914706419,126.925769275821
2028135934,GD볼링장,bowling,서울 구로구 고척동 76-160,서울 구로구 경인로 397,37.4976994755985,126.863871447076
22316596,MK볼링센터 구로점,bowling,서울 구로구 구로동 501,서울 구로구 구로중앙로 134,37.49988356740611,126.88420208258823
640668705,제이앤제이볼링센터,bowling,서울 영등포구 영등포동3가 9-13,서울 영등포구 영중로 12,37.5175854420195,126.906385081562
207908644,퍼스트비앤피 볼링센터 여의도점,bowling,서울 영등포구 여의도동 13,서울 영등포구 국회대로 800,37.5310859223374,126.920994498232
27265440,천호락볼링클럽 영등포지점,bowling,서울 영등포구 당산동3가 80-1,서울 영등포구 국회대로36길 17,37.52564925302822,126.89855218503133
1600512473,홍대볼링장,bowling,서울 마포구 동교동 165-8,서울 마포구 양화로 156,37.55587484013081,126.92331103637525
1007655873,볼치다볼링장,bowling,경기 고양시 덕양구 향동동 522,경기 고양시 덕양구 꽃마을로 68,37.600967408092,126.89376064163
17180783,충암볼링장,bowling,서울 서대문구 남가좌동 1-2,서울 서대문구 명지대길 103,37.5846063860144,126.922867195866
1442021491,스카이락볼링장,bowling,서울 서대문구 창천동 72-14,서울 서대문구 신촌로 73,37.5562681573963,126.934594138697
2017241519,더케이볼링장,bowling,경기 부천시 원미구 춘의동 127,경기 부천시 원미구 옥산로138번길 30,37.505509971239,126.78192696638
17542448,신촌볼링센타,bowling,서울 서대문구 남가좌동 2-19,서울 서대문구 명지대길 103,37.5846280009526,126.922853587465
1419605432,홍전,bowling,서울 서대문구 남가좌동 1-2,서울 서대문구 명지대길 103,37.584609984065025,126.92285813475648
146496558,로하스볼링장,bowling,경기 광명시 광명동 150-19,경기 광명시 오리로 970,37.4793948175048,126.855692091818
2089071650,행신볼링센터,bowling,경기 고양시 덕양구 행신동 616-1,경기 고양시 덕양구 행신로 151,37.6194271649288,126.831988537442
1609667790,로하스볼링라운지,bowling,경기 광명시 광명동 150-19,경기 광명시 오리로 970,37.4794524100969,126.855633190617
1097904655,스핀볼링장,bowling,경기 부천시 오정구 삼정동 314,경기 부천시 오정구 중동로 406,37.5161641154685,126.770403607252
11412594,코오롱스포렉스 볼링장 타임스퀘어점,bowling,서울 영등포구 영등포동4가 442,서울 영등포구 영중로 15,37.5172328061604,126.90371599435775
27219254,마포구민체육센터,bowling,서울 마포구 망원동 450-3,서울 마포구 월드컵로25길 190,37.5567638950125,126.89696517576
798961742,와이지푸드,bowling,경기 부천시 원미구 역곡동 77-2,경기 부천시 원미구 역곡로13번길 17,37.4860618056117,126.810687058688
1591332885,J&J락볼링센터,bowling,서울 관악구 신림동 1422-5,서울 관악구 신림로 340,37.4847692003801,126.930088627422
209620903,삼모볼링장,bowling,서울 관악구 신림동 1638-32,서울 관악구 신림로59길 23,37.4828688572684,126.928389918944
925703846,스매싱볼 사당점,bowling,서울 서초구 방배동 446-1,서울 서초구 방배천로2길 10,37.4767697221932,126.983290529146
977330348,보라매볼링장,bowling,서울 동작구 신대방동 395-69,서울 동작구 보라매로5가길 16,37.4913320514128,126.924103024305
27239842,성대볼링센타,bowling,서울 동작구 상도동 320-21,서울 동작구 상도로 102,37.5000405645958,126.931965251145
538763566,제이앤와이컴퍼니볼링장,bowling,서울 동작구 신대방동 395-69,서울 동작구 보라매로5가길 16,37.49127528290779,126.9240951663939
8140805,한숲볼링장,bowling,서울 동작구 대방동 501,서울 동작구 여의대방로 250,37.508741555388866,126.9245208469433
20552187,크로바볼링장,bowling,서울 금천구 독산동 983-13,서울 금천구 시흥대로 440,37.472895653165004,126.89889484484654
1456787792,더블루볼링장,bowling,서울 구로구 구로동 1124-42,서울 구로구 디지털로32나길 38,37.484543143218,126.901198140468
1872257298,앵커스볼링라운지,bowling,서울 구로구 구로동 197-21,서울 구로구 디지털로31길 12,37.485067961482926,126.8954185917315
8036895,위너스볼링장,bowling,서울 금천구 독산동 1066-2,서울 금천구 시흥대로 296,37.45960778349031,126.89917496429368
15064790,G2존 락볼링장&카페 마리오아울렛,bowling,서울 금천구 가산동 60-20,서울 금천구 벚꽃로 266,37.478369018800265,126.88482092385419
579774430,아미고볼링,bowling,서울 금천구 독산동 291-5,서울 금천구 시흥대로 399,37.4692692956536,126.897049210876
109225325,플레이퍼시픽,bowling,서울 구로구 구로동 197-21,서울 구로구 디지털로31길 12,37.48514415089645,126.89497187018632
8749961,과천시민회관 볼링장,bowling,경기 과천시 중앙동 6-2,경기 과천시 통영로 5,37.42816253250256,126.98911988416604
9734756,뉴청룡볼링장,bowling,서울 용산구 갈월동 98-38,서울 용산구 한강대로 257,37.5412291989829,126.972558410096
27462594,스매싱볼 이태원점,bowling,서울 용산구 이태원동 183-1,서울 용산구 이태원로 145,37.5345213076743,126.989930386131
2000195418,클럽스트라이크,bowling,서울 마포구 도화동 36,서울 마포구 마포대로 52,37.5402801288178,126.947624930737
1453829959,더케이볼링,bowling,경기 광명시 소하동 1233,경기 광명시 서면로 79,37.43711744398292,126.8842706100977
135058726,위드볼링장,bowling,경기 광명시 철산동 436,경기 광명시 철산로30번길 14,37.4751277345051,126.869732316928
26416283,천호락 볼링클럽,bowling,경기 광명시 철산동 241-1,경기 광명시 철산로 45,37.4774791090089,126.871139169383
17571460,과천시민회관 체육관,bowling,경기 과천시 중앙동 6-2,경기 과천시 통영로 5,37.4276039787476,126.989989915873
1860527066,기아스포츠문화센터 광명점,bowling,경기 광명시 소하동 1233,경기 광명시 서면로 79,37.4373326490329,126.884130164673
1154697782,장안퍼펙트볼링센터,bowling,서울 동대문구 장안동 462,서울 동대문구 장한로2길 33,37.56219676006738,127.06693675801895
1935372180,스타레인즈볼링장,bowling,서울 동대문구 장안동 416-6,서울 동대문구 천호대로 405,37.56188928873525,127.0641069058501
26827529,라인볼링장,bowling,서울 성동구 행당동 140,서울 성동구 고산자로6길 40,37.5583351524851,127.03569172722
1583942435,볼소크라테스,bowling,경기 하남시 감이동 438,경기 하남시 감일중앙로 80,37.5104199817409,127.155723382418
1971870651,JS 정석볼링장 서울거여지점,bowling,서울 송파구 거여동 42-3,서울 송파구 거마로 14,37.49420447108307,127.14521051254269
1604328382,구리시멀티스포츠센터 볼링장,bowling,경기 구리시 교문동 153-1,경기 구리시 체육관로 137-25,37.5961571796903,127.135157247399
23565669,구리시멀티스포츠센터,bowling,경기 구리시 교문동 153-1,경기 구리시 체육관로 137-25,37.596209359226,127.135225282768
1597516596,항동생활체육관 볼링장,bowling,서울 구로구 항동 166-1,서울 구로구 항동로 24,37.4770879073009,126.82298181134
1538348401,씨엘볼링장,bowling,경기 부천시 소사구 괴안동 113-1,경기 부천시 소사구 경인로 505,37.48444047367837,126.81098738268119
910011958,항동생활체육관,bowling,서울 구로구 항동 166-2,서울 구로구 항동로 24,37.47720593392245,126.82297814129211
1768648030,구로스포츠클럽,bowling,서울 구로구 항동 166-1,서울 구로구 항동로 24,37.477087907300906,126.82298181134047
205617808,볼원볼링센터,bowling,경기 의정부시 호원동 450-2,경기 의정부시 평화로244번길 25,37.7137500660486,127.047444352451
111784573,볼원,bowling,경기 의정부시 호원동 450-5,경기 의정부시 평화로244번길 25,37.7138625580928,127.047765385411
865862647,비트락,bowling,경기 남양주시 별내동 1008-2,경기 남양주시 별내2로 74,37.64680798334735,127.12534326183506
8134684,한도볼링,bowling,경기 의정부시 의정부동 506-1,경기 의정부시 신흥로231번길 20,37.736904343049,127.042153114725
186997274,캠프스탠리볼링센터,bowling,경기 의정부시 고산동 796-1,,37.7194309211907,127.094852841695
1332599703,별내비트락볼링장,bowling,경기 남양주시 별내동 1008-2,경기 남양주시 별내2로 74,37.6468807495831,127.125543946139
1420917728,갈매멀티스포츠센터,bowling,경기 구리시 갈매동 645,경기 구리시 갈매중앙로 62,37.62989897187563,127.11679347859793
26409955,디벨롭짐,bowling,경기 남양주시 별내동 1008-2,경기 남양주시 별내2로 74,37.6469023864071,127.125531518248
9457517,코끼리볼링장,bowling,서울 중구 주자동 43-1,서울 중구 퇴계로 166,37.5609097924048,126.990302598734
640405988,제이앤제이볼링센터,bowling,서울 종로구 관철동 13-13,서울 종로구 종로12길 15,37.5694742364332,126.986054427889
1373027889,제이앤제이 락볼링센터 종로점,bowling,서울 종로구 관철동 13,서울 종로구 종로12길 15,37.5693679178965,126.986045392158
1720083480,락볼링장,bowling,서울 종로구 관철동 13-13,서울 종로구 종로12길 15,37.5694084518201,126.985953697068
1096953199,브로잭스 종로점,bowling,서울 종로구 종로2가 75-9,서울 종로구 종로 78,37.56988058403962,126.98604303260764
1274626649,타겟볼링,bowling,서울 서대문구 대현동 101-7,서울 서대문구 신촌역로 10,37.557555613227,126.943162740301
669233150,가인볼링장 이대점,bowling,서울 서대문구 대현동 145,서울 서대문구 이화여대1길 10,37.5576537470365,126.944905586663
2029784147,은평칠텐볼링센터,bowling,서울 은평구 대조동 231,서울 은평구 서오릉로 94,37.608627463460614,126.92112999804722
540155205,메카볼링센터,bowling,서울 은평구 불광동 308-1,서울 은평구 통일로 842,37.6186903238049,126.922064034069
2119256998,가인볼링장 롯데몰 은평점,bowling,서울 은평구 진관동 63,서울 은평구 통일로 1050,37.63840024556364,126.91799754175666
305309678,볼링팩토리,bowling,경기 성남시 수정구 창곡동 399-5,경기 성남시 수정구 위례광장로 9-9,37.4644869211999,127.14115041347
1382635094,메가핀볼링장,bowling,경기 부천시 원미구 원미동 48-4,경기 부천시 원미구 조마루로 387,37.4980409073154,126.787008176309
221918967,몬스터볼볼링장,bowling,경기 고양시 덕양구 도내동 966,경기 고양시 덕양구 도래울로 110,37.6349260318918,126.872346247722
939878170,삼송볼링센터,bowling,경기 고양시 덕양구 삼송동 371,경기 고양시 덕양구 삼원로3길 67,37.6415235613179,126.87621787857
2114992370,슈팅볼링클럽 스타필드고양,bowling,경기 고양시 덕양구 동산동 370,경기 고양시 덕양구 고양대로 1955,37.646873370606826,126.89252931046855
654896912,스카이락볼링장,bowling,경기 고양시 덕양구 신원동 620-1,경기 고양시 덕양구 권율대로 893,37.66360380450547,126.88970916285227
1760599000,X2볼링장,bowling,경기 구리시 교문동 281-4,경기 구리시 아차산로 505,37.6000461065224,127.130122801589
712124052,볼원볼링장 구리점,bowling,경기 구리시 교문동 281-4,경기 구리시 아차산로 505,37.6000415828514,127.13013977983
1873171499,X3볼링장,bowling,경기 구리시 교문동 281-4,경기 구리시 아차산로 505,37.6000280218165,127.130181655297
1605171519,x1볼링장,bowling,경기 구리시 교문동 216-8,경기 구리시 경춘로 170,37.6002578148073,127.134168143222
792882819,리맥스볼링장,bowling,경기 구리시 인창동 676-1,경기 구리시 경춘로 239,37.6015330807689,127.141568601769
180696541,룰루랄라볼링장 다산점,bowling,경기 남양주시 다산동 6143,경기 남양주시 다산순환로 20,37.6125909264751,127.151713854833
1682443966,퍼스트비앤피 다산점,bowling,경기 남양주시 다산동 6061-1,경기 남양주시 다산중앙로123번길 22-74,37.625093139756444,127.15162371665205
619095997,퇴계원볼링센터,bowling,경기 남양주시 퇴계원읍 퇴계원리 286-9,경기 남양주시 퇴계원읍 퇴계원로 45-3,37.6509318076946,127.141266842068
20808996,24시노래연습장,karaoke,서울 서초구 양재동 327-13,서울 서초구 강남대로10길 21,37.4686080177891,127.040500799609
1509449480,골든싱어코인노래연습장,karaoke,서울 동작구 사당동 137-11,서울 동작구 동작대로27가길 23,37.48651653601114,126.98128477067463
1125681065,세븐스타코인노래방 대치점,karaoke,서울 강남구 대치동 907-8,서울 강남구 역삼로 413,37.5011910910523,127.052216567529
813478342,판타스틱코인노래연습장 삼성동코엑스점,karaoke,서울 강남구 삼성동 151-20,서울 강남구 테헤란로81길 51,37.51041941305545,127.05566479050424
27514650,슈퍼스타코인노래방 강남역1호점,karaoke,서울 강남구 역삼동 817-9,서울 강남구 테헤란로1길 28,37.5001506334653,127.027612017148
1011088459,삼삼코인노래연습장,karaoke,서울 강남구 역삼동 815-4,서울 강남구 강남대로 428,37.50077973287715,127.02675502058682
315599183,판타스틱코인노래연습장 역삼역직영점,karaoke,서울 강남구 역삼동 740,서울 강남구 테헤란로20길 25,37.4981754976412,127.034913308783
573525973,슈퍼스타코인노래연습장,karaoke,서울 강남구 논현동 165-13,서울 강남구 봉은사로1길 33,37.5068188159858,127.024233916858
1660541930,노래야노래야 코인노래연습장 역삼점,karaoke,서울 강남구 역삼동 827-70,서울 강남구 테헤란로6길 47,37.4955796639044,127.031844159877
354550510,빈티지코인노래연습장,karaoke,서울 강남구 신사동 517-29,서울 강남구 도산대로11길 25,37.51912961066254,127.0223295888418
842987432,세븐틴코인노래연습장,karaoke,서울 강남구 대치동 896-9,서울 강남구 선릉로86길 28,37.5035842312406,127.052059901143
398856459,팝스타코인노래연습장,karaoke,서울 강남구 역삼동 813-18,서울 강남구 강남대로102길 11,37.50193032191833,127.02673507448495
2113342049,판타스틱코인노래연습장 강남구청역점,karaoke,서울 강남구 논현동 242-22,서울 강남구 선릉로129길 9-7,37.5158206222148,127.041010426203
1156257205,킹콩코인노래연습장 대치점,karaoke,서울 강남구 대치동 941-27,서울 강남구 도곡로 443,37.4985101711867,127.05887328451
1828243379,뮤직이너스 양재점,karaoke,서울 강남구 도곡동 952-10,서울 강남구 강남대로 248,37.4857130569587,127.033909117359
2085720349,베카코인노래연습장,karaoke,서울 강남구 대치동 1019-14,서울 강남구 삼성로 233,37.4979973631986,127.060917487378
1688246932,쥬코인동전노래연습장,karaoke,서울 강남구 대치동 896-3,서울 강남구 선릉로82길 23,37.503001345048226,127.05191360498591
62995689,보이스코드,karaoke,서울 강남구 신사동 610-2,서울 강남구 논현로 872,37.5264065036496,127.028823126621
2092643990,판타스틱코인노래연습장 강남일원점,karaoke,서울 강남구 일원동 645-1,서울 강남구 일원로9길 50,37.4904252689063,127.085661228618
322694622,악쓰는하마 코인노래방 가로수길점,karaoke,서울 강남구 신사동 512-10,서울 강남구 압구정로2길 62,37.5177377159383,127.021492112859
215564062,판타스틱코인노래연습장 압구정로데오점,karaoke,서울 강남구 신사동 661-15,서울 강남구 선릉로161길 22,37.52754886927198,127.0386524041384
372992819,라라코인노래연습장,karaoke,서울 강남구 역삼동 817-6,서울 강남구 테헤란로1길 32,37.5003849279774,127.027470740675
1517854569,큐코인노래연습장 한티점,karaoke,서울 강남구 역삼동 756-18,서울 강남구 선릉로 313,37.4976403003938,127.052047858551
1180198968,악쓰는하마코인노래연습장,karaoke,서울 강남구 역삼동 619-26,서울 강남구 테헤란로1길 40,37.50089674415479,127.02727754262169
1611351947,락스타코인노래연습장,karaoke,서울 강남구 신사동 514-9,서울 강남구 도산대로11길 5,37.5178610049537,127.02229301352
2002024796,슈퍼스타코인노래연습장,karaoke,서울 강남구 개포동 186-10,서울 강남구 개포로82길 9-11,37.4889185450237,127.068020137708
1810164961,엔젤스코인노래연습장 잠실신천점,karaoke,서울 송파구 잠실동 190,서울 송파구 백제고분로7길 26,37.5105303882956,127.081739080461
19960913,코러스코인노래방,karaoke,서울 서초구 양재동 11-87,서울 서초구 남부순환로356길 26,37.48373504348891,127.0378632404415
997432307,본코인노래연습장,karaoke,서울 서초구 양재동 279,서울 서초구 논현로17길 19,37.47585057830695,127.04482786256034
2012829225,팝스타2 코인노래연습장,karaoke,서울 송파구 잠실동 182-5,서울 송파구 백제고분로7길 31,37.5109191376429,127.082436237735
334902009,어썸코인노래연습장 잠실1호점,karaoke,서울 송파구 잠실동 185-7,서울 송파구 백제고분로7길 54,37.51066966470724,127.08483267284566
962032636,스타코인노래연습장,karaoke,서울 송파구 잠실동 194,서울 송파구 올림픽로8길 20,37.509771993290634,127.08005752307672
1561647322,코드코인,karaoke,서울 송파구 삼전동 48,서울 송파구 백제고분로 206,37.5036662982915,127.089521588362
1835572371,악쓰는하마 코인노래연습장,karaoke,서울 송파구 잠실동 182-2,서울 송파구 올림픽로12길 8,37.5109945782998,127.082784687728
138014620,슈퍼스타코인노래연습장 신천점,karaoke,서울 송파구 잠실동 184-2,서울 송파구 올림픽로 116-1,37.5113796086034,127.083635675789
1339838121,슈퍼스타코인노래방 강남역2호점,karaoke,서울 서초구 서초동 1308-10,서울 서초구 서초대로77길 37,37.5009873300136,127.025088131736
148189393,온에어코인노래연습장 새내역점,karaoke,서울 송파구 잠실동 185-5,서울 송파구 백제고분로7길 52,37.5106643885096,127.084651697791
136211650,젤리몬스터코인노래연습장,karaoke,서울 서초구 서초동 1304-4,서울 서초구 서초대로77길 48,37.501936096571,127.025053390497
1762426472,세븐스타코인노래연습장 석촌고분역점,karaoke,서울 송파구 석촌동 210,서울 송파구 백제고분로 276,37.5021068473713,127.097259794918
269211833,판타스틱코인노래연습장 양재시민의숲역점,karaoke,서울 서초구 양재동 326-10,서울 서초구 동산로 7,37.4692387139968,127.040533922417
1943494660,닥터브이 노래연습장 강남역점,karaoke,서울 서초구 서초동 1308-5,서울 서초구 서초대로77길 43,37.50139191945683,127.02490958219202
1829592458,포탈 코인노래방,karaoke,서울 서초구 서초동 1303-16,서울 서초구 서초대로77길 62,37.5027310219242,127.023903492799
1502422950,엔젤스코인노래연습장 교대점,karaoke,서울 서초구 서초동 1578-4,서울 서초구 서초중앙로 75,37.4885002731975,127.014286682933
810736935,엔젤스코인노래연습장 남부터미널점,karaoke,서울 서초구 서초동 1602-10,서울 서초구 효령로 289,37.4851402157316,127.015840717327
1373286821,세븐스타 코인노래연습장 송파구청점,karaoke,서울 송파구 방이동 36-8,서울 송파구 올림픽로32길 13,37.51493203647921,127.1092923347853
1395251272,세븐스타코인노래연습장 구의역점,karaoke,서울 광진구 구의동 252-44,서울 광진구 자양로 112,37.5376699272101,127.083667292868
164334107,빈티지코인노래연습장 송파석촌역점,karaoke,서울 송파구 송파동 13-4,서울 송파구 백제고분로41길 19-1,37.5077781539619,127.107229115557
1717161297,세븐스타코인노래연습장 천호로데오점,karaoke,서울 강동구 천호동 454-59,서울 강동구 올림픽로70길 60,37.5389423837347,127.126857443029
1977750434,엔젤스코인노래연습장 고덕역점,karaoke,서울 강동구 명일동 47-4,서울 강동구 동남로75길 19,37.5541300300829,127.155176002093
1352670434,빈티지코인노래연습장 천호점,karaoke,서울 강동구 천호동 453-24,서울 강동구 천호대로157길 26,37.5388371196293,127.127551994506
1804896224,빈티지코인노래연습장,karaoke,서울 강동구 성내동 429-3,서울 강동구 양재대로 1335,37.525629308115,127.134889625651
943866907,도깨비코인노래방,karaoke,서울 강동구 성내동 48-4,서울 강동구 천호옛길 94,37.5368871928116,127.126025738331
1069528609,플로렌스코인노래연습장 둔촌역점,karaoke,서울 강동구 성내동 439-13,서울 강동구 양재대로 1329,37.5252032037029,127.134828900828
727681226,악쓰는하마 로데오2호점,karaoke,서울 강동구 천호동 454-49,서울 강동구 천호대로157길 7,37.5382452347422,127.126648070982
582681004,판타스틱코인노래연습장 길동역점,karaoke,서울 강동구 길동 378-6,서울 강동구 양재대로 1481,37.53827082272,127.139901059185
1642807286,101코인노래연습장 강일점,karaoke,서울 강동구 강일동 675-1,서울 강동구 아리수로93길 27,37.56562239305182,127.1738159717986
85879483,스타코인노래연습장,karaoke,서울 강동구 천호동 412-2,서울 강동구 천호대로157길 51,37.5400064754494,127.127682977391
846955747,빈티지코인노래연습장,karaoke,서울 강동구 천호동 287,서울 강동구 올림픽로 770,37.5498148292541,127.127606911847
858877355,세븐틴코인노래연습장 둔촌동역점,karaoke,서울 강동구 성내동 416,서울 강동구 양재대로 1371,37.5287021750612,127.136066083953
1922010724,슈스K코인노래연습장,karaoke,서울 강동구 둔촌동 50-1,서울 강동구 명일로 171,37.5341304672554,127.144605649244
1848304891,엔젤코인노래연습장,karaoke,서울 강동구 천호동 414,서울 강동구 올림픽로70길 61,37.5394017516094,127.126989474148
1468897311,케이스타코인동전노래연습장,karaoke,서울 강동구 길동 391-4,서울 강동구 양재대로 1484,37.5381071580481,127.140392943119
1688157377,플레이코인노래연습장 명일점,karaoke,서울 강동구 명일동 325-2,서울 강동구 구천면로 418,37.5505128113399,127.145028847218
1519673519,K스타코인노래연습장,karaoke,서울 강동구 천호동 233-34,서울 강동구 구천면로 328,37.5484890932336,127.13600811833777
1349987499,풀코인노래연습장,karaoke,서울 강동구 천호동 287-3,서울 강동구 상암로 44,37.5496826095361,127.128229091567
1249493654,세이렌노래연습장,karaoke,서울 강동구 고덕동 210-3,서울 강동구 고덕로83길 12,37.557596179213974,127.16894997804697
1606747110,고덕코인노래연습장,karaoke,서울 강동구 명일동 48-3,서울 강동구 동남로73길 17,37.5527498371318,127.155073551535
1815729853,머코코인노래연습장,karaoke,서울 강동구 명일동 344-16,서울 강동구 상암로 199,37.5466272412051,127.14467504978
2090032857,슈퍼스타코인노래방 명일점,karaoke,서울 강동구 명일동 312-44,서울 강동구 양재대로147길 7,37.5521904798972,127.14354506605
204133889,룰라코인노래연습장,karaoke,서울 강동구 명일동 47-17,서울 강동구 동남로75길 13-21,37.5533006981892,127.15549115855
2001805635,잇츠코인노래방 하남미사점,karaoke,경기 하남시 풍산동 506,경기 하남시 미사강변대로34번길 106,37.5572099265553,127.188415357612
27326954,24시코인노래연습장,karaoke,서울 강북구 수유동 224-1,서울 강북구 도봉로87길 35,37.639022768697984,127.02392669634162
1903283892,조아24시코인노래연습장,karaoke,서울 노원구 상계동 602-3,서울 노원구 상계로 65,37.6562760907356,127.06230448809
469264889,24시큐코인노래연습장,karaoke,서울 중랑구 중화동 314-2,서울 중랑구 중랑역로 57,37.5988778615164,127.077492913683
1384413057,씽어송코인노래연습장 번동점,karaoke,서울 강북구 번동 269-3,서울 강북구 월계로37길 143,37.6281098095179,127.043592601101
377821683,조이903코인노래연습장,karaoke,서울 강북구 미아동 775-40,서울 강북구 솔매로 62,37.6247925954308,127.018979797497
1149899704,와라코인노래연습장,karaoke,서울 강북구 수유동 192-61,서울 강북구 한천로139길 42,37.6388612797844,127.024953140416
1099321487,판싱코인노래연습장,karaoke,서울 강북구 수유동 191-74,서울 강북구 도봉로87길 8,37.6383963215357,127.025188646953
258203884,히든싱어코인노래연습장,karaoke,서울 강북구 수유동 316-4,서울 강북구 삼양로 466,37.6447913142898,127.015976536963
648440482,프렌즈코인노래연습장,karaoke,서울 강북구 미아동 55-3,서울 강북구 도봉로10길 22,37.6135835925827,127.030886384746
1975929076,악쓰는하마코인노래방 미아점,karaoke,서울 강북구 미아동 860-241,서울 강북구 도봉로8길 12,37.612538415996625,127.03099921229408
671696296,비트코인노래방,karaoke,서울 강북구 미아동 226-56,서울 강북구 솔매로 89,37.6253074188244,127.022089442144
879613997,미니K코인노래연습장,karaoke,서울 강북구 수유동 221-26,서울 강북구 도봉로87길 52,37.639200424868,127.02311325731
396882944,코인박스동전 노래연습장,karaoke,서울 강북구 미아동 302-20,서울 강북구 솔매로 102,37.6254585128494,127.02349641723
856831392,세븐틴코인노래연습장 수유점,karaoke,서울 강북구 수유동 192-61,서울 강북구 한천로139길 42,37.6388576768037,127.02494860722
988248785,자메이카 코인노래연습장,karaoke,서울 강북구 미아동 838-4,서울 강북구 솔샘로 223,37.6202986853126,127.01759334347
363936632,코인홀릭 덕성여대점,karaoke,서울 도봉구 쌍문동 423-48,서울 도봉구 삼양로 536,37.6509111295945,127.013270679223
885315917,슈가코인노래방,karaoke,서울 도봉구 창동 578-126,서울 도봉구 덕릉로 229,37.6386092233261,127.037700369307
1317193688,가왕코인노래연습장,karaoke,서울 도봉구 창동 655-20,서울 도봉구 도봉로 468,37.6473281531484,127.034406245501
1662279446,음악대장코인노래연습장,karaoke,서울 도봉구 창동 661-33,서울 도봉구 도봉로 492,37.6492487510383,127.035415639798
701717718,세븐스타코인노래연습장 창동역점,karaoke,서울 도봉구 창동 13-2,서울 도봉구 마들로11길 57,37.65348613084837,127.05016197437276
1357792282,세븐스타코인노래연습장 중계점,karaoke,서울 노원구 중계동 506,서울 노원구 동일로203가길 29,37.6398762312879,127.064283759663
565913178,필코인노래연습장,karaoke,서울 도봉구 쌍문동 192-4,서울 도봉구 해등로 200,37.6582336129123,127.034525739935
1852057910,자메이카코인노래연습장,karaoke,서울 도봉구 쌍문동 45-15,서울 도봉구 해등로 176,37.6576273518249,127.037162608079
1609858932,스마일코인노래연습장,karaoke,서울 도봉구 창동 134-36,서울 도봉구 노해로63길 79,37.65308677490149,127.04629404750233
406065308,위코인노래연습장,karaoke,서울 도봉구 창동 74-16,서울 도봉구 노해로65길 18,37.6521749093455,127.046474793397
258395152,유튭코인노래연습장,karaoke,서울 도봉구 방학동 695-9,서울 도봉구 방학로6길 41,37.6644786790338,127.03631371665
1856251819,엔젤스코인노래연습장 노원역점,karaoke,서울 노원구 상계동 593-3,서울 노원구 상계로3길 10,37.6567066304149,127.062549633871
1530351224,팝스타코인노래연습장,karaoke,서울 노원구 월계동 942,서울 노원구 월계로 338,37.6293226317244,127.058020189054
575198103,킹콩코인노래연습장,karaoke,서울 도봉구 방학동 656-6,서울 도봉구 도당로 141,37.6673275215391,127.041923317155
1325109377,마이콘서트동전노래연습장,karaoke,서울 성북구 장위동 231-38,서울 성북구 장위로 42-1,37.6141264114874,127.041286346517
1218696473,잇츠코인노래연습장 미아점,karaoke,서울 성북구 길음동 33-8,서울 성북구 도봉로 31-1,37.61207917217861,127.0299910155083
1558153682,잇츠코인노래연습장 방학점,karaoke,서울 도봉구 방학동 716-16,서울 도봉구 도봉로150길 31,37.6664037678132,127.045041958736
1268901290,고래고래코인노래연습장 정릉점,karaoke,서울 성북구 정릉동 401-63,서울 성북구 보국문로 54,37.6093426651453,127.00983506189316
27440766,J코인노래연습장,karaoke,서울 노원구 월계동 410-7,서울 노원구 석계로 103,37.622832385575,127.060683913367
1644889918,리코스타코인노래연습장 광운대점,karaoke,서울 노원구 월계동 402-7,서울 노원구 광운로 39,37.6210745477174,127.058929022312
1719687736,슈퍼스타코인노래연습장,karaoke,서울 노원구 상계동 603-13,서울 노원구 상계로 61,37.6562114336366,127.061898726595
2012367252,휴코인노래연습장,karaoke,서울 노원구 월계동 414-2,서울 노원구 석계로 98-1,37.6233186845503,127.061137413302
2131777973,제스트코인노래연습장,karaoke,서울 노원구 상계동 617-2,서울 노원구 노해로79길 6-20,37.6553028894875,127.062569988013
495107780,시그니처코인노래연습장,karaoke,서울 노원구 상계동 717,서울 노원구 노해로 495,37.6551188121493,127.063089992763
1190441718,온앤온코인 노원,karaoke,서울 노원구 상계동 332-4,서울 노원구 노해로81길 12-33,37.6557798363211,127.063642447012
1531904547,코인홀릭 성북길음역점,karaoke,서울 성북구 길음동 542-1,서울 성북구 길음로 11,37.6035167675985,127.023345691759
2044807836,락코인노래연습장,karaoke,서울 성북구 정릉동 400-25,서울 성북구 보국문로 45,37.6085507006911,127.009771535497
1824973798,악쓰는하마코인노래연습장,karaoke,서울 노원구 상계동 333,서울 노원구 상계로 74,37.656002659508,127.063120205306
2097000247,큐코인노래연습장,karaoke,서울 노원구 상계동 358-31,서울 노원구 상계로3길 28,37.65738593683976,127.06261366737046
98439049,퍼펙트코인,karaoke,서울 노원구 상계동 593-2,서울 노원구 상계로3길 16,37.6569787640951,127.062479599256
900158268,앤유코인노래연습장,karaoke,서울 노원구 상계동 649-7,서울 노원구 동일로 1530,37.6650736365575,127.058060473198
16476354,24시노래방,karaoke,서울 양천구 신월동 51-6,서울 양천구 화곡로4길 32,37.5366713248711,126.828494910092
16296563,두꺼비노래연습장,karaoke,서울 마포구 망원동 394-89,서울 마포구 포은로 63,37.5529441955766,126.906250336032
1353165870,코인박스 동전노래연습장,karaoke,서울 영등포구 당산동3가 208,서울 영등포구 당산로32길 1-15,37.52717173717555,126.89726835379987
594870129,세븐스타코인노래연습장 마곡지구점,karaoke,서울 강서구 마곡동 795-7,서울 강서구 마곡중앙6로 93,37.5601823555716,126.83769918990075
704795249,엔젤스코인노래연습장 증미역점,karaoke,서울 강서구 등촌동 630-7,서울 강서구 화곡로68길 91,37.5575897312923,126.859095171069
1635320114,세븐스타코인노래연습장 화곡점,karaoke,서울 강서구 화곡동 357-26,서울 강서구 월정로 124,37.530334952789154,126.83833182449388
114608593,엔젤스코인노래연습장 우장산점,karaoke,서울 강서구 내발산동 723-8,서울 강서구 강서로45길 6,37.5481027947781,126.835819734027
518884167,써니코인노래연습장,karaoke,서울 강서구 마곡동 759,서울 강서구 마곡서로 158,37.5680890970957,126.825424435421
460044304,윙스코인노래연습장,karaoke,서울 강서구 등촌동 663-6,서울 강서구 화곡로63길 129,37.558841097364365,126.84601391940224
1343315514,마곡코인노래연습장,karaoke,서울 강서구 마곡동 773-2,서울 강서구 마곡중앙6로 16,37.5604016420151,126.829006434325
1257508383,제로백 코인노래방 우장산역점,karaoke,서울 강서구 내발산동 719-5,서울 강서구 강서로 271,37.54996086491344,126.83597295779713
725572911,스마일코인노래연습장,karaoke,서울 강서구 화곡동 781-3,서울 강서구 등촌로 21,37.5318767952939,126.863494831869
1654066841,스마일코인노래연습장 강서구청점,karaoke,서울 강서구 화곡동 1117-7,서울 강서구 공항대로46길 90,37.5523681207431,126.850757685589
649876063,그랑코인노래연습장,karaoke,서울 강서구 마곡동 799-7,서울 강서구 마곡중앙4로 10,37.5585908943039,126.827941040391
286520197,럭키코인노래연습장,karaoke,서울 강서구 마곡동 757-3,서울 강서구 마곡중앙5로1길 20,37.5686667300974,126.826712358082
637893053,대방코인노래연습장,karaoke,서울 강서구 마곡동 776-2,서울 강서구 양천로 344,37.56794727015404,126.84044310003407
1884313087,주니코인노래연습장,karaoke,서울 강서구 등촌동 63-12,서울 강서구 양천로 452,37.56277613251843,126.85123380537725
2043623601,에코인노래방 마곡점,karaoke,서울 강서구 마곡동 796-5,서울 강서구 마곡중앙6로 63,37.560462481713984,126.83439483400903
82800285,렉스코인노래연습장,karaoke,서울 강서구 화곡동 1066-22,서울 강서구 화곡로 145,37.541200432838444,126.8379112041405
868113165,앤동전노래연습장,karaoke,서울 강서구 화곡동 343-57,서울 강서구 강서로 39,37.531337188149,126.846681420408
879485984,슈퍼스타코인노래연습장 화곡역점,karaoke,서울 강서구 화곡동 1075,서울 강서구 화곡로 164,37.54126433905532,126.83984483007774
118179872,실로코인노래연습장,karaoke,서울 강서구 화곡동 1060-6,서울 강서구 화곡로 197,37.5433882144997,126.842690661681
2116997356,엔돌핀 코인노래연습장,karaoke,서울 강서구 염창동 264-18,서울 강서구 공항대로71길 49,37.549485518804936,126.87281462065319
47338962,코인박스동전노래연습장,karaoke,서울 강서구 화곡동 343-64,서울 강서구 강서로 43-17,37.5310993363957,126.846690958193
1733294761,뮤직자율코인노래연습장,karaoke,서울 강서구 마곡동 777-5,서울 강서구 마곡동로10길 46,37.5669518099514,126.839880402039
938920094,쓰리스타코인노래연습장,karaoke,서울 강서구 화곡동 343-31,서울 강서구 강서로 47,37.5319521404663,126.846349799401
2065596478,도레미코인노래연습장,karaoke,서울 강서구 화곡동 1006-12,서울 강서구 강서로 243-8,37.5476369157955,126.835774359644
533325963,매드락코인노래연습장,karaoke,서울 강서구 화곡동 1065-1,서울 강서구 화곡로25길 2,37.5413489605954,126.838468721609
1659571589,코인박스 곰달래점,karaoke,서울 강서구 화곡동 862-17,서울 강서구 곰달래로 203,37.5314944937905,126.855683414055
71955624,염창코노노래연습장,karaoke,서울 강서구 염창동 282-26,서울 강서구 공항대로 621,37.54720984756762,126.87388785704694
1937069668,락스타코인노래연습장 강서구청점,karaoke,서울 강서구 화곡동 1116-3,서울 강서구 화곡로 330,37.55332374815733,126.8512095918654
1064175891,엠젯코인노래연습장,karaoke,서울 강서구 염창동 282-22,서울 강서구 공항대로 629,37.547215327934325,126.87480445063053
1581667319,에코인노래연습장,karaoke,서울 강서구 방화동 830-1,서울 강서구 금낭화로 136,37.577354802655,126.81299425625
1149138092,스타코인 화곡역점,karaoke,서울 강서구 화곡동 1075,서울 강서구 화곡로 164,37.5413039644757,126.839831167095
1585611952,큐코인노래연습장 등촌점,karaoke,서울 강서구 등촌동 513-21,서울 강서구 등촌로 169,37.5449810055435,126.862006684074
1574079682,럭키스타코인노래연습장,karaoke,서울 양천구 목동 606-18,서울 양천구 등촌로 236,37.55057806273964,126.8643886931997
973758307,잭슨코인노래연습장,karaoke,서울 양천구 목동 610-23,서울 양천구 목동중앙북로 19-1,37.5485164621866,126.865863544604
1154264006,에코인노래연습장,karaoke,서울 양천구 목동 602-11,서울 양천구 목동중앙북로7길 6,37.5482756518835,126.86724229459
504788691,세븐스타코인노래연습장 목동점,karaoke,서울 양천구 목동 907-14,서울 양천구 목동동로 385,37.535901857717,126.879497334688
2025008217,엔젤스코인노래연습장 목동역점,karaoke,서울 양천구 신정동 887-9,서울 양천구 신정중앙로 93,37.526659474727,126.862266699604
184439403,제이스타코인노래뮤비방,karaoke,서울 양천구 목동 718-12,서울 양천구 목동중앙본로7길 42,37.539481716739274,126.8662780159567
1810575552,엔젤스코인노래연습장 오목교역점,karaoke,서울 양천구 목동 406-34,서울 양천구 오목로 339,37.52474671279953,126.87530017118907
1069426840,잇츠코인노래연습장,karaoke,서울 양천구 신정동 922-10,서울 양천구 오목로 151,37.5248918507403,126.854129323619
1602154285,로데오코인노래연습장,karaoke,서울 양천구 신정동 899-5,서울 양천구 목동로 219,37.5279146117651,126.863857285733
1984665339,꾀꼬리코인노래 신월3동점,karaoke,서울 양천구 신월동 147-5,서울 양천구 남부순환로40길 2,37.5351500348103,126.828217800516
1568487673,판타스틱 노래방,karaoke,서울 양천구 목동 905-22,서울 양천구 목동동로 339,37.5321688874375,126.876756347559
1017789669,코인박스 동전노래연습장,karaoke,서울 양천구 목동 907-23,서울 양천구 목동동로 391,37.5358810209029,126.880271271251
802222946,준코인노래연습장,karaoke,서울 양천구 목동 405-281,서울 양천구 오목로 320,37.5245711569304,126.87289539125
15975889,24시노래방,karaoke,서울 관악구 신림동 1432-68,서울 관악구 신림로67길 5,37.4860767836155,126.928947677393
27455757,24시코인노래,karaoke,서울 관악구 봉천동 1633-19,서울 관악구 남부순환로246길 24,37.47553468304304,126.96414079992194
262105134,24시코인노래,karaoke,서울 관악구 신림동 246-29,서울 관악구 대학길 41,37.4687545014769,126.937872956259
27404089,24시코인노래,karaoke,서울 동작구 상도동 323-25,서울 동작구 국사봉길 13,37.498589091558785,126.92898445138685
1965112773,마블노래빠,karaoke,경기 광명시 철산동 416,경기 광명시 오리로854번길 8,37.4746879845769,126.86805652801
133251974,세븐스타코인노래연습장 서울대입구역점,karaoke,서울 관악구 봉천동 1569-5,서울 관악구 관악로 153,37.4790046872963,126.952048722973
695779985,세븐스타코인노래연습장 신림동점,karaoke,서울 관악구 신림동 529-8,서울 관악구 난곡로 320,37.4826506743977,126.91461900024
704521769,엔젤스코인노래연습장 신림점,karaoke,서울 관악구 신림동 1431-16,서울 관악구 신림로 359,37.4863363471621,126.929069546087
1928331409,세븐스타코인노래연습장 신림역점,karaoke,서울 관악구 신림동 1640-8,서울 관악구 남부순환로 1608,37.4839181075855,126.929180375009
2131835935,고래고래코인노래연습장,karaoke,서울 관악구 신림동 1638-26,서울 관악구 신림로59길 11,37.4829917655452,126.929004869575
906821324,코인스타 코인노래연습장,karaoke,서울 관악구 봉천동 1686-23,서울 관악구 남부순환로 1927,37.4774383034888,126.963445728918
321226324,코캉스코인노래연습장,karaoke,서울 관악구 봉천동 944-33,서울 관악구 남부순환로 1711,37.4832035372339,126.940487477598
908567603,스타버스코인노래연습장 신림2호점,karaoke,서울 관악구 신림동 1641-107,서울 관악구 신림로 328,37.48345456626771,126.92998244094856
1242103427,골든싱어코인노래연습장 서울대점,karaoke,서울 관악구 봉천동 854-13,서울 관악구 관악로14길 11,37.4792475434711,126.953258291919
1997036385,스타버스코인노래연습장 서울대2호점,karaoke,서울 관악구 봉천동 862-7,서울 관악구 관악로 169,37.4803499787598,126.952258154908
2071600121,멜로디팩토리 코인노래연습장,karaoke,서울 관악구 신림동 1536-16,서울 관악구 호암로22길 61,37.468698679517,126.936257626084
1656167596,샤로스타코인노래,karaoke,서울 관악구 봉천동 1603-3,서울 관악구 남부순환로226길 31,37.47920810057033,126.95377047045272
833671308,세븐틴코인노래연습장 사당역점,karaoke,서울 관악구 남현동 1060-11,서울 관악구 과천대로 955,37.4759206432559,126.981114441651
1098529287,가수코인노래연습장 신대방역2호점,karaoke,서울 관악구 신림동 518-38,서울 관악구 난곡로 359,37.486084499109,126.913493451925
1830522098,코인송노래연습장,karaoke,서울 관악구 봉천동 926-36,서울 관악구 남부순환로 1729,37.48261332009774,126.94218841920063
1844376094,별코인노래연습장,karaoke,서울 관악구 신림동 1433-49,서울 관악구 남부순환로 1601,37.4843681837691,126.928469895497
888524730,조아코인노래연습장,karaoke,서울 관악구 신림동 1639-23,서울 관악구 남부순환로 1596,37.4838354423806,126.92806562987
2005137420,스마일코인노래연습장,karaoke,서울 관악구 봉천동 492-12,서울 관악구 양녕로 66,37.487956631948016,126.94672977402763
563394333,비트코인노래연습장,karaoke,서울 관악구 봉천동 1685-14,서울 관악구 남부순환로 1907,37.4782206205666,126.961370755828
109105804,슈퍼스타코인노래연습장 신림점,karaoke,서울 관악구 신림동 1641-19,서울 관악구 신림로 312,37.48222565620033,126.93009325863021
907288644,골든싱어코인노래오락실,karaoke,서울 관악구 봉천동 1613-1,서울 관악구 남부순환로230길 35,37.47847449331623,126.95563636561663
973036839,실로코인노래연습장,karaoke,서울 관악구 봉천동 1686-31,서울 관악구 남부순환로 1929,37.4773374288514,126.963570139054
1991231635,비투박스코인노래연습장,karaoke,서울 관악구 신림동 1538-2,서울 관악구 대학길 36,37.469129170477,126.937585516761
1360518824,윈스타코인노래연습장,karaoke,서울 관악구 남현동 1057-24,서울 관악구 남현길 6,37.4762461607161,126.977420891558
38001737,와썸코인노래연습장,karaoke,서울 관악구 신림동 94-262,서울 관악구 신림로 212,37.4763363337968,126.937553521125
825257223,와드코인노래연습장 신림점,karaoke,서울 관악구 신림동 1433-76,서울 관악구 남부순환로 1597-11,37.48459741739049,126.92761037248141
22301041,코인노래방,karaoke,서울 관악구 신림동 1461-3,서울 관악구 신림동7길 26,37.4858805508628,126.926311110222
668771998,휴코인노래연습장,karaoke,서울 관악구 신림동 산 56-1,서울 관악구 관악로 1,37.4614733253329,126.958110499967
922138469,더코인팝,karaoke,서울 관악구 신림동 1639-16,서울 관악구 남부순환로 1592-5,37.4835785517494,126.927896278897
528784676,비트코인 동전노래연습장 숭실대직영점,karaoke,서울 동작구 상도동 504-6,서울 동작구 상도로61길 34,37.4947903719526,126.956780150279
296549615,숭실코인노래연습장,karaoke,서울 동작구 상도동 505-4,서울 동작구 사당로 24,37.4950932025824,126.957033279926
1582359586,블라블라코인노래연습장,karaoke,서울 동작구 상도동 502,서울 동작구 사당로 18-1,37.4951686722189,126.95644633941
2049051101,슈퍼스타코인노래연습장 사당역점,karaoke,서울 서초구 방배동 445-5,서울 서초구 방배천로 5-3,37.477048884527,126.982257144052
1974306537,락휴코인노래연습장 서울이수점,karaoke,서울 동작구 사당동 132-20,서울 동작구 동작대로27길 16-5,37.4877328543082,126.981017619387
63730938,보가코인노래연습장 성대시장점,karaoke,서울 동작구 상도동 323-17,서울 동작구 국사봉1길 12,37.49877935643311,126.92923871866007
2027650821,리코스타 코인노래방 이수점,karaoke,서울 동작구 사당동 139-84,서울 동작구 동작대로27가길 5,37.4873508687798,126.981280039715
1272740281,스타코인노래연습장,karaoke,서울 동작구 사당동 1031-27,서울 동작구 동작대로 21,37.4784777487814,126.981368176806
1858369074,로로코인,karaoke,서울 동작구 상도1동 759,서울 동작구 양녕로 262,37.5031834364116,126.948287576987
1280085527,판타스틱코인노래연습장 신대방점,karaoke,서울 동작구 신대방동 361-57,서울 동작구 여의대방로22길 80,37.4977294481377,126.924491220935
887111069,보가코인노래연습장,karaoke,서울 동작구 상도1동 792,서울 동작구 상도로41길 7,37.501727964216045,126.94956652283864
1206815258,준 코인 노래연습장,karaoke,서울 동작구 대방동 336-6,서울 동작구 상도로 82,37.499474309225874,126.92970285787227
744962988,블라블라코인노래연습장,karaoke,서울 동작구 흑석동 223-1,서울 동작구 흑석로 94,37.5072686292652,126.959980489678
1973428908,판타스틱코인노래연습장 방배카페거리점,karaoke,서울 서초구 방배동 769-15,서울 서초구 방배중앙로 172,37.4944163564139,126.98629116596
475892098,스카이24시노래방,karaoke,서울 동대문구 장안동 365-8,서울 동대문구 장한로 96,37.5690442892775,127.070110050876
1535215543,엔젤스코인노래연습장 구의본점,karaoke,서울 광진구 구의동 212-2,서울 광진구 아차산로 473,37.5405189985495,127.094284017236
2064445976,렉스코인노래연습장 군자점,karaoke,서울 광진구 군자동 478-1,서울 광진구 천호대로 546,37.5571538578735,127.078664062302
1360607617,빈티지코인노래연습장 구의점,karaoke,서울 광진구 자양동 216-26,서울 광진구 아차산로 370,37.5364452102253,127.084030250163
628212278,코인악쓰는하마 건대4호점,karaoke,서울 광진구 화양동 15-55,서울 광진구 능동로13길 58,37.5443572173139,127.069681824893
826951210,슈퍼스타코인노래연습장,karaoke,서울 광진구 화양동 47-15,서울 광진구 아차산로29길 25,37.5420495500742,127.068497227418
106764785,엔젤코인노래연습장 건대점,karaoke,서울 광진구 화양동 5-91,서울 광진구 동일로22길 115,37.5407464472164,127.070465996182
1203276423,악쓰는하마,karaoke,서울 광진구 자양동 7-25,서울 광진구 아차산로 224,37.5405649142259,127.06813152353
2120216652,악쓰는하마 건대3호점,karaoke,서울 광진구 화양동 7-42,서울 광진구 동일로22길 100,37.540864135786535,127.06952355668746
286322036,도깨비코인노래연습장,karaoke,서울 광진구 구의동 252-115,서울 광진구 자양로18길 19,37.5377926463812,127.084674435077
584924649,렛츠코인노래연습장 아차산점,karaoke,서울 광진구 구의동 54-13,서울 광진구 자양로 277,37.5508009927557,127.091101151497
922761006,렛츠코인노래연습장 자양점,karaoke,서울 광진구 자양동 609-22,서울 광진구 뚝섬로 605,37.5329576672331,127.077088632961
350187755,렛츠코인노래연습장,karaoke,서울 광진구 구의동 200-20,서울 광진구 아차산로 481,37.540971664157574,127.094954443737
907997478,스위티코인노래연습장,karaoke,서울 광진구 중곡동 78-3,서울 광진구 영화사로 1,37.5587076379711,127.088211150075
423957790,락코인,karaoke,서울 광진구 중곡동 169-21,서울 광진구 면목로 172,37.5684369198958,127.082784831841
1028533904,나루코인노래연습장,karaoke,서울 광진구 구의동 546-11,서울 광진구 강변역로4길 10,37.5353488578945,127.093405175749
417625931,리코스타 코인노래연습장 건대후문점,karaoke,서울 광진구 화양동 495-10,서울 광진구 광나루로24길 8,37.5458894257059,127.076151412882
1381433417,세븐틴코인노래연습장 군자역점,karaoke,서울 광진구 군자동 477-19,서울 광진구 능동로 297,37.5565194853614,127.0787697799
1570675376,세븐틴코인노래연습장,karaoke,서울 광진구 능동 220-14,서울 광진구 능동로36길 17,37.5561671321082,127.080202197158
532634500,리코스타 코인노래연습장,karaoke,서울 광진구 화양동 47-10,서울 광진구 아차산로29길 29,37.542128782818,127.068592348595
648345816,크레이지더코인노래연습장,karaoke,서울 광진구 화양동 220,서울 광진구 광나루로 394,37.54722283047231,127.07342219682744
1115469827,리코스타 코인노래연습장 세종대점,karaoke,서울 광진구 화양동 112-16,서울 광진구 능동로19길 17,37.5469763374442,127.072807493402
16088225,세븐스타,karaoke,서울 광진구 중곡동 79-9,서울 광진구 용마산로 46,37.5577742803284,127.088110454168
304087617,밀리언코인노래연습장,karaoke,서울 성동구 성수동2가 321-7,서울 성동구 연무장길 50,37.542484657095336,127.05483996849598
1564754242,브이코인노래연습장,karaoke,서울 성동구 성수동2가 300-65,서울 성동구 아차산로 91,37.5453076530108,127.054483325472
1562327679,세븐틴코인노래연습장 성수점,karaoke,서울 성동구 성수동2가 300-75,서울 성동구 아차산로7길 3,37.545692572957,127.054062655628
404608069,세븐스타코인노래연습장 장안동점,karaoke,서울 동대문구 장안동 337-10,서울 동대문구 답십리로72길 28,37.5709674077279,127.073894891116
87258506,렉스코인노래연습장,karaoke,서울 성동구 성수동1가 656-1056,서울 성동구 왕십리로4길 19-1,37.5465879098036,127.046174921932
1494990361,코인홀릭 장안사거리점,karaoke,서울 동대문구 장안동 371-10,서울 동대문구 장한로25길 3,37.5715972275,127.070917280084
1459272115,오아시스메타코인노래연습장 송파방이점,karaoke,서울 송파구 방이동 64-12,서울 송파구 오금로11길 12,37.5144092342648,127.108554086675
369537875,에피소드코인노래연습장,karaoke,서울 송파구 방이동 36-9,서울 송파구 오금로11길 21,37.51505622395541,127.10945539757513
1444017709,슈퍼스타 코인노래연습장 신방이점,karaoke,서울 송파구 방이동 69-5,서울 송파구 올림픽로32길 30,37.5134658143562,127.109604642155
854382927,베스트 코인노래연습장,karaoke,서울 송파구 방이동 64-5,서울 송파구 오금로11길 16,37.5146330679322,127.109114313524
1216888579,악쓰는하마 코인노래연습장,karaoke,서울 송파구 방이동 60-5,서울 송파구 올림픽로32길 21,37.5141766348771,127.109681466006
201368203,세븐스타코인노래연습장 개봉역점,karaoke,서울 구로구 개봉동 407-17,서울 구로구 개봉로20길 74,37.49328985122928,126.85841997649452
371887979,세븐스타코인노래연습장 오류동역점,karaoke,서울 구로구 오류동 52-7,서울 구로구 경인로20길 10,37.495312965484,126.8436939528
1515923118,세븐스타코인노래연습장 구일점,karaoke,서울 구로구 구로동 685-448,서울 구로구 구일로4길 30,37.4918756771064,126.876447166164
136261754,세븐스타코인노래연습장 구로항동점,karaoke,서울 구로구 항동 119-6,서울 구로구 서해안로 2102,37.4801528769518,126.823409860674
1611463513,퀸비코인노래연습장 신도림역점,karaoke,서울 구로구 신도림동 338,서울 구로구 경인로67길 23,37.5105250007756,126.889495945625
812415515,골든싱어 코인노래연습장 구디점,karaoke,서울 구로구 구로동 1124-37,서울 구로구 디지털로32나길 16,37.4837533259253,126.900561493454
875315258,세븐틴코인노래연습장 구로디지털단지역점,karaoke,서울 구로구 구로동 1124-41,서울 구로구 디지털로32나길 34,37.4843250086667,126.901089884412
4714288,렉스코인노래연습장,karaoke,서울 구로구 구로동 23-7,서울 구로구 공원로6가길 43,37.5032831672774,126.889969176386
38749870,뮤직스타 코인노래연습장,karaoke,서울 구로구 구로동 145-15,서울 구로구 도림로 83,37.4903109779997,126.892466810406
1215912701,슈퍼스타코인노래 구로디지털점,karaoke,서울 구로구 구로동 1125-1,서울 구로구 시흥대로 571,37.4839471948394,126.901820784816
335223409,케이팝코인노래연습장 신도림점,karaoke,서울 구로구 신도림동 437-1,서울 구로구 경인로59길 8,37.506324091601115,126.88342758527318
1109649398,코인스타동전노래연습장 개봉역점,karaoke,서울 구로구 개봉동 475,서울 구로구 경인로40길 11,37.4960409098402,126.859414441844
730386095,케이팝코인노래연습장,karaoke,서울 구로구 오류동 54-7,서울 구로구 경인로20길 7,37.4955564921154,126.843886816863
1251278725,보가코인노래연습장,karaoke,서울 구로구 개봉동 202-19,서울 구로구 남부순환로97길 20-10,37.4939134762844,126.858527356442
1929687361,씽송코인노래연습장,karaoke,서울 구로구 궁동 208-16,서울 구로구 부일로15길 29,37.4941740672483,126.833134587213
1449821884,보가코인노래연습장,karaoke,서울 구로구 고척동 76-181,서울 구로구 경인로47길 23,37.5003188824863,126.866399908379
2099971917,짬짬이코인노래연습장,karaoke,서울 양천구 신정동 203-12,서울 양천구 목동남로 48,37.5088632853778,126.864968633243
233718624,광명코인노래연습장,karaoke,경기 광명시 광명동 158-513,경기 광명시 광명로 898,37.4790446123247,126.854457041991
1934799317,슈퍼스타 코인노래방 목동점,karaoke,서울 양천구 신정동 323-10,서울 양천구 목동동로 65,37.5155959840489,126.862194282257
1569570547,프렌즈코인노래연습장 철산점,karaoke,경기 광명시 철산동 399,경기 광명시 오리로854번길 21,37.4753289957375,126.869220970938
857054070,골든라운지코인노래연습장,karaoke,경기 광명시 철산동 428,경기 광명시 오리로854번길 16-11,37.4745901194469,126.869177037899
107280773,악쓰는하마 코인노래연습장 철산점,karaoke,경기 광명시 철산동 410,경기 광명시 오리로856번길 8-1,37.4749427941448,126.867898938093
676724247,철산코인노래연습장,karaoke,경기 광명시 철산동 409,경기 광명시 오리로856번길 12,37.47496755044215,126.86828327068696
697138887,판타스틱코인노래연습장 가산디지털단지역점,karaoke,서울 금천구 가산동 50-3,서울 금천구 벚꽃로 298,37.4814405298308,126.883872145103
856815573,세븐스타코인노래연습장 가산점,karaoke,서울 금천구 가산동 60-9,서울 금천구 디지털로10길 37,37.4766454253398,126.889578635598
1996376492,팝스타코인노래연습장,karaoke,서울 양천구 신정동 1183-7,서울 양천구 중앙로 263,37.5197445032308,126.852738927412
844210137,세븐스타 코인노래연습장 광명하안점,karaoke,경기 광명시 하안동 35-2,경기 광명시 하안로287번길 21,37.46115980287903,126.87860009990588
1215700745,원스코인노래연습장,karaoke,경기 광명시 광명동 346-48,경기 광명시 광명로 825,37.4731271683056,126.85114826718716
639631900,코인박스 코인노래연습장 신월점,karaoke,서울 양천구 신월동 550-3,서울 양천구 신월로 164,37.51771149035538,126.842008191443
528554078,더큰코인노래연습장,karaoke,서울 양천구 신월동 537-8,서울 양천구 신월로 175,37.518813187519434,126.84251150565697
387581389,플레이코인노래연습장,karaoke,서울 양천구 목동 406-22,서울 양천구 오목로 333,37.5248576485404,126.874555610464
484424626,룰루랄라코인노래연습장,karaoke,서울 양천구 신정동 117-36,서울 양천구 신목로 78-1,37.5217507345953,126.874311943105
736381037,헬로코인노래연습장,karaoke,서울 영등포구 문래동3가 77-57,서울 영등포구 선유로 54,37.5188087451464,126.889409073164
2040226083,준코인노래연습장,karaoke,서울 영등포구 도림동 269-4,서울 영등포구 도영로 19,37.50850695753769,126.89566752552533
330605488,세븐스타코인노래연습장 부천옥길점,karaoke,경기 부천시 소사구 옥길동 745-5,경기 부천시 소사구 옥길로 124,37.467507205972,126.823403437272
828023333,케이존코인노래연습장,karaoke,서울 양천구 목동 404-97,서울 양천구 신목로2길 54,37.5225539775996,126.87731063315
2072975181,휴가코인노래연습장,karaoke,서울 영등포구 신길동 362-3,서울 영등포구 도신로 90,37.5069432099978,126.902457966769
1619564292,코인스타동전노래연습장,karaoke,서울 금천구 시흥동 883-9,서울 금천구 시흥대로52길 65,37.4541865548578,126.901504814494
1210078122,101코인노래연습장,karaoke,서울 금천구 시흥동 272-20,서울 금천구 금하로 726,37.4503984680723,126.910270693967
1022462403,온에어코인노래연습장 시흥동점,karaoke,서울 금천구 시흥동 889-2,서울 금천구 시흥대로52길 51,37.4535956980489,126.901754232576
895368242,옥스코인노래연습장 독산본점,karaoke,서울 금천구 독산동 286-8,서울 금천구 시흥대로 406,37.4695984769679,126.898451632479
1150829535,보노코인노래연습장,karaoke,서울 금천구 독산동 196-44,서울 금천구 독산로75길 16,37.469046950035946,126.90151697238424
1213621633,텐코인,karaoke,서울 금천구 독산동 1043-16,서울 금천구 독산로 181,37.4633910738694,126.903421108689
576659743,오즈코인노래연습장 독산점,karaoke,서울 금천구 독산동 286-8,서울 금천구 시흥대로 406,37.4696956975216,126.898348631011
1902221969,K팝코인노래연습장 소하점,karaoke,경기 광명시 소하동 34-71,경기 광명시 금하로 537,37.4516208052,126.89159435412
1280903922,세븐스타코인노래연습장 광명소하점,karaoke,경기 광명시 소하동 1335,경기 광명시 금하로 464,37.44841140635407,126.88401249916254
699907616,요코인노래연습장,karaoke,서울 동작구 신대방동 588-7,서울 동작구 시흥대로 664-1,37.4908452814697,126.908520542726
1806224782,케이탑피씨코인 노래연습장,karaoke,서울 금천구 독산동 192-22,서울 금천구 독산로 250,37.4690758106018,126.902638320842
26982437,세븐스타 코인노래연습장 본사,karaoke,서울 금천구 가산동 371-6,서울 금천구 가산디지털1로 165,37.480190704744196,126.88102836668644
2018529548,코인노래연습장,karaoke,경기 광명시 소하동 1338-2,경기 광명시 소하로109번길 15,37.4472915023788,126.884991766128
353620143,락휴코인노래연습장 구로디지털단지점,karaoke,서울 구로구 구로동 1125-4,서울 구로구 시흥대로 565,37.48355058611046,126.9016223097762
1186602551,데일리코인노래연습장,karaoke,서울 관악구 신림동 613-3,서울 관악구 난우길 10,37.4739940769629,126.918879543396
1805537171,슈퍼스타코인노래연습장,karaoke,서울 구로구 구로동 1125-1,서울 구로구 시흥대로 571,37.4839715126319,126.901809446454
1857019048,에코인 동전노래연습장,karaoke,경기 광명시 철산동 402,경기 광명시 오리로856번길 21,37.4756080826651,126.869016989625
1026644770,지투존게임장&코인노래방,karaoke,경기 광명시 일직동 514,경기 광명시 일직로 43,37.4227704468254,126.886946437302
749705100,멋진동전노래연습장,karaoke,서울 관악구 신림동 1525,서울 관악구 호암로 602,37.4707948887906,126.933814061399
416926070,세븐스타코인노래연습장 상계역점,karaoke,서울 노원구 중계동 154-2,서울 노원구 덕릉로83길 25,37.6600822990684,127.073983130316
1820616761,세븐스타코인노래연습장 중계은행사거리점,karaoke,서울 노원구 중계동 364-22,서울 노원구 한글비석로 254,37.6504046645014,127.077086354455
1663686697,악쓰는하마,karaoke,서울 노원구 공릉동 441-145,서울 노원구 동일로192길 83,37.62751326358878,127.07721450529789
425561522,코인악쓰는하마 월계점,karaoke,서울 노원구 월계동 47-13,서울 노원구 석계로 2,37.615224041802996,127.06482998354782
865554819,자메이카코인노래연습장 수락산점,karaoke,서울 노원구 상계동 1113-57,서울 노원구 동일로241가길 6,37.676571780008075,127.05462677769442
227571561,판타스틱코인노래연습장 중계점,karaoke,서울 노원구 중계동 364-20,서울 노원구 한글비석로 250,37.6500290044632,127.077010043975
112222830,가을 코인노래연습장,karaoke,서울 노원구 공릉동 644-49,서울 노원구 공릉로20길 3,37.61940900083935,127.07840565480035
1719023031,KPOP코인노래연습장 과학대점,karaoke,서울 노원구 공릉동 440-10,서울 노원구 공릉로 221,37.6288955658042,127.076924793871
1020558956,리코스타 코인노래연습장,karaoke,서울 노원구 공릉동 208-5,서울 노원구 공릉로 198,37.6273339143977,127.078658668321
1164072310,판타스틱코인노래연습장 당고개역점,karaoke,서울 노원구 상계동 72-95,서울 노원구 덕릉로 824,37.67004236527959,127.08124723290851
1188393374,동전노래,karaoke,서울 노원구 월계동 55-2,서울 노원구 석계로3길 18,37.6159985570231,127.063790882823
285655260,오키도키코인노래,karaoke,서울 노원구 공릉동 441-97,서울 노원구 공릉로 191,37.6268364310863,127.078866581996
122891508,리코스타코인노래방 중계점,karaoke,서울 노원구 중계동 359-20,서울 노원구 한글비석로 271,37.651971492491974,127.0770573777254
693630206,엣지코인노래방 상계역점,karaoke,서울 노원구 중계동 154-2,서울 노원구 덕릉로83길 25,37.6601039254526,127.073978618496
1211411161,코인스타노래연습장,karaoke,서울 노원구 공릉동 440-7,서울 노원구 공릉로 219,37.6288198275925,127.077009679183
1193561379,코인박스노래연습장,karaoke,서울 노원구 중계동 364-22,서울 노원구 한글비석로 254,37.6504443291959,127.077053533427
850236426,엔젤스코인노래연습장 도봉점,karaoke,서울 도봉구 도봉동 575-7,서울 도봉구 도봉로181길 41,37.6843464573468,127.043471310112
531684987,비트코인노래연습장 도봉점,karaoke,서울 도봉구 도봉동 597-36,서울 도봉구 도봉로169나길 42-1,37.6777638611307,127.043602366156
1402441645,탑코인노래연습장,karaoke,서울 도봉구 도봉동 567-1,서울 도봉구 도봉산3길 73,37.6840319260412,127.043714868674
269008025,세븐스타코인노래연습장 망월사역점,karaoke,경기 의정부시 호원동 455-5,경기 의정부시 평화로 220,37.711169500645006,127.04788273698374
1353085636,세븐스타코인노래연습장 서울시립대점,karaoke,서울 동대문구 전농동 103-103,서울 동대문구 전농로 217-3,37.5835528806273,127.053071079772
1886534858,세븐스타코인노래연습장 경희대점,karaoke,서울 동대문구 회기동 16-46,서울 동대문구 경희대로 12-1,37.5927026486945,127.052649568181
1721823098,비트앤코인노래연습장,karaoke,서울 동대문구 청량리동 260,서울 동대문구 왕산로 209,37.5809844415794,127.045925579873
913987585,더코인노래연습장,karaoke,서울 동대문구 휘경동 319-1,서울 동대문구 회기로 194,37.5898623330166,127.057350951945
1172058918,퀸덤코인노래연습장,karaoke,서울 동대문구 답십리동 493-4,서울 동대문구 천호대로 305,37.5659485708899,127.054557213482
980544223,wow코인노래연습장,karaoke,서울 동대문구 전농동 295-16,서울 동대문구 사가정로13길 3,37.578092388510576,127.05790569720455
1126780378,라이트코인노래방,karaoke,서울 동대문구 회기동 16-70,서울 동대문구 경희대로 5-1,37.592132516154,127.052209838496
246168332,리코스타코인노래연습장,karaoke,서울 동대문구 이문동 288-4,서울 동대문구 이문로 118,37.5971099117869,127.060943843744
380611263,락코인노래연습장,karaoke,서울 동대문구 회기동 42-94,서울 동대문구 경희대로1길 8-6,37.5918830678256,127.051923196135
767788784,골든싱어코인노래연습장,karaoke,서울 동대문구 전농동 150,서울 동대문구 서울시립대로 160,37.5834810391334,127.054525851426
484179945,고래고래코인노래연습장,karaoke,서울 동대문구 이문동 329-1,서울 동대문구 이문로 93,37.5953817818586,127.059230339355
490000357,노래야노래야코인노래연습장 외대앞역점,karaoke,서울 동대문구 이문동 304-25,서울 동대문구 휘경로 23,37.595551225559,127.062610510102
1801500167,네임ez코인노래연습장 고대점,karaoke,서울 동대문구 제기동 137-38,서울 동대문구 안암로22길 9,37.5881906260833,127.035334607252
1077466654,리코스타코인노래연습장 외대2호점,karaoke,서울 동대문구 이문동 287-22,서울 동대문구 이문로 100,37.5956985601974,127.059964348548
1233233813,장안코인노래연습장,karaoke,서울 동대문구 장안동 285-1,서울 동대문구 사가정로 229,37.5789856778787,127.070422771408
1647357778,외대락코인노래연습장,karaoke,서울 동대문구 이문동 288-65,서울 동대문구 이문로 108,37.5961831248821,127.06029538362
1995200638,질러질러코인노래연습장,karaoke,서울 동대문구 회기동 16-57,서울 동대문구 회기로 143,37.5917224524749,127.052463183324
585707893,리코스타코인노래방,karaoke,서울 동대문구 회기동 16-65,서울 동대문구 경희대로 3,37.59191361221,127.05212589645
1995396164,골든싱어 코인노래연습장 고려대점,karaoke,서울 성북구 안암동5가 104-41,서울 성북구 고려대로24길 60,37.583403479492524,127.02938512582287
1193524589,닥터브이코인노래방,karaoke,서울 성북구 안암동5가 104-30,서울 성북구 고려대로24길 51,37.5839286777676,127.029707999165
71688792,비투박스코인노래연습장,karaoke,서울 종로구 숭인동 1063,서울 종로구 종로 405,37.5753339690011,127.02207467226
1496167844,도깨비코인노래방,karaoke,서울 성동구 하왕십리동 966-23,서울 성동구 무학봉28길 6,37.5621274160559,127.032691910949
354495687,고래고래코인노래연습장,karaoke,서울 성동구 행당동 19-48,서울 성동구 마조로5길 5,37.5599085266445,127.040550167609
1418538040,악쓰는하마코인노래연습장,karaoke,서울 성동구 행당동 19-50,서울 성동구 마조로5길 3,37.55989045140286,127.04071087351527
1596532103,엠젯코인노래연습장 왕십리점,karaoke,서울 성동구 행당동 292-34,서울 성동구 행당로17길 26,37.5606740191214,127.033012710678
242056348,빈티지코인노래연습장 고려대점,karaoke,서울 성북구 안암동5가 102-60,서울 성북구 고려대로24길 31,37.5847954714922,127.029555499635
732631949,공대코인노래연습장,karaoke,서울 성북구 안암동5가 104-120,서울 성북구 고려대로24길 52,37.583811639278,127.029345660558
1682216573,리코스타 코인노래연습장 고려대점,karaoke,서울 성북구 안암동5가 103-101,서울 성북구 고려대로24길 45,37.5842386478482,127.029594905417
2031843953,리코스타코인노래연습장 한양대2호점,karaoke,서울 성동구 행당동 19-49,서울 성동구 마조로 19-10,37.5597644098577,127.040425591637
934269687,리코퀸노래연습장 고려대점,karaoke,서울 성북구 안암동5가 100-16,서울 성북구 고려대로27길 13,37.5868632046506,127.029737470618
1562225891,포텐코인노래연습장,karaoke,서울 성동구 행당동 19-98,서울 성동구 마조로 11,37.5589372127682,127.040663951639
2138942020,리코스타코인노래연습장,karaoke,서울 성동구 행당동 19-58,서울 성동구 마조로3가길 27,37.5597465156774,127.040056615645
1202008337,오엑스코인뮤비방 용답로데오점,karaoke,서울 성동구 용답동 14-15,서울 성동구 용답중앙15길 6,37.5639615490808,127.053297133588
1692055283,판타스틱코인노래연습장,karaoke,서울 성북구 안암동5가 101-98,서울 성북구 고려대로27길 17,37.5871073933275,127.029659445085
1229118434,도깨비코인노래방,karaoke,서울 성동구 행당동 19-97,서울 성동구 마조로 15-10,37.5591571998731,127.04024417724
1033709705,보이스코드,karaoke,서울 성동구 행당동 347,서울 성동구 행당로 75,37.5566515197791,127.027751685621
1591305631,골든싱어코인노래연습장 성신여대점,karaoke,서울 성북구 동선동1가 61,서울 성북구 동소문로20길 37-24,37.5911101505311,127.018021263252
1506470896,코노코노 코인노래연습장 종암점,karaoke,서울 성북구 종암동 87-6,서울 성북구 종암로 103,37.5993380737689,127.034048944637
1064543146,뮤직이너스,karaoke,서울 중구 을지로6가 18-37,서울 중구 을지로43길 38,37.5677097546633,127.007759305353
713782582,악쓰는하마 성신여대점,karaoke,서울 성북구 동선동1가 102,서울 성북구 동소문로22길 13,37.5924508583149,127.017813244499
1017487884,세븐틴코인노래연습장 성신여대점,karaoke,서울 성북구 동선동1가 2-1,서울 성북구 동소문로22길 12,37.5924545132208,127.017472424952
79677570,팍스코인노래연습장,karaoke,서울 동작구 노량진동 119-74,서울 동작구 만양로 89-1,37.5114933431458,126.944193028274
609998726,슈퍼밴드코인노래연습장,karaoke,서울 동작구 노량진동 114-5,서울 동작구 노량진로 162,37.5133969802196,126.943803644192
713909082,노래야노래야코인연습장 노량진점,karaoke,서울 동작구 노량진동 117-15,서울 동작구 만양로 110,37.5131873561297,126.944458705383
589305442,샤우팅코인노래방,karaoke,서울 동작구 노량진동 119-144,서울 동작구 만양로 90-1,37.511504304396,126.944509719608
1036783423,가수코인노래연습장,karaoke,서울 동작구 노량진동 36-3,서울 동작구 노량진로8길 39,37.51259462817995,126.93751088293884
1237092056,리코퀸 코인노래 연습장,karaoke,서울 동작구 노량진동 126-6,서울 동작구 만양로14가길 22,37.5125821851192,126.945108397137
2070658285,울트라모던2 노래연습장,karaoke,서울 동작구 흑석동 195-29,서울 동작구 흑석로 81-5,37.507160009365,126.958532862361
844239419,뮤직박스 코인노래연습장,karaoke,서울 동작구 노량진동 261-4,서울 동작구 노량진로8길 20,37.512652677839405,126.93654375522831
188388909,리코스타코인노래연습장 노량진점,karaoke,서울 동작구 노량진동 117-16,서울 동작구 만양로 108,37.5130342120806,126.94451537350498
231076484,지코인,karaoke,서울 동작구 상도1동 705,서울 동작구 상도로 266,37.5034983039291,126.947192601328
665776098,세븐틴코인노래연습장 여의도점,karaoke,서울 영등포구 여의도동 44-14,서울 영등포구 여의대방로 383,37.5193434181149,126.931504303627
322536788,민트박스 코인노래연습장,karaoke,서울 영등포구 여의도동 44-35,서울 영등포구 여의대방로 379,37.5191340508818,126.930929853175
367936630,판타스틱코인노래방 여의도점,karaoke,서울 영등포구 여의도동 43,서울 영등포구 국제금융로 70,37.521494530604,126.930677677589
2123149592,세븐스타코인노래연습장 신길점,karaoke,서울 영등포구 신길동 98-15,서울 영등포구 영등포로 363,37.5145573387083,126.91878815212
503796373,렉스코인노래연습장 용산점,karaoke,서울 용산구 한강로2가 115-1,서울 용산구 한강대로 132,37.5310851309333,126.970073123233
292163528,세븐스타코인노래연습장 망원역점,karaoke,서울 마포구 망원동 377-5,서울 마포구 동교로9길 48,37.55594166001724,126.9095173116177
1740205595,세븐스타코인노래연습장 마포구청역점,karaoke,서울 마포구 성산동 591-4,서울 마포구 월드컵로 196,37.56479938352657,126.90275043946562
1456319298,코인홀릭 홍대연남점,karaoke,서울 마포구 연남동 259-5,서울 마포구 동교로 235-1,37.5610813149826,126.924107027706
103315675,악쓰는하마 코인노래연습장,karaoke,서울 마포구 서교동 407-22,서울 마포구 어울마당로 62,37.55056221629922,126.9214220820254
1241082006,어썸코인노래연습장,karaoke,서울 마포구 서교동 358-30,서울 마포구 와우산로21길 4,37.5526828759937,126.92372850628533
1997372508,뉴코인싱어노래연습장,karaoke,서울 마포구 서교동 331-17,서울 마포구 어울마당로 140,37.5560943889928,126.925668232302
1282339044,레드코인노래연습장,karaoke,서울 마포구 합정동 411-5,서울 마포구 양화로6길 76,37.54838144342469,126.91824223771401
1885656051,슈퍼스타코인노래연습장 홍대입구역점,karaoke,서울 마포구 서교동 345-6,서울 마포구 어울마당로 116,37.5549495472435,126.923359517061
681528710,렉스코인노래연습장 합정역점,karaoke,서울 마포구 합정동 413-5,서울 마포구 독막로 13,37.54876936995809,126.9151162455836
1307868095,럭키코인동전노래연습장,karaoke,서울 마포구 상암동 35-1,서울 마포구 월드컵북로44길 49,37.5767892537895,126.894732344318
1495999959,악쓰는하마코인노래방 홍대1호점,karaoke,서울 마포구 서교동 356-3,서울 마포구 홍익로3길 8,37.554145911481,126.922065659644
794026298,빅코인노래연습장,karaoke,서울 마포구 서교동 366-24,서울 마포구 잔다리로2길 19,37.5517323219923,126.920986289566
2085652831,렉스코인노래연습장,karaoke,서울 마포구 동교동 152-1,서울 마포구 동교로 226,37.56003070552454,126.92403339437617
370620308,골든싱어코인노래연습장 연남점,karaoke,서울 마포구 연남동 259-4,서울 마포구 동교로 233,37.5609587263943,126.924024529433
2051254688,악쓰는하마 홍대3호점,karaoke,서울 마포구 서교동 405-1,서울 마포구 잔다리로 17,37.55065386212574,126.92103835279237
78187711,K팝스타코인노래연습장,karaoke,서울 마포구 망원동 394-86,서울 마포구 포은로 67,37.5532863692049,126.905991879693
1561705505,홍대코인노래연습장,karaoke,서울 마포구 동교동 162-5,,37.5551958663835,126.922510467664
255930735,홍박스코인노래노래방,karaoke,서울 마포구 동교동 158-26,서울 마포구 동교로 200,37.5577605053697,126.923123493883
1903034244,Q코인노래연습장,karaoke,서울 마포구 동교동 164-33,서울 마포구 어울마당로 133,37.5562442119871,126.924652907868
220569408,더피크코인노래연습장,karaoke,서울 마포구 노고산동 49-46,서울 마포구 신촌로 82,37.5556114495089,126.934809742482
367692590,뮤즈코인노래연습장,karaoke,서울 마포구 신공덕동 20-18,서울 마포구 백범로37길 22,37.5440564832966,126.95480996616
1364312055,세븐틴코인노래연습장 마포점,karaoke,서울 마포구 도화동 250-1,서울 마포구 도화길 10,37.53979710251226,126.94742159916413
419967419,i코인노래연습장,karaoke,서울 마포구 동교동 166-11,서울 마포구 양화로18길 9,37.5567740384758,126.924715752588
2054379193,슈가코인노래연습장 공덕점,karaoke,서울 마포구 공덕동 105-159,서울 마포구 마포대로 180,37.55018985983735,126.95554070688272
968716306,맥코인노래연습장,karaoke,서울 마포구 망원동 377-19,서울 마포구 월드컵로 81,37.55604813613,126.909724291719
1351038224,지코인노래연습장,karaoke,서울 마포구 신수동 81-59,서울 마포구 서강로16길 69,37.5514203938899,126.937184246926
1402274201,OX코인노래연습장,karaoke,서울 마포구 성산동 592-2,서울 마포구 월드컵로34길 6,37.5645743926399,126.903064260271
1104048366,코노코노혜자노래연습장,karaoke,서울 마포구 도화동 203-2,서울 마포구 삼개로 15-10,37.5390954538277,126.947941444047
1479698350,지코인 서강대점,karaoke,서울 마포구 신수동 81-59,서울 마포구 서강로16길 69,37.5514149897096,126.937187646479
1724792747,오엑스코인노래연습장 가좌역점,karaoke,서울 서대문구 남가좌동 396,서울 서대문구 수색로2길 39,37.5713137722132,126.915904554805
413933313,슈퍼스타코인노래연습장 명지대점,karaoke,서울 서대문구 홍은동 401-12,서울 서대문구 명지대2길 2,37.5813858553774,126.92507363541
2066845291,엠제이코인노래연습장,karaoke,서울 서대문구 남가좌동 343-1,서울 서대문구 거북골로 39,37.5791279053906,126.923574744555
600021558,악쓰는하마코인노래방 신촌점,karaoke,서울 서대문구 창천동 31-45,서울 서대문구 연세로 19,37.557396465776,126.93672426201
62751626,지코인노래방,karaoke,서울 서대문구 연희동 188-2,서울 서대문구 연희로 97,37.5668038826103,126.93051459682
510918345,인서트코인노래연습장,karaoke,서울 서대문구 남가좌동 324-31,서울 서대문구 거북골로 31,37.5795689782479,126.924330535411
288103166,리코스타 코인노래연습장 명지대2호점,karaoke,서울 서대문구 홍은동 409-51,서울 서대문구 증가로10길 63,37.5796957230428,126.925281371364
1369189331,리코스타 코인노래연습장 신촌점,karaoke,서울 서대문구 창천동 57-50,서울 서대문구 연세로7길 15,37.557584303242,126.93585151180083
1956900007,보스코인노래연습장,karaoke,서울 은평구 응암동 600-10,서울 은평구 응암로13길 5,37.58953772857566,126.91655321412868
1602279695,어썸코인노래연습장 신촌3호점,karaoke,서울 서대문구 창천동 52-49,서울 서대문구 연세로7안길 1,37.5578025290461,126.9361919872
1892468218,어썸코인노래연습장 신촌2호점,karaoke,서울 서대문구 창천동 33-20,서울 서대문구 연세로 29,37.558215479691,126.936738282524
1160547199,보가코인노래연습장,karaoke,서울 은평구 응암동 600-6,서울 은평구 응암로13길 7,37.5894493320651,126.916412914077
1349700971,리코스타 코인노래연습장 명지대1호점,karaoke,서울 서대문구 남가좌동 322-18,서울 서대문구 명지대1길 2,37.5813117347878,126.92469784427877
302602570,와다다코인노래연습장,karaoke,서울 서대문구 창천동 5-50,서울 서대문구 명물길 40,37.5583499638851,126.938896468169
735866110,와라코인노래연습장 신촌1호점,karaoke,서울 서대문구 창천동 13-33,서울 서대문구 연세로4길 19,37.5573313107875,126.937887768344
1170013400,세븐스타코인노래연습장 고양향동점,karaoke,경기 고양시 덕양구 향동동 526,경기 고양시 덕양구 향기로 115,37.600053706121,126.893652097253
1194090145,리코스타 코인노래연습장 이대점,karaoke,서울 서대문구 대현동 27-33,서울 서대문구 신촌역로 22-8,37.5588459341675,126.943356427194
799758327,스마일코인노래연습장,karaoke,서울 서대문구 충정로2가 18,서울 서대문구 충정로11길 8,37.5657201775024,126.96585317364
1150710488,원코인노래연습장,karaoke,서울 서대문구 홍제동 315-1,서울 서대문구 통일로37길 19,37.5874142130446,126.944272261545
91683861,휴코인노래연습장 신촌명물거리점,karaoke,서울 서대문구 창천동 41-1,서울 서대문구 명물길 23,37.5581872344817,126.937842918659
1563865366,히든코인노래연습장,karaoke,서울 서대문구 창천동 13-28,서울 서대문구 명물길 16,37.5575835368554,126.937786831836
1894745857,아이콘코인노래연습장 신촌점,karaoke,서울 서대문구 창천동 31-36,서울 서대문구 연세로 24,37.5577705862295,126.937111010498
820140223,리코스타코인노래연습장 연대점,karaoke,서울 서대문구 창천동 33-16,서울 서대문구 연세로9길 3,37.5584154530084,126.936648702975
568695182,세븐스타코인노래연습장 역촌동점,karaoke,서울 은평구 역촌동 42-62,서울 은평구 진흥로 33,37.60064422231682,126.91910347184061
1871392261,판타스틱코인노래연습장 은평응암점,karaoke,서울 은평구 응암동 110-57,서울 은평구 은평로 112,37.59981881209704,126.92027640479195
1910276954,코니코인노래연습장 은평점,karaoke,서울 은평구 녹번동 212,서울 은평구 은평로 197,37.601565480547286,126.9296420149799
489600042,몬스터코인노래연습장,karaoke,서울 은평구 신사동 20-11,서울 은평구 은평로 23,37.5981665059261,126.910383431393
290402939,탑동전노래연습장 응암역1호점,karaoke,서울 은평구 신사동 23-5,서울 은평구 은평로 64,37.5987356734723,126.914903244032
761539914,판타스틱코인노래연습장 고속터미널점,karaoke,서울 서초구 잠원동 75-19,서울 서초구 신반포로 177,37.50607161583965,127.00342689302238
888014525,판타스틱코인노래연습장 논현역점,karaoke,서울 서초구 잠원동 38-13,서울 서초구 신반포로47길 18-3,37.5116031267052,127.019497406212
1351993167,브레이크타임 코인노래방,karaoke,서울 서초구 서초동 1665-1,서울 서초구 서초중앙로20길 34-5,37.4922563397105,127.016106822444
1769221278,핵인싸코인노래방,karaoke,서울 서초구 잠원동 75-14,서울 서초구 신반포로 165,37.505751789605476,127.00212398602035
1389815500,레디액션코인노래연습장,karaoke,서울 서초구 반포동 94-7,서울 서초구 서래로 43,37.49885910188045,126.99827088599673
1714509099,풀코인노래연습장,karaoke,서울 중구 신당동 381-8,서울 중구 동호로 196,37.5556425050567,127.010375760591
743515562,베스타코인 노래연습장,karaoke,서울 중구 신당동 369-7,서울 중구 동호로 189,37.554817204327506,127.01022512686765
646087761,렉스코인노래연습장 종로점,karaoke,서울 종로구 종로5가 138-4,서울 종로구 종로 210,37.57066797183795,127.00120780543543
1118612201,골든싱어코인노래연습장 동국대점,karaoke,서울 중구 필동3가 18-3,서울 중구 서애로1길 10,37.5609462206673,126.998474311008
1793443748,리코스타코인노래연습장,karaoke,서울 성북구 삼선동1가 103,서울 성북구 삼선교로10길 16,37.5871999660786,127.009113191771
2122592027,씽어송코인 노래연습장 성북동점,karaoke,서울 성북구 성북동 184-69,서울 성북구 성북로 20-1,37.5899942002282,127.00475094822
986899350,닥터브이코인노래연습장 성신여대점,karaoke,서울 성북구 동선동1가 4-2,서울 성북구 동소문로22길 30,37.5916732957184,127.017856085882
1292044919,리코스타코인노래연습장 동덕여대점,karaoke,서울 성북구 하월곡동 20-2,서울 성북구 장월로1길 112,37.6045248962536,127.042892553624
1442048010,코노902코인노래연습장 길음점,karaoke,서울 성북구 길음동 1276,서울 성북구 동소문로 248,37.6030436563361,127.023803055413
1830527862,메타 코인노래연습장,karaoke,서울 성북구 동선동1가 79,서울 성북구 보문로34길 59,37.59111096462,127.018581738777
1281772802,코인쏭 성신여대점,karaoke,서울 성북구 동선동1가 121-4,서울 성북구 동소문로24길 13,37.5930958218506,127.018760003924
649319083,지르고코인노래연습장 대학로점,karaoke,서울 종로구 명륜4가 59-3,서울 종로구 대명길 37,37.5828980750397,126.999592426357
1219302577,에코코인노래연습장,karaoke,서울 종로구 명륜2가 184,서울 종로구 대명길 40,37.5830998966412,126.999379580669
2060180819,리코스타 코인노래연습장 성균관대점,karaoke,서울 종로구 명륜3가 127,서울 종로구 창경궁로29길 25,37.5837630033949,126.997522829311
1909503004,세븐틴코인노래연습장 종로3가점,karaoke,서울 종로구 낙원동 110,서울 종로구 돈화문로11길 38,37.5726740107073,126.989315106586
704713184,락휴코인노래연습장 종로관철점,karaoke,서울 종로구 관철동 14-3,서울 종로구 삼일대로19길 18,37.5696779207358,126.9865660308
1737599951,세븐틴코인노래연습장 을지로3가점,karaoke,서울 중구 을지로3가 345-7,서울 중구 을지로 110-1,37.566020232122426,126.99015818581675
955657944,피버코인노래연습장,karaoke,서울 종로구 관철동 43-5,서울 종로구 종로10길 14,37.5694001354112,126.98430671915
1098541577,케이팝코인노래연습장,karaoke,서울 중구 명동2가 55-5,서울 중구 명동4길 2,37.5634462355621,126.983438703842
1777925969,판타스틱코인노래방 가락시장점,karaoke,서울 송파구 가락동 76-5,서울 송파구 송파대로30길 41,37.4962343008349,127.121375233647
414149472,더히트코인노래방,karaoke,서울 송파구 문정동 71-1,서울 송파구 새말로8길 4,37.4824482329457,127.126300570594
2093076997,세븐틴코인노래연습장 석촌호수점,karaoke,서울 송파구 송파동 17-3,서울 송파구 백제고분로41길 11,37.5070593629061,127.107986989882
671101604,슈퍼스타코인노래연습장 방이점,karaoke,서울 송파구 방이동 208-3,서울 송파구 마천로 29,37.5095094329053,127.124242419531
809354853,판타스틱코인노래연습장 오금역점,karaoke,서울 송파구 가락동 7-11,서울 송파구 오금로36길 10,37.502608542485184,127.1251866235772
349474814,코인피그노래연습장,karaoke,서울 송파구 가락동 125-2,서울 송파구 동남로 147,37.4921316357833,127.126884524094
523135518,제로백코인노래방 개롱역점,karaoke,서울 송파구 가락동 167-3,서울 송파구 오금로 410,37.4974353784873,127.135433727509
792958296,잇츠코인노래연습장,karaoke,서울 송파구 송파동 147-1,서울 송파구 가락로 214,37.50729260752843,127.11663725706664
405746732,온에어코인노래연습장,karaoke,서울 송파구 송파동 50,서울 송파구 백제고분로45길 10,37.509443924164,127.110366736092
1322773317,힐링코인노래연습장,karaoke,서울 송파구 석촌동 278-8,서울 송파구 백제고분로40길 32,37.501921209543,127.10768215631
1956197735,도깨비코인노래연습장,karaoke,서울 송파구 방이동 111,서울 송파구 백제고분로48길 6,37.511563358568,127.113876174055
928372342,텐코인노래연습장,karaoke,서울 송파구 거여동 27,서울 송파구 오금로 504,37.492854553807,127.144647028447
161056072,팝코인노래연습장,karaoke,서울 송파구 마천동 128-127,서울 송파구 마천로 307,37.495628201142544,127.15014368489152
1134941327,얌코인노래연습장,karaoke,서울 송파구 거여동 1,서울 송파구 마천로 252,37.4988575392283,127.144987692379
154909057,잼존코인노래연습장,karaoke,서울 양천구 신월동 961-3,서울 양천구 지양로 68,37.5217019921002,126.834095925738
1480314357,아이러브코인노래연습장 영등포구청점,karaoke,서울 영등포구 당산동3가 223-3,서울 영등포구 당산로30길 5,37.5256680271228,126.897339424122
536572363,슈퍼스타코인노래방 영등포점,karaoke,서울 영등포구 영등포동3가 9-23,서울 영등포구 영중로4길 3-1,37.5172434010606,126.906815348121
586197175,뮤직박스코인노래연습장,karaoke,서울 영등포구 영등포동 631-2,서울 영등포구 영신로9나길 17,37.513677210898095,126.90565700916251
1173000128,아이러브코인노래연습장,karaoke,서울 영등포구 신길동 96-20,서울 영등포구 영등포로 378,37.5136427531725,126.920010733024
354751299,코인박스동전노래연습장 당산역점,karaoke,서울 영등포구 당산동5가 33-8,서울 영등포구 양평로 59,37.534631602732,126.89992374371
1987569968,K팝코인노래연습장 영등포점,karaoke,서울 영등포구 영등포동 618-68,서울 영등포구 영신로19길 5-4,37.51416047494067,126.9072060207929
945953046,K팝코인노래연습장,karaoke,서울 영등포구 신길동 445-2,서울 영등포구 신길로 67,37.49876662314629,126.90812298947091
871794518,슈퍼파워 코인노래연습장,karaoke,서울 영등포구 당산동5가 33-1,서울 영등포구 양평로 67,37.5349653001496,126.899248969361
419166086,ox코인 노래연습장 남영역점,karaoke,서울 용산구 원효로1가 46-5,서울 용산구 원효로 249,37.5400036892269,126.968357599417
2120454567,세븐틴코인노래연습장 이태원점,karaoke,서울 용산구 이태원동 168-12,서울 용산구 이태원로19길 1,37.5345610971559,126.991811928728
252208110,조이킹동전노래연습장 숙명여대점,karaoke,서울 용산구 청파동3가 111-9,서울 용산구 청파로47길 49,37.5445832539361,126.96756017071
664157728,지코인노래연습장 한남점,karaoke,서울 용산구 한남동 634-14,서울 용산구 한남대로21길 32,37.5334691998725,127.00629964297
1945126693,큐브코인노래연습장 이태원점,karaoke,서울 용산구 이태원동 119-8,서울 용산구 이태원로27가길 37,37.5348765296856,126.993099453221
991608390,탑코인노래방 숙명여대점,karaoke,서울 용산구 청파동3가 115-13,서울 용산구 청파로47길 67,37.5448172346725,126.966559758946
2059175874,코니코인노래연습장,karaoke,서울 용산구 이태원동 124-9,서울 용산구 이태원로 203,37.5348181174039,126.996603471834
919401091,서빙고동 코인노래방,karaoke,서울 용산구 서빙고동 134,서울 용산구 서빙고로 279,37.5204912123509,126.994615462262
817480290,락휴코인노래연습장 숙대입구점,karaoke,서울 용산구 청파동2가 63-5,서울 용산구 청파로47길 66,37.54499930831877,126.96681428212158
974669194,코노키즈,karaoke,서울 용산구 갈월동 6-19,서울 용산구 한강대로102가길 9,37.5491185133309,126.973279766303
1547259210,소다코인노래연습장,karaoke,서울 용산구 한남동 633-3,서울 용산구 대사관로 72,37.533094401746,127.005946615977
1637499326,도깨비코인노래방,karaoke,서울 은평구 갈현동 398-9,서울 은평구 연서로29길 4-1,37.61870768580161,126.91973860030308
1781398154,악쓰는하마코인노래연습장 연신내2호점,karaoke,서울 은평구 갈현동 398-11,서울 은평구 연서로29길 6,37.6188093916924,126.919583312027
2098420969,큐코인노래연습장 불광2호점,karaoke,서울 은평구 녹번동 141-20,서울 은평구 진흥로 148,37.6084452433939,126.926367036321
737124096,리코스타코인노래연습장 연신내점,karaoke,서울 은평구 갈현동 395-25,서울 은평구 통일로 863-4,37.6199411947349,126.919822227549
672443193,탑코인노래연습장,karaoke,서울 은평구 대조동 5-9,서울 은평구 통일로 745,37.6117684535735,126.928420536654
1409653031,구파발코인노래연습장,karaoke,서울 은평구 진관동 72,서울 은평구 진관2로 29-21,37.6357405645587,126.919343010467
360809308,락 코인노래연습장 연신내점,karaoke,서울 은평구 갈현동 455-9,서울 은평구 연서로27길 8-7,37.6181150800611,126.918778722568
1931315518,악쓰는하마코인노래연습장 연신내1호점,karaoke,서울 은평구 갈현동 454-1,서울 은평구 연서로29길 13,37.6189997955529,126.918699604138
27508865,금영동전노래방,karaoke,서울 은평구 갈현동 456-5,서울 은평구 연서로29길 3,37.618522026963454,126.91965724629458
641084621,에코코인동전노래연습장,karaoke,서울 은평구 진관동 68-37,서울 은평구 진관3로 22,37.6389479287666,126.91913560349
1101071085,엣지코인노래연습장,karaoke,서울 은평구 역촌동 51-79,서울 은평구 갈현로 88,37.6056656641859,126.910668883803
533875008,탑동전노래연습장 구산점,karaoke,서울 은평구 갈현동 468-2,서울 은평구 서오릉로 156,37.6122765635283,126.916043062885
1462358435,탑동전노래연습장 응암2호점,karaoke,서울 은평구 신사동 2-19,서울 은평구 은평로 57,37.5989334224825,126.914255290812
138975416,너짱코인노래연습장,karaoke,서울 은평구 역촌동 16-2,서울 은평구 서오릉로 71,37.60646232716684,126.92240069067331
1727296462,조이노래연습장,karaoke,서울 은평구 갈현동 399-6,서울 은평구 연서로29길 8-3,37.619053442493225,126.91941201196501
2103330941,씽스타코인노래연습장,karaoke,서울 은평구 역촌동 37-40,서울 은평구 진흥로1길 21,37.6024105930597,126.918418695255
1851873510,엔젤스코인노래연습장 지축역점,karaoke,경기 고양시 덕양구 지축동 1005-4,경기 고양시 덕양구 지축로 70,37.6492988237731,126.915832564033
246440902,세븐스타코인노래연습장 고양스타필드점,karaoke,경기 고양시 덕양구 동산동 369,경기 고양시 덕양구 동송로 33,37.64989715230796,126.8966553390299
281400188,세븐스타코인노래연습장 원흥도래울점,karaoke,경기 고양시 덕양구 도내동 958,경기 고양시 덕양구 도래울로 103,37.6347537288425,126.87131897082752
2123657826,드림코인노래방,karaoke,서울 종로구 관철동 19-1,서울 종로구 종로12길 14,37.5694399420421,126.985583545053
922896795,제이코인노래연습장,karaoke,서울 중구 필동2가 32-11,서울 중구 필동로 3,37.5613101708042,126.996160858876
1616580665,리코스타 코인노래연습장 동대점,karaoke,서울 중구 필동2가 37-10,서울 중구 퇴계로 222,37.561540833801,126.996409848706
670692002,세븐스타코인노래연습장 신내역점,karaoke,서울 중랑구 망우동 584,서울 중랑구 용마산로 670,37.61110682861314,127.1014788396257
1926776841,세븐스타코인노래연습장 신내점,karaoke,서울 중랑구 신내동 502-5,서울 중랑구 봉화산로56길 153,37.60174764047753,127.09684352944375
348542364,세븐틴코인노래연습장 상봉점,karaoke,서울 중랑구 상봉동 103-4,서울 중랑구 봉우재로33길 55-6,37.59500116578674,127.08863330531896
954337920,틴틴코인노래연습장,karaoke,서울 중랑구 상봉동 108-22,서울 중랑구 면목로91길 9,37.5943016274508,127.085468769611
1669860439,와썹코인노래연습장 시가정역점,karaoke,서울 중랑구 면목동 497-7,서울 중랑구 면목로 341,37.5823685331809,127.088393030787
939925394,우주코인노래연습장,karaoke,서울 중랑구 묵동 57-1,서울 중랑구 공릉로12가길 14,37.6164054735331,127.080537558555
614009135,더코인노래연습장,karaoke,서울 중랑구 상봉동 74-14,서울 중랑구 망우로55길 8,37.5986107293205,127.093064086439
1456758088,오썸코인노래연습장,karaoke,서울 중랑구 중화동 307-15,서울 중랑구 동일로 819,37.6035540229249,127.078821611812
385696002,코인조이노래연습장 서일대점,karaoke,서울 중랑구 면목동 51-19,서울 중랑구 용마산로90길 10,37.5877167015301,127.096601168175
51203338,메가박스동전노래연습장,karaoke,서울 중랑구 상봉동 130-171,서울 중랑구 망우로30길 3,37.5928294549518,127.074780446527
415045867,판타스틱코인노래연습장 중랑역점,karaoke,서울 중랑구 상봉동 129-3,서울 중랑구 망우로 214,37.5937481808418,127.076630433144
160380049,비타코인노래연습장,karaoke,서울 중랑구 면목동 634-2,서울 중랑구 면목로 319,37.5804360395502,127.088209608255
901318844,노래야노래야코인노래연습장,karaoke,서울 중랑구 묵동 176-14,서울 중랑구 공릉로 6,37.6113769678096,127.077987227671
722163506,노래야노래야코인노래연습장 상봉점,karaoke,서울 중랑구 상봉동 115-5,서울 중랑구 망우로 290-2,37.5959724302276,127.084963389243
509210070,풀코인노래연습장 면목점,karaoke,서울 중랑구 면목동 105-13,서울 중랑구 겸재로 186,37.5884187113385,127.088377540447
332507857,THE코인노래방,karaoke,서울 중랑구 망우동 403-58,서울 중랑구 용마공원로 1,37.59529083970942,127.10043825521583
150959516,틴틴코인노래연습장 먹골역점,karaoke,서울 중랑구 묵동 175-7,서울 중랑구 동일로 918,37.6123844757662,127.077680213764
2043077759,복스코인노래연습장,karaoke,서울 중랑구 망우동 461-1,서울 중랑구 봉우재로 239,37.5956647277097,127.099401532516
739790225,1%코인노래연습장,karaoke,서울 중랑구 중화동 314-1,서울 중랑구 동일로129길 35,37.5989489660796,127.077605094228
1843554266,세븐스타코인노래연습장 구리갈매점,karaoke,경기 구리시 갈매동 601-1,경기 구리시 갈매중앙로 89-8,37.6328662966248,127.117319259239
1461141424,로꼬코인노래연습장,karaoke,경기 구리시 갈매동 604-4,경기 구리시 갈매중앙로 81-6,37.6321206597816,127.116937434422
694336067,세븐스타코인노래연습장 인창동점,karaoke,경기 구리시 인창동 670-7,경기 구리시 건원대로 36,37.604354538551,127.140430150553
10811159,CGV 강남,cinema,서울 강남구 역삼동 814-6,서울 강남구 강남대로 438,37.5016573944824,127.026391177132
14718298,CGV 청담씨네시티,cinema,서울 강남구 신사동 651-21,서울 강남구 도산대로 323,37.5229506730658,127.037032355109
7973004,CGV씨네드쉐프 압구정,cinema,서울 강남구 신사동 602,서울 강남구 압구정로30길 45,37.5243205724172,127.02927482937886
7877178,메가박스 코엑스,cinema,서울 강남구 삼성동 159,서울 강남구 영동대로 513,37.5127460688163,127.05884035234267
1960427056,CGV 압구정 본관,cinema,서울 강남구 신사동 603-2,서울 강남구 논현로 848,37.524534257049396,127.02867534167731
2017438478,CGV 압구정,cinema,서울 강남구 신사동 602,서울 강남구 압구정로30길 45,37.5243493730171,127.029401542158
1913617889,롯데시네마 도곡,cinema,서울 강남구 도곡동 174-3,서울 강남구 남부순환로 2753,37.4874745085255,127.047105267661
1072118783,모노플렉스 바이 이비스스타일 앰배서더 강남,cinema,서울 강남구 대치동 893-1,서울 강남구 삼성로 431,37.5051100237004,127.057066647808
1665406362,디아드아너스,cinema,서울 강남구 신사동 631-13,서울 강남구 언주로154길 10,37.5231299132821,127.034242793066
10609442,메가박스 강남,cinema,서울 서초구 서초동 1317-20,서울 서초구 서초대로77길 3,37.4979560555237,127.026417015264
25975699,롯데시네마 월드타워,cinema,서울 송파구 신천동 29,서울 송파구 올림픽로 300,37.51391518913642,127.10489198216071
1057410264,CGV 건대입구,cinema,서울 광진구 자양동 9-4,서울 광진구 아차산로30길 26,37.53969788896453,127.06701734324294
21304567,롯데시네마 건대입구,cinema,서울 광진구 자양동 227-7,서울 광진구 아차산로 272,37.53860688301305,127.07292268612835
8545875,CGV 강변,cinema,서울 광진구 구의동 546-4,서울 광진구 광나루로56길 85,37.5354056214823,127.095655661312
7980397,메가박스 센트럴,cinema,서울 서초구 반포동 19-3,서울 서초구 신반포로 176,37.504864280151715,127.00300837909059
842820182,메가박스 구의이스트폴,cinema,서울 광진구 자양동 870,서울 광진구 아차산로 402,37.5366109156758,127.087852469231
427770120,메가박스 송파파크하비오,cinema,서울 송파구 문정동 618,서울 송파구 송파대로 111,37.4820976521034,127.123830694097
1867709864,명작극장,cinema,서울 서초구 염곡동 180-2,서울 서초구 염곡말길 9,37.4618320546766,127.050760459628
8471776,메가박스 이수,cinema,서울 동작구 사당동 147-53,서울 동작구 동작대로 89,37.484613666261986,126.98166627919223
734967892,무비랜드,cinema,서울 성동구 성수동2가 301-63,서울 성동구 연무장길 5-5,37.5441652404873,127.050299106053
148763108,메가박스 강동점,cinema,서울 강동구 성내동 549-2,서울 강동구 성내로 48,37.528476277802625,127.12524907326281
12817416,KU시네마테크,cinema,서울 광진구 화양동 1,서울 광진구 능동로 120,37.5427053469115,127.07321974685
18722015,아트나인,cinema,서울 동작구 사당동 147-53,서울 동작구 동작대로 89,37.4846217805965,126.98170019714026
1088507625,우리영화관,cinema,서울 광진구 화양동 478-2,서울 광진구 광나루로 438,37.5455431215034,127.078022699853
26870251,CGV 천호,cinema,서울 강동구 천호동 42,서울 강동구 양재대로 1571,37.5459183335957,127.142304133234
1229161219,CGV 고덕강일점,cinema,서울 강동구 고덕동 353-23,서울 강동구 고덕비즈밸리로 51,37.5664459112706,127.15776982500432
7856277,롯데시네마 강동,cinema,서울 강동구 성내동 44-1,서울 강동구 천호옛길 85,37.5366212294337,127.125337370172
2135428667,CGV 수유,cinema,서울 강북구 수유동 168-12,서울 강북구 도봉로 399,37.64238839946736,127.0298445691386
10811991,CGV 미아,cinema,서울 강북구 미아동 35-4,서울 강북구 도봉로 34,37.6120573620072,127.030715864901
466590669,롯데시네마 수유,cinema,서울 강북구 번동 449-1,서울 강북구 도봉로 308,37.6356972554135,127.0238146009
1653886254,CGV 방학,cinema,서울 도봉구 방학동 707-14,서울 도봉구 도봉로 684,37.6653861881832,127.043635927027
22105322,롯데시네마 노원,cinema,서울 노원구 상계동 713,서울 노원구 동일로 1414,37.655019837734514,127.06112486570564
19537620,CGV 중계,cinema,서울 노원구 중계동 509-2,서울 노원구 동일로204가길 12,37.6396655720199,127.068773695534
2027200863,그때 그 시절 청춘극장,cinema,서울 도봉구 창동 303,서울 도봉구 도봉로 552,37.65413473567,127.038439150421
1480852440,더숲아트시네마,cinema,서울 노원구 상계동 727-1,서울 노원구 노해로 480,37.6541610382725,127.061439199647
1289626234,하늘채시네마,cinema,서울 성북구 장위동 319,서울 성북구 돌곶이로 220,37.6189105259862,127.046489193488
7989315,CGV 성신여대입구,cinema,서울 성북구 동선동1가 1-2,서울 성북구 동소문로 106,37.59255995612785,127.01729015005344
1682657564,롯데시네마 중랑,cinema,서울 중랑구 묵동 234-1,서울 중랑구 동일로 951,37.6151128766676,127.075977300625
7986504,CGV 대학로,cinema,서울 종로구 명륜2가 41-9,서울 종로구 대명길 28,37.583458493533186,126.99984149795074
24345793,메가박스 상봉,cinema,서울 중랑구 상봉동 130-3,서울 중랑구 망우로30길 3,37.593039388039465,127.07477725968386
26973759,아리랑시네센터 아리랑인디웨이브,cinema,서울 성북구 정릉동 113-32,서울 성북구 아리랑로 82,37.6002359515116,127.013883367137
12553387,롯데시네마 청량리,cinema,서울 동대문구 전농동 588-1,서울 동대문구 왕산로 214,37.58044047556045,127.04760869583595
27486710,CGV 상봉,cinema,서울 중랑구 상봉동 501,서울 중랑구 상봉로 131,37.59748249443501,127.09216357979345
1315781035,영화관풋잠,cinema,서울 동대문구 휘경동 146-66,서울 동대문구 외대역동로4길 48,37.5930414118922,127.068472601811
1162407163,SDVD영화관,cinema,서울 중랑구 상봉동 129-9,서울 중랑구 망우로32길 23,37.5931894884252,127.076749884556
1951459615,동부DVD영화관,cinema,서울 중랑구 상봉동 130-130,서울 중랑구 망우로32길 14,37.593227519653894,127.07645778886946
1509815784,CGV 등촌,cinema,서울 강서구 등촌동 639-23,서울 강서구 공항대로45길 63,37.557863496086156,126.85599360789234
207824581,메가박스 마곡,cinema,서울 강서구 마곡동 797-1,서울 강서구 공항대로 247,37.5593139908802,126.835238296528
21344827,롯데시네마 김포공항,cinema,서울 강서구 방화동 886,서울 강서구 하늘길 지하 77,37.5637133658076,126.803871637376
26781195,메가박스 화곡,cinema,서울 강서구 화곡동 1073-10,서울 강서구 화곡로 142,37.54058097265443,126.8375663037943
27184197,롯데시네마 가양,cinema,서울 강서구 등촌동 73-1,서울 강서구 양천로 476,37.56156337799074,126.8533832890494
21551839,메가박스 목동,cinema,서울 양천구 목동 917-6,서울 양천구 목동동로 309,37.5288308612468,126.876069465384
1898363263,메가박스 더부티크 목동현대백화점,cinema,서울 양천구 목동 916,서울 양천구 목동동로 257,37.52695179034791,126.87560987143218
8000376,CGV 영등포타임스퀘어,cinema,서울 영등포구 영등포동4가 442,서울 영등포구 영중로 15,37.5175176380239,126.902756404631
320786874,메가박스 상암월드컵경기장점,cinema,서울 마포구 성산동 515,서울 마포구 월드컵로 240,37.569187914348674,126.89821583795988
7999536,CGV 구로,cinema,서울 구로구 구로동 573,서울 구로구 구로중앙로 152,37.501457454683,126.882208106149
21581716,롯데시네마 신도림,cinema,서울 구로구 신도림동 692,서울 구로구 경인로 662,37.5089531254915,126.888937271598
25540042,CGV 홍대,cinema,서울 마포구 동교동 159-8,서울 마포구 양화로 153,37.5565023873948,126.922624553201
1365253252,메가박스 홍대,cinema,서울 마포구 동교동 160-4,서울 마포구 양화로 147,37.55604249793133,126.92204557664462
8354578,롯데시네마 영등포,cinema,서울 영등포구 영등포동 618-496,서울 영등포구 경인로 846,37.516265720069164,126.90784590233508
7856282,롯데시네마 홍대입구,cinema,서울 마포구 동교동 166-9,서울 마포구 양화로 176,37.55707507803642,126.92488294990305
1066689336,CGV 연남,cinema,서울 마포구 동교동 167-2,서울 마포구 양화로 186,37.55767576550851,126.92586924777187
18133518,CGV 여의도,cinema,서울 영등포구 여의도동 23,서울 영등포구 국제금융로 10,37.5256928036018,126.92558188499092
905905961,CGV 고양행신,cinema,경기 고양시 덕양구 행신동 762-2,경기 고양시 덕양구 충장로 8,37.61360673530944,126.83450244308372
626866180,씨네Q 신도림,cinema,서울 구로구 구로동 3-25,서울 구로구 새말로 97,37.507516152916054,126.89003874131905
13605665,시네마테크KOFA,cinema,서울 마포구 상암동 1602,서울 마포구 월드컵북로 400,37.5806123846609,126.890026424992
21059836,KT&G 상상마당 시네마,cinema,서울 마포구 서교동 367-5,서울 마포구 어울마당로 65,37.5510160623612,126.921036839018
26428373,롯데시네마 광명,cinema,경기 광명시 광명동 150-19,경기 광명시 오리로 970,37.47944883645935,126.85565807037314
17532139,인디스페이스,cinema,서울 마포구 동교동 166-14,서울 마포구 양화로 176,37.55724272960245,126.92498690357512
584284,라이카시네마,cinema,서울 서대문구 연희동 194-25,서울 서대문구 연희로8길 18,37.5651643154485,126.930932651709
190302751,24프레임,cinema,서울 마포구 망원동 394-1,서울 마포구 희우정로10길 14,37.5529304225907,126.90480178352
1521593624,모노플렉스앳라이즈,cinema,서울 마포구 서교동 354-5,서울 마포구 양화로 130,37.5543345515158,126.921207622105
891782272,마실영화관,cinema,서울 마포구 성산동 370,서울 마포구 월드컵로 212,37.5663760791062,126.901606304188
122243940,서울프라이빗 영화관 파티룸 정감,cinema,서울 마포구 중동 82-18,서울 마포구 성암로11길 18,37.5734466746268,126.902192437337
26332273,영화관 개방화장실,cinema,서울 마포구 성산동 515-26,서울 마포구 월드컵로 240,37.56900983896795,126.89858961992057
1755204133,썬DVD영화관,cinema,경기 부천시 원미구 역곡동 80-5,경기 부천시 원미구 역곡로 3,37.4856836332598,126.811407124647
104764659,키노룸 망원,cinema,서울 마포구 망원동 385-27,서울 마포구 동교로 77,37.5540720623278,126.91066373333
1172581002,키노룸,cinema,서울 마포구 연남동 241-58,서울 마포구 동교로51길 87,37.5660274903303,126.922270606523
1894044375,무제 신수,cinema,서울 마포구 신수동 287-2,서울 마포구 토정로17길 22,37.5457073705052,126.935895638004
10356766,롯데시네마 신림,cinema,서울 관악구 신림동 1641-2,서울 관악구 신림로 330,37.4837168847,126.930193627803
18822096,롯데시네마 서울대입구,cinema,서울 관악구 봉천동 862-1,서울 관악구 남부순환로 1820,37.480973433386254,126.95215035036244
426427493,자체휴강시네마,cinema,서울 관악구 봉천동 180-531,서울 관악구 인헌12길 42,37.4707830266584,126.965046304156
916795237,롯데시네마 신대방,cinema,서울 동작구 신대방동 686-48,서울 동작구 시흥대로 606,37.48653388706543,126.90500256135137
10813506,CGV 용산아이파크몰,cinema,서울 용산구 한강로3가 40-999,서울 용산구 한강대로23길 55,37.52977180147899,126.9647416166194
26234854,롯데시네마 독산,cinema,서울 금천구 독산동 291-5,서울 금천구 시흥대로 399,37.46941422510262,126.89689640341986
19339548,롯데시네마 가산디지털,cinema,서울 금천구 가산동 60-8,서울 금천구 디지털로10길 9,37.478019960086,126.889145868138
20617480,롯데시네마 용산,cinema,서울 용산구 한강로3가 16-9,서울 용산구 청파로 74,37.5329472681101,126.960138744633
1198372911,CGV 씨네드쉐프 용산아이파크몰,cinema,서울 용산구 한강로3가 40-999,서울 용산구 한강대로23길 55,37.529708488847525,126.96393839180219
1263323221,메가박스 광명소하,cinema,경기 광명시 소하동 1344-2,경기 광명시 소하로 190,37.44589495847006,126.89368196485685
1902429267,CGV 씨네드쉐프용산,cinema,서울 용산구 한강로3가 40-999,서울 용산구 한강대로23길 55,37.529771801479,126.964741616619
1406649405,시네마9,cinema,서울 금천구 가산동 371-106,서울 금천구 가산디지털1로 181,37.48142534625769,126.88039326444984
23393494,ROCKDVD영화관,cinema,서울 관악구 남현동 1062-15,서울 관악구 남현1길 58,37.4757493650927,126.980582004799
478678200,3분마트 신대방점,cinema,서울 동작구 신대방동 686-48,서울 동작구 시흥대로 606,37.48630843048879,126.90474844172275
358667461,웜플레이,cinema,서울 용산구 원효로1가 5-25,서울 용산구 원효로93길 18-35,37.5416084500528,126.968657906707
407994747,공간한날 용산,cinema,서울 용산구 원효로1가 39-13,서울 용산구 원효로 257,37.5405580166568,126.969160736166
1862063337,메가박스 군자,cinema,서울 광진구 군자동 477-12,서울 광진구 능동로 289,37.55566202563303,127.07833429050628
7992952,CGV 왕십리,cinema,서울 성동구 행당동 168-151,서울 성동구 왕십리광장로 17,37.561783464237266,127.0379502399087
793127848,CGV 동대문,cinema,서울 중구 을지로6가 17-2,서울 중구 장충단로13길 20,37.56872428046827,127.00768809872345
8334053,메가박스 동대문,cinema,서울 중구 을지로6가 18-21,서울 중구 장충단로 247,37.5667763337993,127.00759281850102
302690590,엘티띵크,cinema,서울 동대문구 장안동 409-6,서울 동대문구 천호대로77길 17,37.5629144195356,127.061091413696
10818309,CGV 역곡,cinema,경기 부천시 소사구 괴안동 113-1,경기 부천시 소사구 경인로 505,37.4842964396909,126.811066891584
26342323,롯데시네마 광명아울렛,cinema,경기 광명시 일직동 500,경기 광명시 일직로 17,37.42488874457603,126.88416064133736
1657760554,CGV 광명역,cinema,경기 광명시 일직동 514,경기 광명시 일직로 43,37.4227713467612,126.886945306216
26410189,메가박스 별내,cinema,경기 남양주시 별내동 936-4,경기 남양주시 두물로 19,37.655909061491,127.1267909949099
17652586,CGV 의정부,cinema,경기 의정부시 의정부동 168-54,경기 의정부시 평화로 525,37.738069765117615,127.04573087874962
1013274444,CGV 구리갈매,cinema,경기 구리시 갈매동 552-4,경기 구리시 갈매순환로 180,37.63576885103721,127.1230384228229
2125039749,롯데시네마 별내,cinema,경기 남양주시 별내동 1005,경기 남양주시 별내중앙로 10,37.6443264904451,127.12719960931832
24725281,바다극장,cinema,서울 종로구 예지동 222,서울 종로구 청계천로 187,37.5692966529478,126.998460557379
27307026,CGV 피카디리1958,cinema,서울 종로구 돈의동 137,서울 종로구 돈화문로5가길 1,37.570993818720254,126.99131327152529
25121674,CGV 명동,cinema,서울 중구 명동2가 83-5,서울 중구 명동길 14,37.5634929642429,126.982583010911
11082743,롯데시네마 에비뉴엘,cinema,서울 중구 소공동 7,서울 중구 남대문로 73,37.5642965417763,126.981844846266
182459246,서울영화센터,cinema,서울 중구 초동 64-11,서울 중구 마른내로 38,37.5642039718413,126.9921312672675
15533457,씨네큐브 광화문,cinema,서울 종로구 신문로1가 226,서울 종로구 새문안로 68,37.5696501678756,126.972131429357
1348730757,실버영화관,cinema,서울 종로구 낙원동 288,서울 종로구 삼일대로 428,37.57261620326433,126.9878299395856
652170159,에무시네마,cinema,서울 종로구 신문로2가 1-181,서울 종로구 경희궁1가길 7,37.5720658580513,126.969006250711
26606071,서울아트시네마,cinema,서울 중구 정동 22,서울 중구 정동길 3,37.56816479719067,126.96997000422863
1345891117,낭만극장,cinema,서울 종로구 낙원동 288,서울 종로구 삼일대로 428,37.5727540838764,126.988108388023
12165606,모두의 극장,cinema,서울 종로구 낙원동 284-6,서울 종로구 삼일대로 428,37.5726297179559,126.987827673399
2030685060,을지영화관,cinema,서울 중구 을지로3가 315-12,서울 중구 을지로12길 5,37.56595635846109,126.99140101224478
1296988741,영화관옆 호프집,cinema,서울 종로구 돈의동 136,서울 종로구 수표로22길 50,37.5712470088725,126.991457002641
20126041,CGV 신촌아트레온,cinema,서울 서대문구 창천동 20-25,서울 서대문구 신촌로 129,37.55651712691753,126.94024927380556
10340258,메가박스 신촌,cinema,서울 서대문구 신촌동 74-12,서울 서대문구 신촌역로 30,37.559570517501,126.94187662155964
17734296,필름포럼,cinema,서울 서대문구 대신동 85-1,서울 서대문구 성산로 527,37.56376571506,126.944068037521
10610128,아트하우스모모,cinema,서울 서대문구 대현동 11-1,서울 서대문구 이화여대길 52,37.561510765904394,126.9465416294436
10812689,CGV 불광,cinema,서울 은평구 대조동 240,서울 은평구 불광로 20,37.60947048970448,126.92918154846974
373308156,롯데시네마 은평,cinema,서울 은평구 진관동 63,서울 은평구 통일로 1050,37.6365855404838,126.91782279395142
1109757538,오브젝시네마,cinema,서울 중구 을지로2가 101-27,서울 중구 삼일대로12길 22-1,37.5666301032291,126.988989981944
1132383381,CGV 스타필드시티위례,cinema,경기 하남시 학암동 660,경기 하남시 위례대로 200,37.48003667615236,127.14839737157858
1359639007,롯데시네마 위례,cinema,경기 성남시 수정구 창곡동 505,경기 성남시 수정구 위례광장로 104,37.47271112661407,127.14133092828207
1770404451,메가박스 부천스타필드시티,cinema,경기 부천시 소사구 옥길동 768,경기 부천시 소사구 옥길로 1,37.46124428354941,126.81400719952143
1925548226,놀집,cinema,서울 용산구 서계동 237-4,서울 용산구 만리재로 168,37.5535394178635,126.965230635911
1482717636,메가박스 고양스타필드,cinema,경기 고양시 덕양구 동산동 370,경기 고양시 덕양구 고양대로 1955,37.646791523587744,126.8926857986271
26409455,롯데시네마 구리아울렛,cinema,경기 구리시 인창동 419-7,경기 구리시 동구릉로136번길 47,37.61221566630606,127.14043020746239
192205180,CGV 구리,cinema,경기 구리시 인창동 676-2,경기 구리시 경춘로 243,37.60173965197465,127.14211482618416
140262608,CGV 다산,cinema,경기 남양주시 다산동 6143,경기 남양주시 다산순환로 20,37.6125801175584,127.151711567679
1595098454,메가박스 남양주현대아울렛 스페이스원,cinema,경기 남양주시 다산동 6141,경기 남양주시 다산순환로 50,37.61672017434639,127.15099507616142
802035838,씨네큐 남양주다산,cinema,경기 남양주시 다산동 6192-1,경기 남양주시 경춘로 490,37.610293300276844,127.1671324306719
22728717,시네오DVD영화관,cinema,경기 구리시 수택동 404-11,경기 구리시 검배로6번길 18,37.6002504355181,127.140509631894
884654846,옵티멈존PC카페 오즈리저브 강남역점,pcbang,서울 강남구 역삼동 819,서울 강남구 강남대로94길 10,37.4991954216359,127.028226866339
185367080,레벨업PC방 대치점,pcbang,서울 강남구 대치동 991-1,서울 강남구 도곡로 526,37.4995491247813,127.063895248439
1839381440,레벨업PC방 강남구청역점,pcbang,서울 강남구 논현동 242-29,서울 강남구 선릉로 667,37.5163593284883,127.041279933023
2116431488,옵티멈존PC카페 논현점,pcbang,서울 강남구 논현동 165-8,서울 강남구 강남대로 492,37.5062070585529,127.024111572205
803147133,옵티멈존PC카페 압구정점,pcbang,서울 강남구 신사동 610,서울 강남구 압구정로30길 12,37.5267010557824,127.029130953314
856400955,레벨업PC방 매봉점,pcbang,서울 강남구 도곡동 411-17,서울 강남구 남부순환로 2732,37.4857184145195,127.044865417054
439903767,옵티멈존PC카페 신논현역점,pcbang,서울 강남구 논현동 200,서울 강남구 강남대로 478,37.5050194360343,127.024585067478
316409628,레벨업PC방 역삼점,pcbang,서울 강남구 역삼동 797-16,서울 강남구 논현로 327,37.494461870761285,127.03960445245667
58490132,메이플아지트,pcbang,서울 강남구 역삼동 826-21,서울 강남구 강남대로 364,37.4955442848719,127.029288471358
1422890861,레드포스PC아레나 신논현점,pcbang,서울 강남구 역삼동 808-4,서울 강남구 강남대로 468,37.5041183003207,127.025203406174
2096294332,탑플레이스PC방 언주역점,pcbang,서울 강남구 논현동 234,서울 강남구 논현로 612,37.5084058893012,127.03362305163
1666975484,피크PC방 역삼점,pcbang,서울 강남구 역삼동 723-7,서울 강남구 언주로85길 23-6,37.5004592658073,127.04136956684
57845551,사운드PC,pcbang,서울 강남구 역삼동 735-37,서울 강남구 테헤란로20길 20,37.4983621238942,127.034511936302
1958014550,레드포스PC아레나 강남역점,pcbang,서울 강남구 역삼동 822-2,서울 강남구 테헤란로 107,37.4986817210144,127.028753661329
788666249,제로백pc방 학동사거리점,pcbang,서울 강남구 논현동 95,서울 강남구 도산대로50길 9,37.521761162393524,127.03762452883682
1700021078,긱스타피시카페,pcbang,서울 강남구 역삼동 697-11,서울 강남구 선릉로93길 18,37.50522441609891,127.04691058033488
1865933549,3POP PC Cafe 포스코사거리점,pcbang,서울 강남구 대치동 957-13,서울 강남구 삼성로 430,37.5052934801281,127.057783826177
1415803841,제로 100PC 대치점,pcbang,서울 강남구 대치동 906-23,서울 강남구 역삼로 417,37.50135396113317,127.05269392771638
1309112305,제로백PC 역삼점,pcbang,서울 강남구 역삼동 798-29,서울 강남구 논현로63길 19,37.492466245042,127.03929017195
1401289253,3POP PC카페,pcbang,서울 강남구 삼성동 120-18,서울 강남구 삼성로 549,37.5105894497647,127.054272587058
417302381,아이리스IRIS PC POP 신사점,pcbang,서울 강남구 신사동 512-9,서울 강남구 압구정로2길 60,37.51793145729262,127.02135077258069
23495503,게임이너스 양재점,pcbang,서울 강남구 도곡동 957-14,서울 강남구 남부순환로 2609,37.4849684815161,127.035082415829
158637282,OXPC방 압구정로데오역점,pcbang,서울 강남구 신사동 664,서울 강남구 압구정로 344,37.5277034468285,127.039840363848
26924040,리가플스방,pcbang,서울 강남구 역삼동 818-15,서울 강남구 테헤란로1길 16,37.4994369600967,127.027937450011
741256156,강남탑PC방,pcbang,서울 강남구 역삼동 751-7,서울 강남구 역삼로 149,37.4948938679922,127.035462490021
1861764098,바나나PC카페,pcbang,서울 강남구 수서동 725,서울 강남구 광평로56길 8-13,37.48674327670543,127.10316811240901
600701453,3팝 봉은사점,pcbang,서울 강남구 삼성동 106-6,서울 강남구 영동대로112길 5,37.5151670397772,127.060673544213
1202926472,제로백PC방 삼성중앙역점,pcbang,서울 강남구 삼성동 49-11,서울 강남구 봉은사로 467,37.51250660150899,127.05063188228564
2020161194,3POP PC카페,pcbang,서울 강남구 대치동 889-68,서울 강남구 선릉로86길 15,37.5034748288911,127.050865543559
64574700,제로백PC 개포점,pcbang,서울 강남구 개포동 1258-1,서울 강남구 개포로 223,37.4789635219163,127.04725368347
1493210027,헌터PC,pcbang,서울 강남구 논현동 228-6,서울 강남구 봉은사로29길 21,37.5087887071704,127.034004380021
101615508,레디고 액티브게임파크 강남점,pcbang,서울 강남구 역삼동 619-3,서울 강남구 강남대로102길 16,37.5021086190986,127.027181854612
30037176,오즈 아레나 피씨 까페OZ ARENA PC caf,pcbang,서울 강남구 자곡동 635,서울 강남구 자곡로 110,37.47209367780647,127.09578971100235
504847195,트레이더스FX PC카페 가맹본부,pcbang,서울 강남구 역삼동 827-76,서울 강남구 강남대로78길 33-10,37.4961103811485,127.031753918221
9690707,친친,pcbang,서울 강남구 논현동 149-6,서울 강남구 학동로20길 39,37.5107572080885,127.027864756703
168119629,셰프PC방 강남점,pcbang,서울 강남구 역삼동 825-20,서울 강남구 테헤란로4길 6,37.49766165302125,127.02927798967288
1728457008,콤마PC카페 압구정역점,pcbang,서울 강남구 신사동 581-15,서울 강남구 논현로 867,37.5261814060557,127.028189516895
1016782938,독스PC방 일원점,pcbang,서울 강남구 일원동 687,서울 강남구 일원로 53,37.48924767973893,127.08180860463327
1880807851,픽PC 논현점,pcbang,서울 강남구 논현동 242-29,서울 강남구 선릉로 667,37.5163494012406,127.04132630441
1371326792,이스포츠PC방 강남일원점,pcbang,서울 강남구 일원동 666-4,서울 강남구 일원로9길 30,37.4899425470276,127.084103642546
21413652,파빌리온 PC카페,pcbang,서울 강남구 대치동 941-26,서울 강남구 도곡로 445,37.4986073895088,127.059054300843
1509643164,G플러스피시방,pcbang,서울 강남구 논현동 126-7,서울 강남구 강남대로128길 81,37.5125510762235,127.027997760599
1942178184,기어나인PC방,pcbang,서울 강남구 신사동 660-8,서울 강남구 압구정로 334,37.528165329424205,127.0381142133224
2018818010,제너스PC 대치점,pcbang,서울 강남구 대치동 605,서울 강남구 남부순환로 2935,37.49401648830235,127.06135752981223
768403498,아이앤지 피씨 카페ing pc caf,pcbang,서울 강남구 청담동 76-4,서울 강남구 삼성로 706,37.5193417559043,127.050301668746
2113716104,레벨업PC방 천호점,pcbang,서울 강동구 천호동 453-18,서울 강동구 천호대로157길 6,37.5380322030331,127.127016569777
1449794822,레벨업PC방 명일점,pcbang,서울 강동구 명일동 328-1,서울 강동구 구천면로 434,37.5498865435671,127.14654856942
222046683,레벨업PC방 천호로데오점,pcbang,서울 강동구 천호동 454-53,서울 강동구 천호대로157길 15,37.5385387767412,127.12681942052
960345978,크라우드PC 둔촌본점,pcbang,서울 강동구 둔촌동 489-9,서울 강동구 양재대로 1392,37.530257248812,127.137667509197
1121860692,태평양게임랜드,pcbang,서울 강동구 길동 456-2,서울 강동구 진황도로 100,37.5353634274419,127.137487946495
1093304889,레드포스PC아레나 둔촌점,pcbang,서울 강동구 성내동 416,서울 강동구 양재대로 1371,37.5287681121464,127.1359236562
820206174,제로백피씨 둔촌동역점,pcbang,서울 강동구 성내동 429-4,서울 강동구 양재대로89길 17,37.526547113804995,127.13437540724135
20634872,인터넷전화방 텔리클럽 천호점,pcbang,서울 강동구 천호동 551-7,서울 강동구 진황도로 15,37.5397019672416,127.129311810687
1784132310,ASUS비원피시방,pcbang,서울 강동구 성내동 9-14,서울 강동구 천호대로 1034,37.5372071537623,127.126768512692
379753050,콤마PC 카페 둔촌점,pcbang,서울 강동구 성내동 440-30,서울 강동구 양재대로 1317,37.52403320211802,127.134478367751
223734660,앤유PC 천호로데오점,pcbang,서울 강동구 천호동 453-8,서울 강동구 천호대로157길 18,37.5384957134835,127.127484655837
725944573,앤유 NU PC 길동점,pcbang,서울 강동구 길동 412-11,서울 강동구 양재대로 1459,37.5361553479282,127.139076812276
2040382243,제로백PC 길동역점,pcbang,서울 강동구 길동 412-8,서울 강동구 양재대로 1465,37.5368398275805,127.139314556823
1997877796,포레스트PC,pcbang,서울 강동구 천호동 34-9,서울 강동구 양재대로 1579,37.5465574070002,127.142830409666
146630263,옥스피씨 상일동역점,pcbang,서울 강동구 고덕동 210-4,서울 강동구 고덕로83길 6,37.5574052058572,127.168923516345
1791851863,아크PC아레나 한체대점,pcbang,서울 강동구 성내동 441-2,서울 강동구 양재대로 1303,37.5227724126195,127.133938766231
1246428835,제로백PC 고덕역점,pcbang,서울 강동구 명일동 48-3,서울 강동구 동남로73길 17,37.5527507351476,127.155075816779
2001082700,아이센스리그PC방 천호점,pcbang,서울 강동구 성내동 38-3,서울 강동구 천호옛길 84,37.536219823219945,127.12577117216635
14914421,와PC존,pcbang,서울 강동구 둔촌동 452-3,서울 강동구 진황도로 156,37.5320871841969,127.141476833763
87102070,블리츠PC방,pcbang,서울 강동구 성내동 550-1,서울 강동구 성내로 34,37.529099280744965,127.12400564679466
26089818,하이프PC 굽은다리역점,pcbang,서울 강동구 천호동 45-2,서울 강동구 양재대로 1549,37.54407148982175,127.14213541485535
1158822364,게임이너스 천호점,pcbang,서울 강동구 천호동 413-1,서울 강동구 천호대로157길 37,37.5397689688093,127.127352175602
250298390,앤유PC카페 강동점,pcbang,서울 강동구 길동 384-4,서울 강동구 성안로 172,37.5382879341413,127.136051818834
14907170,게토PC방,pcbang,서울 강동구 명일동 47-6,서울 강동구 동남로75길 13-7,37.5539061069381,127.155537684743
701475203,아이비PC,pcbang,서울 강동구 성내동 197-3,서울 강동구 천호대로170길 34,37.5338787399629,127.132620171817
1834724494,더쎄븐 PC방The seven PC,pcbang,서울 강동구 길동 392-1,서울 강동구 양재대로116길 16,37.5384053341461,127.141194586517
570079446,제로백PC방 암사점,pcbang,서울 강동구 암사동 452,서울 강동구 고덕로 96,37.554533186068,127.135833500029
2074299065,에스알피PC방 강일점,pcbang,서울 강동구 강일동 76-7,서울 강동구 아리수로93나길 50,37.5720995378372,127.17449776256
1518430805,쇼다운,pcbang,서울 강동구 성내동 378-18,서울 강동구 천호대로176길 13,37.53373758990579,127.13630716959247
1497282106,독스PC 명일점,pcbang,서울 강동구 명일동 48-12,서울 강동구 동남로71길 38,37.55201593055604,127.15407502027675
2012999261,따봉PC,pcbang,서울 강동구 길동 415-16,서울 강동구 진황도로 87,37.5363656135047,127.136474880875
312557997,맥PC카페,pcbang,서울 강동구 명일동 346-1,서울 강동구 양재대로 1576,37.5461331843229,127.143451975782
2144474038,콤마이스포츠까페,pcbang,서울 강동구 암사동 512-17,서울 강동구 올림픽로 769,37.5499666581334,127.127179406992
26851348,아이클랜PC,pcbang,서울 강동구 천호동 393-43,서울 강동구 구천면로 250,37.5425611312184,127.131493827846
1131046383,아레나PC방,pcbang,서울 강동구 성내동 416-6,서울 강동구 양재대로 1365,37.5280644851219,127.135875995383
669097255,포텐PC 길동점,pcbang,서울 강동구 길동 411-2,서울 강동구 양재대로 1464,37.5365004975366,127.139783475776
1200582105,코코짱게임,pcbang,서울 강동구 천호동 454-60,서울 강동구 천호대로157길 19,37.5386826542239,127.127082167423
443292927,비비드홀덤라운지,pcbang,서울 강동구 천호동 454-53,서울 강동구 천호대로157길 15,37.5385676038172,127.126823995252
64756050,캐치미,pcbang,서울 강동구 길동 391-1,서울 강동구 양재대로 1488,37.5385754600544,127.140575989026
14909251,해피PC,pcbang,서울 강동구 암사동 504-26,서울 강동구 올림픽로 801,37.55262261382683,127.12815224288573
485905328,리가플스방,pcbang,서울 강동구 성내동 440,서울 강동구 양재대로 1319,37.52419542719186,127.13443906481973
757432790,피씨팝 천호점,pcbang,서울 강동구 천호동 166-81,서울 강동구 진황도로27길 9,37.5388480095171,127.131586877543
1624873174,콤마PC카페 암사역점,pcbang,서울 강동구 암사동 501-3,서울 강동구 올림픽로 774,37.5501875736036,127.127855379393
271274750,OXPC 천호동점,pcbang,서울 강동구 천호동 294-22,서울 강동구 구천면로 291,37.545952883048166,127.13355248814067
1810444356,제논PC플렉스,pcbang,서울 강동구 천호동 288-28,서울 강동구 상암로12길 9,37.549238935411,127.128581402867
930630421,레벨업PC방 수유역점,pcbang,서울 강북구 수유동 192-61,서울 강북구 한천로139길 42,37.6387270423807,127.024908908692
1025490263,레벨업PC방 미아사거리점,pcbang,서울 강북구 미아동 44-15,서울 강북구 월계로3길 57,37.6123654288206,127.030988947129
617502253,옵티멈존PC카페 수유역점,pcbang,서울 강북구 수유동 224-15,서울 강북구 노해로8길 29,37.6386586529416,127.024501007817
1044271285,레벨업PC방 번동점,pcbang,서울 강북구 번동 191,서울 강북구 월계로37길 129,37.6277429550419,127.044004736522
891798357,레벨업PC방 수유점,pcbang,서울 강북구 수유동 287,서울 강북구 삼양로123길 1,37.6447778679193,127.015463245438
378607934,레벨업PC방 삼양점,pcbang,서울 강북구 미아동 813,서울 강북구 삼양로19길 25,37.6130567337349,127.021836644681
2112648003,옵티멈존PC카페 미아사거리역점,pcbang,서울 강북구 미아동 35-30,서울 강북구 도봉로 32,37.6118411102209,127.030771272752
93657655,옵티멈존PC카페 삼양사거리역점,pcbang,서울 강북구 미아동 688-5,서울 강북구 솔샘로 254,37.6193251074544,127.020739757781
719889447,옵티멈존PC카페 미아점,pcbang,서울 강북구 미아동 791-683,서울 강북구 솔매로 83,37.62518138119,127.02154566565738
2012995908,옵티멈존PC카페 삼양점,pcbang,서울 강북구 미아동 813,서울 강북구 삼양로19길 25,37.6130450208864,127.021836641256
1857994831,옵티멈존PC카페 미아역점,pcbang,서울 강북구 미아동 302-20,서울 강북구 솔매로 102,37.6254801177688,127.023590445975
2006774405,제우스PC 수유점,pcbang,서울 강북구 수유동 174-17,서울 강북구 한천로 1038,37.6401816665813,127.027027004402
1039941799,리플레이PC방,pcbang,서울 강북구 수유동 252-145,서울 강북구 노해로 95,37.64401446888373,127.02267964769352
885114589,불독PC방,pcbang,서울 강북구 수유동 472-4,서울 강북구 덕릉로 46,37.6340692019651,127.018657007249
1669941611,메가런PC방,pcbang,서울 강북구 번동 465-87,서울 강북구 도봉로 394,37.64162701945022,127.0300346152045
799590977,레드포스PC아레나 미아점,pcbang,서울 강북구 미아동 35-4,서울 강북구 도봉로 34,37.6120771955448,127.030670569412
1968940456,아크pc,pcbang,서울 강북구 미아동 322-1,서울 강북구 도봉로 143,37.6215347013292,127.027705556887
607650894,레벨업피시방,pcbang,서울 강북구 미아동 812-2,서울 강북구 삼양로 161,37.618389813922484,127.02112347885131
1473233500,해PC방 수유시장점,pcbang,서울 강북구 미아동 202-1,서울 강북구 도봉로 249,37.6306949298765,127.024074698409
194635675,다크PC카페,pcbang,서울 강북구 우이동 45-10,서울 강북구 삼양로 623,37.65848926450172,127.01352135306232
2100742630,메가런PC방,pcbang,서울 강북구 수유동 230-7,서울 강북구 도봉로 313,37.6364406388216,127.023462487321
2067176126,수유게임랜드,pcbang,서울 강북구 수유동 7-17,서울 강북구 수유로 82,37.6360948255489,127.02261719368
1284134529,리플레이PC 가오리점,pcbang,서울 강북구 수유동 381-2,서울 강북구 삼양로 424,37.64142057436898,127.01710318641582
111865027,런PC방,pcbang,서울 강북구 미아동 302-20,서울 강북구 솔매로 102,37.6254783146679,127.023596109378
100704102,욜로PC 수유점,pcbang,서울 강북구 수유동 338-6,서울 강북구 삼양로 438,37.6425621871905,127.016644561332
1664700526,비원PC방,pcbang,서울 강북구 미아동 131-30,서울 강북구 도봉로 136,37.6210785829671,127.028621764337
1603905647,런PC방,pcbang,서울 강북구 미아동 838-96,서울 강북구 솔샘로 225,37.6201508982184,127.017760950266
1892225704,오즈 수유점,pcbang,서울 강북구 수유동 224-15,서울 강북구 노해로8길 29,37.6385334789518,127.024196191686
1173111718,TU PC,pcbang,서울 강북구 수유동 48-1,서울 강북구 덕릉로 82,37.6344252558058,127.022844406626
515969898,제로백PC 삼양역점,pcbang,서울 강북구 미아동 777-6,서울 강북구 삼양로 246,37.6254233383059,127.018653713298
20529646,인터스페이스,pcbang,서울 강북구 수유동 725-3,서울 강북구 노해로33길 23,37.6462497209173,127.023138103707
602609678,아이리쉬PC방,pcbang,서울 강북구 미아동 305-1,서울 강북구 도봉로49길 11,37.6250652015169,127.025799251858
1295609827,인디고PC,pcbang,서울 강북구 번동 192,서울 강북구 월계로37길 107,37.6268383875092,127.043943031223
27440218,아케이드원 게임센터,pcbang,서울 강북구 수유동 229-49,서울 강북구 노해로8길 22,37.6380036942572,127.02422321151
1400366317,티유 PC방,pcbang,서울 강북구 수유동 48-1,서울 강북구 덕릉로 82,37.634427057996156,127.02284327424748
460034145,S&ZPC,pcbang,서울 강북구 수유동 30-7,서울 강북구 노해로 49,37.6400493000083,127.022347601687
27335024,엣지코인노래방 수유점,pcbang,서울 강북구 수유동 229-23,서울 강북구 도봉로87길 13,37.6383964079096,127.024780770374
608257015,다원PC,pcbang,서울 강북구 수유동 90-14,서울 강북구 도봉로77길 15,37.633526164247044,127.02236377473342
1894954915,까망PC방 번동점,pcbang,서울 강북구 번동 148-133,서울 강북구 오현로 163,37.6270056401959,127.037029543804
27514227,씨엘PC방,pcbang,서울 강북구 수유동 168-5,서울 강북구 도봉로 389,37.6418479929147,127.02910787500491
14910434,로마루PC 수유역점,pcbang,서울 강북구 수유동 223-1,서울 강북구 노해로 38,37.6389265210551,127.02313583243
27244763,화신성,pcbang,서울 강북구 미아동 160-1,서울 강북구 덕릉로 92,37.6345367633301,127.023927523735
716080863,스타보드게임,pcbang,서울 강북구 수유동 223,서울 강북구 노해로 34,37.6386057766757,127.023104009145
1202623946,스톤PC 쌍문점,pcbang,서울 도봉구 쌍문동 388-33,서울 도봉구 노해로40길 72,37.6467418937298,127.030081999389
913981142,니코PC,pcbang,서울 도봉구 창동 628-20,서울 도봉구 도봉로104길 53,37.6435185911066,127.035093393905
1225316893,레벨업PC방 마곡점,pcbang,서울 강서구 마곡동 760-1,서울 강서구 마곡중앙로 161-11,37.5680144404583,126.826733111896
1312170759,레벨업PC방 화곡역점,pcbang,서울 강서구 화곡동 1070,서울 강서구 화곡로 110,37.5396779661651,126.834177175211
2055343096,레벨업PC방,pcbang,서울 강서구 등촌동 641-11,서울 강서구 공항대로45길 44,37.5568091032267,126.855807765956
1212292277,레벨업PC방 방화점,pcbang,서울 강서구 방화동 450-15,서울 강서구 양천로 73,37.5737246425729,126.811823781131
1497275644,레벨업PC방 내발산점,pcbang,서울 강서구 내발산동 691,서울 강서구 강서로47길 113,37.5532093219145,126.829861456854
1186911209,레벨업PC방 강서구청점,pcbang,서울 강서구 화곡동 1117-7,서울 강서구 공항대로46길 90,37.552367219748,126.850757687386
1297239933,레벨업PC방 까치산역점,pcbang,서울 강서구 화곡동 343-64,서울 강서구 강서로 43-17,37.5311065458428,126.846692074803
710934740,킹덤PC 공항점,pcbang,서울 강서구 공항동 53-47,서울 강서구 송정로 48,37.5591436554,126.810578140937
2037793088,제로백pc 신방화점,pcbang,서울 강서구 방화동 285-4,서울 강서구 양천로 100-1,37.5732017732648,126.815059222624
1069428704,레드포스PC아레나 강서마곡점,pcbang,서울 강서구 마곡동 759-3,서울 강서구 마곡중앙로 161-17,37.568106353937466,126.82612845171032
856714581,제로백PC 강서구청점,pcbang,서울 강서구 화곡동 1119,서울 강서구 화곡로58길 18,37.5527992763512,126.851853435919
1044217334,긱스타PC카페,pcbang,서울 강서구 마곡동 799-3,서울 강서구 공항대로 194,37.55898081215381,126.8290345805788
777272469,아이센스블랙라벨PC존 발산역점,pcbang,서울 강서구 마곡동 795-7,서울 강서구 마곡중앙6로 93,37.5601282959673,126.837699307165
1114866178,쓰리팝,pcbang,서울 강서구 내발산동 653,서울 강서구 강서로 360,37.55769475695761,126.83839383127189
1238280672,제로백PC 우장산점,pcbang,서울 강서구 내발산동 723-4,서울 강서구 강서로 257,37.5486869414505,126.836035725789
1617217073,놀만한곳,pcbang,서울 강서구 마곡동 727-1035,서울 강서구 마곡중앙6로 11,37.5609483085013,126.828842203558
366785372,하이브나인PC방 염창역점,pcbang,서울 강서구 염창동 282-34,서울 강서구 공항대로75길 8,37.5474540841348,126.873949684242
1925561840,쿡몬스터PC,pcbang,서울 강서구 화곡동 140-19,서울 강서구 화곡로 180,37.54195519937899,126.84169679595166
20943405,마스타M성인PC 강서점,pcbang,서울 강서구 화곡동 1119-19,서울 강서구 화곡로58길 22-14,37.5523259626368,126.851622377298
355777845,제이제이 디저트피씨카페,pcbang,서울 강서구 화곡동 1068-32,서울 강서구 화곡로 111,37.5402186147501,126.834212185958
1747735074,더블유 피시방 까치산역점,pcbang,서울 강서구 화곡동 343-52,서울 강서구 강서로 43,37.53152807779688,126.84658712586855
611285239,매가쓰리팝pc방,pcbang,서울 강서구 등촌동 681-3,서울 강서구 강서로 426,37.563220852596224,126.84059353004811
267481769,메타PC 강서본점,pcbang,서울 강서구 등촌동 684-3,서울 강서구 강서로 462,37.56661238725788,126.84140240398659
998043308,마곡플스,pcbang,서울 강서구 마곡동 722-1,서울 강서구 강서로 381,37.5595559477028,126.838198538253
1564232901,3POP PC방,pcbang,서울 강서구 화곡동 341-65,서울 강서구 강서로 52,37.532506589538,126.846606617933
781025209,제로100PC 화곡점,pcbang,서울 강서구 화곡동 793-9,서울 강서구 곰달래로 236,37.5317014616888,126.85919819361
116896944,스타게임랜드,pcbang,서울 강서구 화곡동 938-17,서울 강서구 월정로 118,37.5297597132186,126.838697358878
70346056,인디고pc방 등촌점,pcbang,서울 강서구 등촌동 566-1,서울 강서구 등촌로 75,37.5367058399204,126.863221270634
1475712798,제로백PC방 까치산점,pcbang,서울 강서구 화곡동 346-3,서울 강서구 강서로 53,37.53249399880374,126.84593233789957
1500651781,제로백PC 등촌점,pcbang,서울 강서구 등촌동 682,서울 강서구 강서로 460,37.5663065855662,126.841131397109
1272292907,피에스타PC방 강서화곡점,pcbang,서울 강서구 화곡동 1051-1,서울 강서구 강서로 187,37.5428344389706,126.838931711935
700357220,피씨태그 화곡점,pcbang,서울 강서구 화곡동 1032-27,서울 강서구 강서로 205,37.544135487539194,126.8376208278984
687447448,시그니처아레나PC방 화곡점,pcbang,서울 강서구 화곡동 848-24,서울 강서구 곰달래로 222,37.5314697807514,126.857592083319
18355750,누리터PC방,pcbang,서울 강서구 가양동 1480,서울 강서구 양천로57길 16,37.5633769133814,126.852524054502
497830269,텐지피시방,pcbang,서울 강서구 등촌동 638,서울 강서구 공항대로45길 68-6,37.55829739630307,126.85716416077747
2136728573,블링팝,pcbang,서울 강서구 화곡동 1063-13,서울 강서구 화곡로 175,37.542094025475,126.841079818259
2091057062,조아게임랜드,pcbang,서울 강서구 화곡동 914-3,서울 강서구 강서로5나길 50,37.52864698419967,126.84544020387216
1562736082,OXPC 방화역점,pcbang,서울 강서구 방화동 829-4,서울 강서구 금낭화로 135,37.577642365112,126.812518068582
703630268,헤라PC,pcbang,서울 강서구 마곡동 723-2,서울 강서구 공항대로 271,37.5588219815108,126.83779381511
1430344069,브리즈(마곡점),pcbang,서울 강서구 마곡동 723-2,서울 강서구 공항대로 271,37.5589346103692,126.83779696631
2021446928,엔조이PC방 화곡점,pcbang,서울 강서구 화곡동 341-63,서울 강서구 강서로16길 14,37.5326963743224,126.847049733603
1015497582,세븐스타 PC&카페,pcbang,서울 강서구 화곡동 343-62,서울 강서구 곰달래로 125,37.5307273195933,126.846765257965
1236524214,플렉스피씨 등촌역점,pcbang,서울 강서구 등촌동 648-6,서울 강서구 공항대로 525,37.55147967339628,126.86492347251047
254731469,긱스타PC,pcbang,서울 강서구 내발산동 653,서울 강서구 강서로 360,37.5576947569639,126.838393831271
2099395401,버블팝 화곡점,pcbang,서울 강서구 화곡동 836-5,서울 강서구 곰달래로 223,37.5318087920357,126.857787166699
1705311839,레벨업PC방 사당역점,pcbang,서울 관악구 남현동 1062-15,서울 관악구 남현1길 58,37.475746666890245,126.98061139929354
181543956,옵티멈존PC카페 서울대입구역점,pcbang,서울 관악구 봉천동 869-10,서울 관악구 남부순환로 1808,37.4810882569841,126.950917911125
71886078,레벨업PC방 서울대입구역점,pcbang,서울 관악구 봉천동 856-6,서울 관악구 관악로 158,37.4793104352367,126.952808280215
1632073861,레벨업PC방 구로디지털단지역점,pcbang,서울 관악구 신림동 1643-5,서울 관악구 시흥대로 574,37.4839445973376,126.90303963295
482359924,레벨업PC방 신림점,pcbang,서울 관악구 신림동 1745,서울 관악구 남부순환로180길 6,37.4837585881142,126.930630020347
306303513,옵티멈존PC카페 신림점,pcbang,서울 관악구 신림동 1421-29,서울 관악구 신림로 344,37.4852438974286,126.929862050383
1078017686,레드포스PC아레나 사당점,pcbang,서울 관악구 남현동 1058-6,서울 관악구 남현길 7,37.4760687144013,126.977697926137
1156360051,레드포스PC아레나 구로디지털점,pcbang,서울 관악구 신림동 1643-6,서울 관악구 시흥대로 572,37.4839029410268,126.902784159177
1040580976,레드포스PC,pcbang,서울 관악구 봉천동 863-1,서울 관악구 관악로 165,37.4800760249697,126.952141877838
1757303149,제로백PC 봉천점,pcbang,서울 관악구 봉천동 702-102,서울 관악구 보라매로 17,37.491028390267395,126.92692684099751
1702374174,인터라켄PC방,pcbang,서울 관악구 신림동 527-13,서울 관악구 남부순환로 1485,37.48231172620887,126.91563808287573
1888504347,긱스타 PCGEEK STAR PC CAFE,pcbang,서울 관악구 신림동 518-56,서울 관악구 난곡로 357,37.4859367554434,126.913523020061
414561685,제로백PC 낙성대역점,pcbang,서울 관악구 봉천동 1687-5,서울 관악구 남부순환로 1931,37.4772285038867,126.963886746747
498581426,레드포스 PC아레나 난곡사거리점,pcbang,서울 관악구 신림동 530-1,서울 관악구 난곡로 331,37.4835673140909,126.913810674381
2092332252,아레나블랙PC 봉천점,pcbang,서울 관악구 봉천동 952-20,서울 관악구 은천로 25,37.4864252967055,126.93825180651
96896862,탑티어PC방 서울대점,pcbang,서울 관악구 봉천동 1565-16,서울 관악구 쑥고개로 95,37.4793765406143,126.947203927664
2021588030,스타PC,pcbang,서울 관악구 신림동 1538-2,서울 관악구 대학길 36,37.4691364054172,126.937636380137
2034695042,콤마피시방 봉천점,pcbang,서울 관악구 봉천동 1674-4,서울 관악구 남부순환로 1873,37.479529517406206,126.95794214053545
558338653,레드포스PC아레나 봉천점,pcbang,서울 관악구 봉천동 495-1,서울 관악구 은천로 109,37.4869946858626,126.94746767349
2140634133,레드포스PC아레나 신림녹두점,pcbang,서울 관악구 신림동 246-49,서울 관악구 대학길 47,37.4686058074133,126.937821079859
1985813010,게임배틀PC방,pcbang,서울 관악구 신림동 522-2,서울 관악구 난곡로 341,37.4844628776475,126.913757635169
438825108,손날두콘솔게임카페 서울대입구역점,pcbang,서울 관악구 봉천동 1598-18,서울 관악구 관악로 152,37.4787310040636,126.952602879852
376141606,트로페오비토리아,pcbang,서울 관악구 남현동 602-365,서울 관악구 승방3길 2,37.473550920816,126.980704667302
1082548832,하이브PC방,pcbang,서울 관악구 신림동 1640-13,서울 관악구 신림로 329,37.4836876361961,126.929492651967
533027938,제로백PC 난곡사거리점,pcbang,서울 관악구 신림동 527-2,서울 관악구 난곡로 316,37.4821768283777,126.91473599403
1688677802,제로백PC방,pcbang,서울 관악구 신림동 1432-73,서울 관악구 신림로 353,37.4857733360579,126.92926794764
1739627856,피에스타PC,pcbang,서울 관악구 봉천동 856-5,서울 관악구 관악로 164,37.4796744130276,126.952733432397
895706160,SNS PC방 신림점,pcbang,서울 관악구 신림동 1638-19,서울 관악구 신림로 321,37.4828947788357,126.929543145092
656723898,레드포스PC아레나 봉천중앙점,pcbang,서울 관악구 봉천동 859-15,서울 관악구 관악로 199,37.4830580398836,126.95358719598
187299773,스타게임랜드,pcbang,서울 관악구 봉천동 869-10,서울 관악구 남부순환로 1808,37.4810882569841,126.950917911125
1334806477,포포PC방 신림1호점,pcbang,서울 관악구 신림동 1640-44,서울 관악구 신림로 323,37.48322815517146,126.9295484852592
300505572,제로100PC방 행운관악점,pcbang,서울 관악구 봉천동 37-31,서울 관악구 관악로30길 2,37.4862084867221,126.957361745636
1669395296,욜로PC카페 신림1호점,pcbang,서울 관악구 신림동 1522-5,서울 관악구 신림로23길 29,37.4696710547267,126.934943230349
2112310250,손날두플스 카페 서울대입구역점,pcbang,서울 관악구 봉천동 1598-18,서울 관악구 관악로 152,37.4787310040636,126.952602879852
988349151,3POP PC방,pcbang,서울 관악구 봉천동 930-39,서울 관악구 남부순환로 1716,37.4825152834416,126.940719803145
1032889588,탑플레이스PC방 서울대입구점,pcbang,서울 관악구 봉천동 866-1,서울 관악구 관악로15길 17,37.4801577354157,126.951452161551
620299784,콤마PC 낙성대역점,pcbang,서울 관악구 봉천동 1687-13,서울 관악구 남부순환로 1933,37.4771330760664,126.964146819508
1113490250,이스테이션PC방,pcbang,서울 관악구 봉천동 882-4,서울 관악구 청룡1길 42,37.48087193135325,126.94860256793326
1485824106,대박게임랜드,pcbang,서울 관악구 신림동 527-3,서울 관악구 남부순환로 1479,37.4821265780242,126.915022099623
1256446195,3S PC카페 신림점,pcbang,서울 관악구 신림동 1534-16,서울 관악구 호암로22길 41,37.468848513188725,126.93509089862974
908783415,나는게이머다PC,pcbang,서울 관악구 신림동 621-26,서울 관악구 난곡로 184,37.471671118408,126.919974086914
884176848,메타PC 신림본점,pcbang,서울 관악구 신림동 1513-1,서울 관악구 신림로 141,37.47157586949533,126.93346631922212
442289160,피씨태그PC방,pcbang,서울 관악구 신림동 1533-5,서울 관악구 호암로24길 24,37.469526632003,126.934470832933
313750521,녹스PC방 관악점,pcbang,서울 관악구 봉천동 14-52,서울 관악구 관악로 268,37.4879297427141,126.958287952954
487740769,엑시트 피시카페 난곡점,pcbang,서울 관악구 신림동 527-10,서울 관악구 남부순환로 1483,37.4822718359501,126.915294416617
980752973,제로백 피씨 중곡점,pcbang,서울 광진구 중곡동 163-2,서울 광진구 긴고랑로 52,37.5622539977336,127.081906476065
814359521,게이트NO.5PC,pcbang,서울 광진구 자양동 1-8,서울 광진구 아차산로 244,37.539730276367,127.070202532858
2121990182,이스포츠PC방 건대점,pcbang,서울 광진구 화양동 5-5,서울 광진구 능동로 123,37.5419857084296,127.071322599069
356960076,포포PC방 건대점,pcbang,서울 광진구 화양동 7-3,서울 광진구 아차산로 229,37.5408085864041,127.068990562922
1774669653,G1PC방,pcbang,서울 광진구 구의동 246-14,서울 광진구 아차산로 375,37.53699373993695,127.08428204853358
1232036475,런PC,pcbang,서울 광진구 자양동 553-15,서울 광진구 뚝섬로 503,37.5359762862162,127.066257079909
1705101864,제로백PC 아차산역점,pcbang,서울 광진구 구의동 57-55,서울 광진구 자양로 278,37.550605191139454,127.09146983433693
921255232,레드포스PC아레나 구의점,pcbang,서울 광진구 구의동 246-1,서울 광진구 아차산로55길 11,37.5379986661185,127.086345848486
146599910,맥PC카페 자양점,pcbang,서울 광진구 자양동 636-11,서울 광진구 뚝섬로52길 7,37.5315341950294,127.079639542863
2021779577,레벨업 PC CAFE,pcbang,서울 광진구 중곡동 157-1,서울 광진구 능동로 314,37.5576187489004,127.080039646882
2007258769,쿤자PC방,pcbang,서울 광진구 능동 279-5,서울 광진구 능동로 290,37.5555832091721,127.078979297164
556807411,앤유PC,pcbang,서울 광진구 군자동 361-28,서울 광진구 광나루로 375-1,37.5480861275534,127.07172787375556
1858940436,비원피씨방 건대2호점,pcbang,서울 광진구 화양동 6-2,서울 광진구 아차산로 241,37.5404961755314,127.07011951940254
1984789683,맥스피드PC방 동서울터미널점,pcbang,서울 광진구 구의동 546-11,서울 광진구 강변역로4길 10,37.5353488578945,127.093405175749
1657007224,콤마PC 카페 구의점,pcbang,서울 광진구 구의동 252-1,서울 광진구 자양로22길 24,37.5394910185692,127.084692196483
1660527887,스페이스티엑스,pcbang,서울 광진구 구의동 54-13,서울 광진구 자양로 277,37.550805495116,127.091104551965
1503441250,팽PC카페 중곡점,pcbang,서울 광진구 중곡동 173-2,서울 광진구 면목로 161,37.567707640329,127.082030166838
240968711,제로백PC 구의점,pcbang,서울 광진구 구의동 212-3,서울 광진구 아차산로 471,37.540416533624644,127.09397159256525
1762107862,사이버리아PC방,pcbang,서울 광진구 구의동 631-1,서울 광진구 광나루로56길 63,37.5367567198827,127.096150699591
703345259,지프로피시방,pcbang,서울 광진구 화양동 111-102,서울 광진구 광나루로 382,37.54745972784601,127.0720656256997
1117741631,구의게임랜드,pcbang,서울 광진구 자양동 779-3,서울 광진구 아차산로 353,37.5371484796291,127.082053253047
34295205,제노PC방 건대후문점,pcbang,서울 광진구 화양동 495-25,서울 광진구 능동로16길 60,37.5452298014105,127.076295583995
1589402057,PPLPC방,pcbang,서울 광진구 자양동 227-217,서울 광진구 아차산로 288,37.5383893987786,127.074910476764
126093202,비바PC lounge,pcbang,서울 광진구 구의동 244-50,서울 광진구 구의로 4,37.5383505703088,127.089289220217
1197675398,맵스PC방,pcbang,서울 광진구 자양동 615-27,서울 광진구 뚝섬로 613,37.53270843048302,127.07794257560481
1420872634,콤마,pcbang,서울 광진구 화양동 6-2,서울 광진구 아차산로 241,37.5405304336479,127.070085606248
377216682,헤이와플게임카페,pcbang,서울 광진구 화양동 3-37,서울 광진구 능동로 131,37.5426928152242,127.071616341664
536165341,맥PC카페 구의점,pcbang,서울 광진구 구의동 246-13,서울 광진구 아차산로 377,37.5372357670562,127.084759796199
1969126257,제닉스아레나PC방,pcbang,서울 광진구 자양동 634-38,서울 광진구 자양로13길 99,37.53262047083452,127.0801294576427
27245101,앤탑PC존,pcbang,서울 광진구 군자동 48-24,서울 광진구 군자로 141,37.5543163580284,127.074906045236
372231265,피씨팝 광나루점,pcbang,서울 광진구 광장동 331-3,서울 광진구 아차산로 613,37.5478346388923,127.106496599647
1060295781,런(Run),pcbang,서울 광진구 자양동 553-15,서울 광진구 뚝섬로 503,37.5360764309195,127.066018434547
1603874991,리얼배틀그라운드 건대벙커,pcbang,서울 광진구 화양동 7-5,서울 광진구 아차산로29길 8,37.5412810653799,127.068379977896
2136506697,메가PC방,pcbang,서울 광진구 자양동 8-1,서울 광진구 아차산로 220,37.54063366274768,127.06765748363102
1421380566,PPL PC방 구의점,pcbang,서울 광진구 구의동 199-1,서울 광진구 광나루로 614,37.5407916552096,127.095833399987
1332845586,캐칭 덕광장동점,pcbang,서울 광진구 광장동 470-3,서울 광진구 아차산로 502,37.5413572400282,127.097232682814
25067456,제노PC,pcbang,서울 광진구 중곡동 78-2,서울 광진구 용마산로 58,37.5588736103838,127.087957825883
1975360606,엔탑PC방,pcbang,서울 광진구 구의동 244-15,서울 광진구 구의로 6,37.5384919843929,127.089345962687
1810478486,세븐PC방,pcbang,서울 광진구 중곡동 648-14,서울 광진구 능동로37길 6,37.5581659658391,127.079578468244
1743231643,피씨키즈,pcbang,서울 광진구 자양동 612-60,서울 광진구 자양로15길 14,37.5359414755047,127.08286204047
852533583,비원PC존,pcbang,서울 광진구 화양동 17-16,서울 광진구 군자로 43,37.547073471124875,127.07011775863099
848135461,엔탑(N - Top) PC방,pcbang,서울 광진구 군자동 48-24,서울 광진구 군자로 141,37.5543092017171,127.074824554512
600480116,3POP PC카페,pcbang,서울 광진구 자양동 227-217,서울 광진구 아차산로 288,37.5383848980941,127.074903683409
1092518413,아레나피씨,pcbang,서울 광진구 중곡동 556-1,서울 광진구 면목로 203,37.5712170769225,127.083231641948
1930261953,오엑스피시방 자양동점,pcbang,서울 광진구 자양동 634-38,서울 광진구 자양로13길 99,37.5326303595709,127.080162278487
1628402600,레벨업PC방 남구로점,pcbang,서울 구로구 구로동 141-14,서울 구로구 도림로 75,37.4900337092776,126.891744661556
118045120,옵티멈존PC카페 구로디지털단지역점,pcbang,서울 구로구 구로동 1124-72,서울 구로구 디지털로32길 79,37.4835336970572,126.899752240898
192577463,레벨업PC방 오류점,pcbang,서울 구로구 오류동 41-1,서울 구로구 경인로 193,37.4957601937375,126.842584806165
1663747393,손날두플스카페,pcbang,서울 구로구 구로동 27-3,서울 구로구 새말로18길 24,37.50560839159669,126.89261338868627
579243814,제로백 신도림점,pcbang,서울 구로구 구로동 40-3,서울 구로구 공원로6나길 12,37.5036767575143,126.890779490735
2031065094,피에스타PC방,pcbang,서울 구로구 구로동 569-8,서울 구로구 새말로 19,37.502279885297,126.882926085604
569820751,아이센스리그pc방 고척스카이돔점(직영점),pcbang,서울 구로구 고척동 76-137,서울 구로구 경인로47길 13,37.500030070305435,126.86676344052236
1355804655,레드PC방,pcbang,서울 구로구 고척동 50-48,서울 구로구 중앙로 64,37.5038007841004,126.862833465028
2007962051,아크pc 궁동점,pcbang,서울 구로구 궁동 188-1,서울 구로구 부일로15길 20,37.49417411625,126.833808548145
1278398155,찰리팝PC카페,pcbang,서울 구로구 고척동 76-88,서울 구로구 경인로47길 31,37.5006005444821,126.866088407814
1471705777,스위티pc방,pcbang,서울 구로구 신도림동 388-5,서울 구로구 신도림로 57,37.5092992398775,126.881647232418
686679782,제로100PC방,pcbang,서울 구로구 고척동 52-198,서울 구로구 경인로47길 26,37.500644356947525,126.86658705873172
1845013871,3POP PC카페,pcbang,서울 구로구 개봉동 403-50,서울 구로구 개봉로 69,37.4919491640593,126.85567359578276
1639885600,뉴스타게임랜드,pcbang,서울 구로구 구로동 1125-4,서울 구로구 시흥대로 565,37.4836614316585,126.901648169377
1092273658,플렉스PC 오류직영점,pcbang,서울 구로구 오류동 155-7,서울 구로구 오류로8길 34,37.4915921039891,126.842558500023
1561974956,몽키PC,pcbang,서울 구로구 개봉동 63-35,서울 구로구 고척로 101,37.5012778746553,126.845254621304
1924714998,아이뎁스PC방,pcbang,서울 구로구 구로동 313-126,서울 구로구 도림로 69,37.4896339212269,126.891046441564
762635818,캐치팡프리미엄 구디점,pcbang,서울 구로구 구로동 1124-21,서울 구로구 디지털로32길 93,37.4831369398187,126.900446984908
570988296,포텐PC 오류점,pcbang,서울 구로구 오류동 55-50,서울 구로구 경인로 216,37.4962155161484,126.84486588163
14911449,멀티존PC방,pcbang,서울 구로구 고척동 52-346,서울 구로구 중앙로 32,37.5007457690906,126.863865916913
545796254,더엑스PC방 궁동점,pcbang,서울 구로구 궁동 189-74,서울 구로구 부일로15길 40,37.494691126426936,126.8330508873455
64425761,제로백PC 개봉점,pcbang,서울 구로구 개봉동 349-1,서울 구로구 개봉로11길 13,37.4879414816498,126.855449510147
412454797,중한PC방,pcbang,서울 구로구 가리봉동 122-21,서울 구로구 우마길 1,37.4825595181402,126.887531402003
1586184035,아레나PC카페,pcbang,서울 구로구 개봉동 403-53,서울 구로구 개봉로 63,37.4913467797027,126.855770869853
249171068,투앤디플레이스 PC ZONE,pcbang,서울 구로구 구로동 327-58,서울 구로구 구로동로26길 81,37.4902910903418,126.888508085672
1988901705,인터넷매니아PC방,pcbang,서울 구로구 구로동 111-5,서울 구로구 구로중앙로28다길 29,37.5015299642794,126.888213170514
1276990170,하이브이알,pcbang,서울 구로구 구로동 1124-54,서울 구로구 디지털로32나길 17-12,37.48438969226548,126.89979632360475
1945485475,로얄PC,pcbang,서울 구로구 고척동 46-19,서울 구로구 경인로47다길 4,37.5034254960817,126.863985455691
1241305220,제왕왕바제왕PC방,pcbang,서울 구로구 가리봉동 122,서울 구로구 구로동로 12,37.4828440661778,126.887352334839
20525482,놀토PC방,pcbang,서울 구로구 구로동 807-54,서울 구로구 구로동로 90,37.4867958439094,126.885433262811
14913257,비엔토PC 개봉점,pcbang,서울 구로구 개봉동 92-10,서울 구로구 고척로 121,37.50204551881054,126.84732263162553
20523504,라네이즈PC,pcbang,서울 구로구 구로동 317-115,서울 구로구 구로동로28길 90,37.4914880095222,126.888913382853
1137636741,이네이처PC 구로점,pcbang,서울 구로구 구로동 112-1,서울 구로구 공원로7길 41-1,37.5012874238943,126.887087140701
1194818770,그레이pc방,pcbang,서울 구로구 구로동 1129-1,서울 구로구 시흥대로163길 33,37.48200686390534,126.89808547902594
1607894315,OX PC 구일역점,pcbang,서울 구로구 구로동 642-46,서울 구로구 구일로 154-17,37.497193890238,126.875183157821
77458555,케이라온,pcbang,서울 구로구 개봉동 403-206,서울 구로구 개봉로 71,37.4920934720895,126.855572679042
563755632,친구PC방,pcbang,서울 구로구 가리봉동 125-14,서울 구로구 남부순환로105라길 5,37.4802498372073,126.88901820831
424136746,애니락PC,pcbang,서울 구로구 구로동 141-14,서울 구로구 도림로 75,37.4899958338703,126.891708532381
1107990752,스타덤PC 개봉점,pcbang,서울 구로구 개봉동 357-22,서울 구로구 개봉로3길 40,37.48646481385707,126.8540514289773
1049934221,국가대표PC,pcbang,서울 구로구 가리봉동 131-19,서울 구로구 디지털로 221,37.4800899010268,126.89045882357
719685706,쓰리팝,pcbang,서울 구로구 구로동 685-448,서울 구로구 구일로4길 30,37.491868421753,126.876401947198
365436445,나는게이머다PC,pcbang,서울 구로구 고척동 253-15,서울 구로구 고척로 140,37.502514106319,126.849479497813
1884465624,아이비스PC방,pcbang,서울 구로구 고척동 46-19,서울 구로구 경인로47다길 4,37.5034093170871,126.864019413445
1924939146,아수스피씨 오류점,pcbang,서울 구로구 오류동 155-7,서울 구로구 오류로8길 34,37.4914679371528,126.842687668021
33914787,4텐PC 개봉점,pcbang,서울 구로구 개봉동 357-22,서울 구로구 개봉로3길 40,37.4864152431951,126.854039087818
1261587325,옵티멈존PC카페 가산점,pcbang,서울 금천구 가산동 60-9,서울 금천구 디지털로10길 37,37.4766382077666,126.889568471326
1108780745,레벨업PC방 금천점,pcbang,서울 금천구 시흥동 251-3,서울 금천구 탑골로 2,37.4507714529471,126.910225042273
1081750927,옵티멈존PC방 독산점,pcbang,서울 금천구 독산동 286-8,서울 금천구 시흥대로 406,37.4696543210803,126.898430078607
1275551197,레벨업PC방 독산점,pcbang,서울 금천구 가산동 234-45,서울 금천구 가산로3길 34,37.4723441239583,126.893636599792
447060649,레벨업피씨카페 가산점,pcbang,서울 금천구 가산동 219-5,서울 금천구 디지털로10길 78,37.4745399908441,126.889819140698
934087093,현대게임랜드,pcbang,서울 금천구 가산동 139-14,서울 금천구 디지털로 209,37.4791949419991,126.88921648971
107211089,월드클래스PC방,pcbang,서울 금천구 독산동 302-3,서울 금천구 두산로9길 31,37.471830443404,126.892524944061
78913422,스타PC,pcbang,서울 금천구 독산동 953,서울 금천구 시흥대로152길 11-43,37.4785670954725,126.900532187627
668308957,제로백PC방 은행나무사거리점,pcbang,서울 금천구 시흥동 837-38,서울 금천구 독산로 56,37.4523748610767,126.906234726322
1099625269,메타PC 금천본점,pcbang,서울 금천구 시흥동 889-8,서울 금천구 시흥대로 214,37.4530424372446,126.90170748831
1567119499,아레나블랙PC,pcbang,서울 금천구 가산동 146-84,서울 금천구 남부순환로 1282,37.4785543407841,126.893147305131
1463224700,위너스피씨,pcbang,서울 금천구 시흥동 890-13,서울 금천구 시흥대로 196,37.4514039349283,126.902238548979
1554387489,황금게임랜드,pcbang,서울 금천구 가산동 139-15,서울 금천구 디지털로 207,37.4790650844686,126.889096839925
1893016600,PC마루,pcbang,서울 금천구 독산동 378-392,서울 금천구 독산로 194,37.4643765590305,126.903150815632
168159590,우리PC방,pcbang,서울 금천구 시흥동 941-1,서울 금천구 시흥대로28길 15,37.4424579088547,126.904616470233
1295800413,아레나블랙PC방,pcbang,서울 금천구 독산동 159-23,서울 금천구 시흥대로 426,37.4715620398819,126.89875646323
1877213188,EFC PC 가산점,pcbang,서울 금천구 가산동 146-85,서울 금천구 남부순환로 1282,37.4785534397762,126.893147306414
26537535,리버스PC방,pcbang,서울 금천구 가산동 151-51,서울 금천구 가산로 124,37.4765994967135,126.892535073039
813672003,어셈블PC,pcbang,서울 금천구 시흥동 802-27,서울 금천구 독산로 142,37.4600848152006,126.905093675578
1496790216,4TENPC 독산점,pcbang,서울 금천구 독산동 951-4,서울 금천구 남부순환로 1372,37.4794588302617,126.903472790803
1125359558,제닉스아레나 독산점,pcbang,서울 금천구 독산동 159-23,서울 금천구 시흥대로 426,37.4715952676972,126.898628675567
1749274268,승리PC,pcbang,서울 금천구 시흥동 909-26,서울 금천구 은행나무로 49,37.45100378111,126.907712423823
1611989014,K-TOP Pc방,pcbang,서울 금천구 독산동 192-22,서울 금천구 독산로 250,37.4690740085827,126.902638323179
22710372,혀기네 PC 카페,pcbang,서울 금천구 시흥동 926,서울 금천구 금하로24길 45,37.4489447364546,126.908577240089
27435932,황금포커성게임랜드,pcbang,서울 금천구 독산동 288-6,서울 금천구 시흥대로 409,37.4701168138212,126.897703706888
820633391,뉴스타PC방,pcbang,서울 금천구 독산동 152-8,서울 금천구 시흥대로 427,37.471640573794,126.897879113868
1395972534,헤라PC방 독산점,pcbang,서울 금천구 독산동 165-7,서울 금천구 독산로85길 21,37.4723801218269,126.901919571929
14910972,아이러브PC,pcbang,서울 금천구 가산동 235-34,서울 금천구 가산로3길 54,37.472361218793,126.892613491935
1679198930,제로백피씨 광명소하점,pcbang,경기 광명시 소하동 49-2,경기 광명시 하안로 180,37.4534004081874,126.88784180313
443393085,제로100PC방,pcbang,경기 광명시 소하동 1364,경기 광명시 하안로 112,37.4482246246505,126.891309945236
988224333,레벨업PC방 광명하안점,pcbang,경기 광명시 하안동 33-5,경기 광명시 범안로 1059,37.4630957635371,126.880058498875
285617852,마하pc카페,pcbang,경기 광명시 하안동 35-2,경기 광명시 하안로287번길 21,37.461159802879,126.878600099906
253852105,메타피씨방 하안사거리점,pcbang,경기 광명시 하안동 36-5,경기 광명시 하안로 295,37.4619712125586,126.879970999677
976579414,저스트PC,pcbang,경기 광명시 하안동 33-5,경기 광명시 범안로 1059,37.4630912573486,126.880057375733
1852843451,더엑스PC방 소하점,pcbang,경기 광명시 소하동 1341-3,경기 광명시 소하로 88,37.446955735737866,126.88347003989512
1879578433,제로100피씨 광명하안점,pcbang,경기 광명시 하안동 30-1,경기 광명시 안현로 52,37.4655645700481,126.877459210204
332871409,5스타PC방,pcbang,서울 관악구 신림동 1738,서울 관악구 난곡로 100,37.46449972872617,126.91961323340131
753973031,바이브PC 석수역점,pcbang,경기 안양시 만안구 석수동 417-3,경기 안양시 만안구 연현로 109,37.4339075500398,126.90165455286
662547651,긱스타PC카페,pcbang,경기 광명시 소하동 1243-4,경기 광명시 충현로4번길 10,37.4352673282246,126.880318735722
1232813632,레벨업PC방 공릉점,pcbang,서울 노원구 공릉동 745,서울 노원구 공릉로 211,37.62829345863775,127.07730480653532
625969317,옵티멈존PC카페 노원2호점,pcbang,서울 노원구 상계동 617,서울 노원구 상계로 64,37.65590665229884,127.06237217477728
2097737271,옵티멈존PC카페 노원역점,pcbang,서울 노원구 상계동 602-3,서울 노원구 상계로 65,37.6563545048541,127.062250156976
1683399772,크라우드PC 노원역점,pcbang,서울 노원구 상계동 594-2,서울 노원구 상계로5길 31,37.6568235180025,127.063000773541
785194571,레드포스PC아레나 노원본점,pcbang,서울 노원구 상계동 332-8,서울 노원구 노해로81길 12-21,37.6557799663013,127.063401063911
124480889,레드포스PC방,pcbang,서울 노원구 상계동 617,서울 노원구 상계로 64,37.6557580232547,127.06230972147
1877024810,ITZY PC CAFE,pcbang,서울 노원구 상계동 727,서울 노원구 노해로 482,37.6542671801574,127.061772457173
804176507,레벨업 PC방 석계역점,pcbang,서울 노원구 월계동 46-1,서울 노원구 화랑로 337,37.6152544869808,127.065172067019
45246691,제로백 공릉점,pcbang,서울 노원구 공릉동 379-4,서울 노원구 동일로191가길 34,37.62665293674357,127.0713048674757
1788895893,레드포스PC아레나 광운대점,pcbang,서울 노원구 월계동 406,서울 노원구 광운로 44,37.6213481715927,127.059479745887
950650913,셀프PC방 하계점,pcbang,서울 노원구 하계동 283,서울 노원구 한글비석로 77,37.6375616746081,127.070466690915
805493242,포포PC방 중계역점,pcbang,서울 노원구 상계동 764-1,서울 노원구 동일로 1323,37.6468083984724,127.06261611809178
1286470932,새턴pc방,pcbang,서울 노원구 중계동 154-41,서울 노원구 덕릉로83길 15,37.6598567686546,127.074436233077
1624159067,펀홀릭PC방,pcbang,서울 노원구 중계동 359-8,서울 노원구 한글비석로 273,37.6522245394872,127.07725481607
1191635816,퍼니링크 PC방,pcbang,서울 노원구 상계동 357-8,서울 노원구 상계로5길 26,37.6571080777387,127.063282066109
2090657268,블랙PC카페,pcbang,서울 노원구 상계동 173-3,서울 노원구 상계로 193-25,37.6627999974357,127.073440680721
1796080286,3POP PC 공릉점,pcbang,서울 노원구 공릉동 653-3,서울 노원구 화랑로 463,37.6190033938615,127.078649891195
1965024012,레드포스PC,pcbang,서울 노원구 상계동 649-7,서울 노원구 동일로 1530,37.6650736365575,127.058060473198
1890554503,더세븐PC방,pcbang,서울 노원구 중계동 366-6,서울 노원구 한글비석로 264,37.65115862272196,127.0773375674894
499744758,맥스피드PC방 태릉역점,pcbang,서울 노원구 공릉동 633-15,서울 노원구 공릉로 101,37.61928143039953,127.07784709963245
1571184141,PC토랑,pcbang,서울 노원구 공릉동 383-12,서울 노원구 동일로191가길 6,37.6253255769215,127.071645702686
1047146080,코어PC카페,pcbang,서울 노원구 상계동 669,서울 노원구 노원로 558,37.661510712830385,127.05712609133892
1684279051,닉PC카페,pcbang,서울 노원구 상계동 1132-1,서울 노원구 동일로 1673,37.677878046241155,127.05495647671123
484656264,노원 카드홀릭,pcbang,서울 노원구 상계동 749-6,서울 노원구 동일로 1354,37.6495475904008,127.062233143435
1475384650,EFC하이엔드PC카페,pcbang,서울 노원구 공릉동 238-53,서울 노원구 공릉로 144,37.6226193961862,127.07948740523
2022536442,제로백PC 광운대점,pcbang,서울 노원구 월계동 413-1,서울 노원구 석계로 102,37.6232890486731,127.060950483446
2023064393,범PC,pcbang,서울 노원구 중계동 506,서울 노원구 동일로203가길 29,37.63960392167749,127.06467214703825
983818771,쇼타임PC방 은행사거리점,pcbang,서울 노원구 중계동 360-14,서울 노원구 한글비석로 227,37.6479103852525,127.076250922344
1036571515,3POP 과기대점,pcbang,서울 노원구 공릉동 208-18,서울 노원구 공릉로 208,37.6281489464166,127.077843886211
1574326742,PPL PC방,pcbang,서울 노원구 공릉동 208-18,서울 노원구 공릉로 208,37.6282706213182,127.077780574261
192920745,오엑스PC방 중계점,pcbang,서울 노원구 중계동 369-9,서울 노원구 한글비석로 326,37.6565233200752,127.078326806195
952688451,시크릿PC카페,pcbang,서울 노원구 월계동 922,서울 노원구 마들로1길 44,37.623655951845,127.063974137276
1474358520,해PC방,pcbang,서울 노원구 중계동 154-22,서울 노원구 덕릉로83길 18,37.6601360841688,127.074418378826
1652043401,쇼타임PC 노원역점,pcbang,서울 노원구 상계동 733,서울 노원구 동일로217가길 17,37.6532934797074,127.05951088317
1950457609,긱스타PC방 수락산역점,pcbang,서울 노원구 상계동 1115-2,서울 노원구 동일로 1678,37.6780975382792,127.055695741865
14917970,피씨쿠스,pcbang,서울 노원구 공릉동 383-12,서울 노원구 동일로191가길 6,37.625323774261254,127.07164683374806
27246644,3POP PC카페,pcbang,서울 노원구 월계동 635-4,서울 노원구 월계로 334,37.6290507868662,127.057503398778
503950300,탑클래스PC방,pcbang,서울 노원구 상계동 1319,서울 노원구 상계로 108,37.65704107710953,127.06713513974015
1523291743,뿅뿅오락실,pcbang,서울 노원구 상계동 616-6,서울 노원구 노해로81길 12-4,37.6553909098667,127.063087956488
1954032,미녀PC,pcbang,서울 노원구 공릉동 336-3,서울 노원구 공릉로 133,37.6221070573896,127.079006576663
636247193,맥PC카페,pcbang,서울 노원구 월계동 409-16,서울 노원구 광운로 52,37.6218345672402,127.059751990779
1219982946,퍼니링크 funnylink PC 노원2호점,pcbang,서울 노원구 상계동 358-31,서울 노원구 상계로3길 28,37.65738953716122,127.06262047006824
583262813,피시쿠스,pcbang,서울 노원구 중계동 369-9,서울 노원구 한글비석로 326,37.6565224190939,127.078326805249
1907258567,옐로pc방,pcbang,서울 노원구 상계동 184-20,서울 노원구 노원로28길 67,37.6548225563867,127.070736845266
1178925995,댑스PC방 노원점,pcbang,서울 노원구 상계동 67-7,서울 노원구 덕릉로126길 11,37.6705915550784,127.08183724103
1104536153,레벨업PC방 창동점,pcbang,서울 도봉구 창동 7,서울 도봉구 마들로11가길 6-25,37.6522207246323,127.04903358869
1253816236,맥스피드PC 창동본점,pcbang,서울 도봉구 창동 715-1,서울 도봉구 도봉로 578,37.6564407837106,127.039845587421
290538321,레드포스PC아레나 쌍문점,pcbang,서울 도봉구 창동 655-20,서울 도봉구 도봉로 468,37.6474236841175,127.034314506227
2106266647,리플레이 피씨REPLAY PC,pcbang,서울 도봉구 방학동 657-12,서울 도봉구 도당로 133,37.66737646644272,127.04109367325339
586784453,Vacation PC Cafe,pcbang,서울 도봉구 도봉동 617-15,서울 도봉구 도봉로 765,37.6727525476642,127.043783062807
1017572,제로백 방학점,pcbang,서울 도봉구 방학동 263-75,서울 도봉구 도당로 36,37.66121842305612,127.03500765724948
1378170687,리플레이PC,pcbang,서울 도봉구 방학동 653-1,서울 도봉구 도봉로 727-1,37.6694687052459,127.043161129436
1948719700,런PC,pcbang,서울 도봉구 쌍문동 653,서울 도봉구 도봉로 575,37.6564050964642,127.038789366182
665124868,엑스투PC,pcbang,서울 도봉구 창동 581-75,서울 도봉구 덕릉로57길 10,37.6394227554934,127.037878662353
1639536718,제일게임랜드,pcbang,서울 도봉구 창동 650-47,서울 도봉구 도봉로 454,37.6462841189759,127.033693037495
2073455233,OX PC방 쌍문점,pcbang,서울 도봉구 쌍문동 20,서울 도봉구 도당로 7,37.658789437030954,127.03480365592166
939267564,맥스피드PC방 쌍문점,pcbang,서울 도봉구 쌍문동 20-22,서울 도봉구 도당로 10,37.6589767086251,127.035250264816
236370934,비원PC방,pcbang,서울 도봉구 방학동 695-8,서울 도봉구 도당로 76,37.6646228933758,127.03612677771069
1818117783,불독PC 도봉점,pcbang,서울 도봉구 도봉동 561-11,서울 도봉구 도봉로 891,37.68401764698962,127.04573055058115
1338559084,피에스타PC카페 도봉점,pcbang,서울 도봉구 도봉동 600-13,서울 도봉구 도봉로169나길 59,37.6769051532165,127.043804773703
1167211595,런PC,pcbang,서울 도봉구 창동 569-124,서울 도봉구 덕릉로 244,37.6392656205956,127.038994591261
263041578,쓰리팝PC 창동역점,pcbang,서울 도봉구 창동 135-15,서울 도봉구 노해로63길 84-3,37.652717095199186,127.046994140583
1202237045,찰리팝(창동점),pcbang,서울 도봉구 창동 8-1,서울 도봉구 노해로67길 10,37.6523087349202,127.049716967266
14916868,웹시티 PC방,pcbang,서울 도봉구 창동 569-123,서울 도봉구 덕릉로 244-1,37.6393439766438,127.039084139604
1342764717,메가런,pcbang,서울 도봉구 도봉동 561-11,서울 도봉구 도봉로 891,37.6840239503162,127.045739623924
1982561948,엔플스윙,pcbang,서울 도봉구 창동 135-28,서울 도봉구 노해로63길 84-9,37.6525286825697,127.047262591479
247480379,귀족PC,pcbang,서울 도봉구 창동 552-47,서울 도봉구 덕릉로 220,37.6376254617786,127.037341850915
234922617,더블랙PC카페,pcbang,서울 노원구 상계동 651-2,서울 노원구 동일로 1551,37.6668879027504,127.056844589691
689391964,아론PC방 마들점,pcbang,서울 노원구 상계동 966-1,서울 노원구 동일로 1596,37.67082537791446,127.05644520638799
715043605,몽키PC방,pcbang,서울 노원구 상계동 1117-16,서울 노원구 동일로242가길 22,37.6767891585077,127.056030301724
20746415,돈까스PC방,pcbang,서울 노원구 상계동 336,서울 노원구 상계로 75,37.6565927211416,127.063272562579
957492143,게임온,pcbang,서울 노원구 상계동 617,서울 노원구 노해로79길 6-19,37.65548494486254,127.062462482028
619142922,레벨업PC방 답십리점,pcbang,서울 동대문구 답십리동 492-1,서울 동대문구 천호대로 313,37.5654436636192,127.055308416673
1318864906,옵티멈존PC카페 외대점,pcbang,서울 동대문구 이문동 288-10,서울 동대문구 이문로 114,37.5967352343872,127.060681963356
1975989976,옵티멈존PC카페 시립대점,pcbang,서울 동대문구 전농동 498-21,서울 동대문구 서울시립대로 58,37.5762939078842,127.048084912452
1700744886,제일게임랜드,pcbang,서울 동대문구 전농동 622-1,서울 동대문구 답십리로 9,37.5785122094889,127.043289705387
956686424,엑스코어PC방(엑스코어),pcbang,서울 동대문구 청량리동 705-1,서울 동대문구 홍릉로 23,37.5825375249004,127.044166050823
2127741592,긱스타PC카페,pcbang,서울 동대문구 회기동 42-94,서울 동대문구 경희대로1길 8-6,37.59186415745752,127.05189940501843
672414566,레드포스pc아레나 회기점,pcbang,서울 동대문구 휘경동 330,서울 동대문구 이문로 22,37.5895568231382,127.055621772202
2130896948,제로백피씨방 외대점,pcbang,서울 동대문구 이문동 327-7,서울 동대문구 이문로 89,37.59500167647921,127.05900470397076
175671810,레드포스PC아레나 시립대점,pcbang,서울 동대문구 전농동 103-340,서울 동대문구 전농로 222,37.5838877611787,127.053709857925
274251068,지지엑스PC방,pcbang,서울 동대문구 휘경동 267-84,서울 동대문구 망우로 66,37.589501924522,127.060969342802
2011260027,레벨업PC방,pcbang,서울 동대문구 장안동 416-5,서울 동대문구 장한로 3,37.5622043163189,127.064695730295
1592707425,제로백PC 장안점,pcbang,서울 동대문구 장안동 94-42,서울 동대문구 사가정로23가길 11,37.5806398270978,127.070548862016
24691015,3POP PC카페,pcbang,서울 동대문구 전농동 295-316,서울 동대문구 사가정로 109,37.57731004724588,127.05699660980427
669334138,e스포츠아레나PC,pcbang,서울 동대문구 신설동 103-2,서울 동대문구 천호대로 10,37.57477037071694,127.02449138124712
1077061978,대치콤퓨타,pcbang,서울 동대문구 전농동 648-104,서울 동대문구 서울시립대로4길 5,37.57490314992898,127.04714896317657
1492067339,1프로PC아레나,pcbang,서울 동대문구 이문동 329-1,서울 동대문구 이문로 93,37.5953817812846,127.059231471692
710885714,세븐티PC방,pcbang,서울 동대문구 답십리동 68-1,서울 동대문구 전농로 94,37.5731820339171,127.057772846848
755696325,아이엠피시,pcbang,서울 동대문구 장안동 372-5,서울 동대문구 장한로 105,37.5700850309479,127.069954816642
1378173622,아이센스PC,pcbang,서울 동대문구 장안동 337-8,서울 동대문구 답십리로72길 40,37.5703990371828,127.073643034562
2133463068,아이센스리그PC방 장한평점,pcbang,서울 동대문구 장안동 374-11,서울 동대문구 한천로24길 74-1,37.5688153199095,127.068776416118
1272276452,아크PC방,pcbang,서울 동대문구 휘경동 269-26,서울 동대문구 망우로 74,37.5895999272796,127.061365710366
1053935990,앤탑PC,pcbang,서울 동대문구 장안동 295-6,서울 동대문구 답십리로 267,37.5727023515854,127.070072728153
241429542,XCOREPC방 청량리점,pcbang,서울 동대문구 청량리동 705-1,서울 동대문구 홍릉로 23,37.5825330178161,127.044171708877
1725050541,네트게임방,pcbang,서울 동대문구 용두동 39-414,서울 동대문구 천호대로31길 57,37.5759594712341,127.041395450225
2130719075,레드포스PC아레나 장한평역점,pcbang,서울 동대문구 장안동 432-4,서울 동대문구 한천로2길 107,37.5624620903777,127.06453296831
296816069,레드포스PC아레나 답십리점,pcbang,서울 동대문구 답십리동 12-18,서울 동대문구 한천로 55,37.5669099256772,127.061881351843
117103538,엑시트PC카페 경희대점,pcbang,서울 동대문구 회기동 42-43,서울 동대문구 경희대로1길 10,37.5918417310239,127.051675197142
14905754,해리PC방,pcbang,서울 동대문구 이문동 363-5,서울 동대문구 휘경로3길 4,37.5957909761354,127.062446521079
1484585395,에이플PC&CAFE,pcbang,서울 동대문구 회기동 42-46,서울 동대문구 경희대로1길 8-11,37.5921687701753,127.051722979419
799442288,리얼PC,pcbang,서울 동대문구 전농동 124-69,서울 동대문구 전농로 209,37.5827794799899,127.053840390769
1803271152,지지게임존,pcbang,서울 동대문구 회기동 60-27,서울 동대문구 회기로 142,37.5914711139921,127.052376953709
27262862,제닉스아레나PC방,pcbang,서울 동대문구 전농동 152-11,서울 동대문구 서울시립대로 164,37.5833070095838,127.054823481281
1080982961,쓰리팝(3POP),pcbang,서울 동대문구 휘경동 330,서울 동대문구 이문로 22,37.589556823144,127.05562177220251
1860101404,늑대와여우 피시방,pcbang,서울 동대문구 휘경동 267-110,서울 동대문구 망우로16길 20,37.589276598076836,127.0611208798908
817290445,팡팡 경희대점,pcbang,서울 동대문구 회기동 16-51,서울 동대문구 경희대로 8,37.5922431561014,127.052619804926
1942934380,월드넷PC방,pcbang,서울 동대문구 장안동 109-10,서울 동대문구 한천로40길 11,37.577554878587,127.06893162253618
1907210814,수PC방,pcbang,서울 동대문구 장안동 93-43,서울 동대문구 사가정로25길 34,37.580281080002,127.070802115964
885876004,더원PC 답십리점,pcbang,서울 동대문구 답십리동 250-13,서울 동대문구 전농로 75,37.5716002298595,127.057067534758
27310070,인터파크PC존,pcbang,서울 동대문구 장안동 390-18,서울 동대문구 답십리로66길 57,37.5701064262001,127.067247199938
1592131920,해피PC 장안점,pcbang,서울 동대문구 장안동 93-36,서울 동대문구 사가정로25길 50,37.5809917811864,127.071106197116
1521007649,놀이터PC,pcbang,서울 동대문구 장안동 383-3,서울 동대문구 장한로21길 16,37.5702151534148,127.069311986887
498609628,박주부PC카페,pcbang,서울 동대문구 장안동 94-42,서울 동대문구 사가정로23가길 11,37.58059200945954,127.07065749982775
1670461729,리얼피시,pcbang,서울 동대문구 이문동 264-211,서울 동대문구 천장산로7길 8,37.5986370736427,127.057384863708
1870125251,명성pc,pcbang,서울 동대문구 답십리동 493-5,서울 동대문구 천호대로 307,37.5657989112877,127.054760844542
1508863510,넷토피시방 청량리2동점,pcbang,서울 동대문구 청량리동 199-171,서울 동대문구 홍릉로 80,37.5873951091276,127.043273337137
444648284,레벨업PC방 중앙대흑석점,pcbang,서울 동작구 흑석동 182-5,서울 동작구 흑석로 112,37.5083603012351,126.96165381983
1510860808,옵티멈존PC카페 이수역점,pcbang,서울 동작구 사당동 139-30,서울 동작구 동작대로27길 5,37.4873545061176,126.981491480745
140134245,디앤비스타디움PC 신대방점,pcbang,서울 동작구 대방동 335-16,서울 동작구 상도로 83,37.4999050933526,126.929876611791
14913373,사이버파크PC 노량진점,pcbang,서울 동작구 노량진동 148-91,서울 동작구 노량진로 180,37.51337363220817,126.94590071708912
1301023202,포포PC방 노량진2호점,pcbang,서울 동작구 노량진동 72-48,서울 동작구 노량진로 156,37.51343728646221,126.94330366830573
1278384086,3팝 PC CAFE,pcbang,서울 동작구 사당동 1031-26,서울 동작구 동작대로3길 6,37.478458788997564,126.98112510864104
1527974064,레드포스PC아레나 사당역점,pcbang,서울 동작구 사당동 1031-26,서울 동작구 동작대로3길 6,37.4785065432163,126.981129618919
1703844048,슈프림PC카페2,pcbang,서울 동작구 흑석동 183-1,서울 동작구 흑석로 110,37.5081160538387,126.961423216981
834468696,제로백PC 상도점,pcbang,서울 동작구 상도동 413,서울 동작구 양녕로26길 27,37.4973899372207,126.944257806299
844773956,e스포츠센터PC방,pcbang,서울 동작구 상도동 463-2,서울 동작구 상도로47길 4,37.4995312011238,126.95145319235
118076455,제로백PC 남성역점,pcbang,서울 동작구 사당동 265-59,서울 동작구 사당로 230-1,37.48330559658667,126.97324329714911
368585000,3팝PC카페 이수역점,pcbang,서울 동작구 사당동 147-81,서울 동작구 동작대로27가길 44,37.485639776468,126.980795405076
266589632,슈프림(SUPREME)PC CAFE,pcbang,서울 동작구 사당동 266-4,서울 동작구 사당로 234,37.4831795063844,126.973469470636
1615018716,대방게임랜드,pcbang,서울 동작구 대방동 336-6,서울 동작구 상도로 82,37.4995643929434,126.929674501188
2040207133,호야PC월드 본점,pcbang,서울 동작구 상도동 322-19,서울 동작구 국사봉1길 32,37.4987890331293,126.930360540237
1265544801,포포PC방 노량진점,pcbang,서울 동작구 노량진동 116-2,서울 동작구 만양로 105,37.51290602077762,126.94398838010044
1804813482,제로100PC방 노량진점,pcbang,서울 동작구 노량진동 148-5,서울 동작구 노량진로 184,37.5133035289182,126.9462842095
1138265226,긱스타pc카페,pcbang,서울 동작구 상도동 505-1,서울 동작구 사당로 28,37.4949347792896,126.957458558912
1154301611,멜론PC방,pcbang,서울 동작구 신대방동 607-5,서울 동작구 시흥대로 658,37.4903764149783,126.908078990988
30067041,쓰리팝(대방점),pcbang,서울 동작구 대방동 39-2,서울 동작구 등용로 123,37.51211660013201,126.93173146874808
2120286472,루나틱하이PC방 노량진3호점,pcbang,서울 동작구 노량진동 330,서울 동작구 만양로 84,37.51073504283172,126.94492878056181
102116712,네옥스PC,pcbang,서울 동작구 신대방동 344-15,서울 동작구 보라매로 91,37.49748548962115,126.92771441200927
27273023,아이센스PC방 대방점,pcbang,서울 동작구 대방동 412-20,서울 동작구 여의대방로24길 65,37.4985219695909,126.923923855232
967583732,피피엘PC 사당역점,pcbang,서울 동작구 사당동 1045-8,서울 동작구 남부순환로 2061,37.4768949460109,126.977728205405
1312214431,아이센스리그PC방 사당점,pcbang,서울 동작구 사당동 1044-4,서울 동작구 남부순환로 2067,37.4769203290182,126.978564803627
260274197,콤마PC카페 신대방삼거리역점,pcbang,서울 동작구 대방동 336-6,서울 동작구 상도로 82,37.4994734075403,126.92970172783
209470926,긱스타PC카페 숭실2호점,pcbang,서울 동작구 상도동 505-7,서울 동작구 상도로67길 32,37.49496512498922,126.95666470591351
23284932,스릴러성인게임장,pcbang,서울 동작구 사당동 134-2,서울 동작구 동작대로 127,37.4880177181466,126.981944734051
480561318,제로100PC 신대방삼거리점,pcbang,서울 동작구 상도동 320-21,서울 동작구 상도로 102,37.4999431470846,126.931776480042
1120076356,제로백피씨 상도건영점,pcbang,서울 동작구 상도동 22-1,서울 동작구 만양로 11,37.5058642133295,126.946901402832
862222358,PNP피씨방,pcbang,서울 동작구 노량진동 310-64,서울 동작구 장승배기로 98,37.5063104850593,126.939948883502
1111806582,콤마PC카페 신대방점,pcbang,서울 동작구 대방동 335-25,서울 동작구 상도로 73,37.4999000138127,126.928915356232
1647667707,지플러스피시방,pcbang,서울 동작구 상도동 366-5,서울 동작구 상도로 169,37.50433063771387,126.93755735506292
650646760,나이츠아레나PC방,pcbang,서울 동작구 노량진동 310-64,서울 동작구 장승배기로 98,37.50634923170228,126.93995563841642
1725343652,쓰리팝PC카페,pcbang,서울 동작구 흑석동 181-25,서울 동작구 흑석로 114-1,37.5085729004522,126.961537215455
183506741,마일하이 PC방,pcbang,서울 동작구 노량진동 120-6,서울 동작구 만양로 81,37.51083394040894,126.94447402197775
569352932,하늘다리PC 숭실점,pcbang,서울 동작구 상도동 501-9,서울 동작구 사당로 4,37.4954023496032,126.954889055212
14912856,사이버팰리스PC,pcbang,서울 동작구 상도동 204-17,서울 동작구 장승배기로 35,37.5012239731955,126.941070300895
1038120235,루나틱하이,pcbang,서울 동작구 노량진동 330,서울 동작구 만양로 84,37.5109027169738,126.945116413422
2122153180,텐즈PC방,pcbang,서울 동작구 사당동 86-1,서울 동작구 동작대로 141,37.4892376992669,126.982052990878
933475548,호야 2호점,pcbang,서울 동작구 상도동 250-6,서울 동작구 성대로 23,37.4996374747215,126.932946098964
2060064744,헬로PC방,pcbang,서울 동작구 흑석동 190-4,서울 동작구 흑석로9길 4,37.5076740817918,126.959981404244
887377836,이스포츠센터(상도점),pcbang,서울 동작구 상도1동 635,서울 동작구 양녕로 280-1,37.5042879522806,126.950111054901
1486926204,인터파크수PC방,pcbang,서울 동작구 상도동 494-10,서울 동작구 상도로 372,37.4953875969185,126.954016065976
1563529763,탑PC,pcbang,서울 동작구 흑석동 195-26,서울 동작구 흑석로7길 8,37.5072851442355,126.958235338559
2107563477,레벨업PC방 홍대점,pcbang,서울 마포구 동교동 162-6,서울 마포구 양화로 148,37.5556176315875,126.922660551815
183811174,레벨업PC방 상암점,pcbang,서울 마포구 상암동 1593,서울 마포구 월드컵북로56길 9,37.58138480051084,126.88743951410711
1699018000,옵티멈존PC카페 공덕점,pcbang,서울 마포구 도화동 571,서울 마포구 도화길 43,37.5418670411594,126.950291964091
852165006,레벨업PC방 공덕점,pcbang,서울 마포구 공덕동 105-228,서울 마포구 마포대로14길 21,37.5484379533738,126.956986835778
1247933627,T1베이스캠프,pcbang,서울 마포구 동교동 160-4,서울 마포구 양화로 147,37.5559614381057,126.922090930728
1284649828,원신PC라운지,pcbang,서울 마포구 동교동 167-2,서울 마포구 양화로 186,37.5576685724497,126.925893022004
812692243,긱스타PC방,pcbang,서울 마포구 서교동 362-2,서울 마포구 와우산로 81,37.55167164458423,126.92324744271696
527148674,탑플레이스PC,pcbang,서울 마포구 성산동 20-12,서울 마포구 월드컵북로16길 27,37.5631525050464,126.915835631708
1098842497,라운지플스방,pcbang,서울 마포구 서교동 363-12,서울 마포구 잔다리로 12,37.5508850655463,126.921861960511
1273526400,쓰리팝PC방 합정점,pcbang,서울 마포구 합정동 383-20,서울 마포구 양화로3길 6,37.549224700705786,126.91187245138978
2107552471,채널27버터플라이,pcbang,서울 마포구 서교동 407-12,서울 마포구 와우산로17길 14,37.5503617825443,126.922160132428
913427418,박정석pc방,pcbang,서울 마포구 동교동 162-3,서울 마포구 홍익로6길 15,37.5553581763766,126.92270948442538
2146793871,긱스타 PC 합정점,pcbang,서울 마포구 합정동 472,서울 마포구 월드컵로1길 14,37.550050156126495,126.91206159699246
2069626791,긱스타PC방,pcbang,서울 마포구 서교동 327-11,서울 마포구 와우산로 155,37.55486717671888,126.93000282467172
429606370,긱스타피씨,pcbang,서울 마포구 상암동 4-2,서울 마포구 매봉산로2길 15,37.5785264994962,126.894978956727
1636092037,큐스테이지 피씨카페,pcbang,서울 마포구 망원동 482-9,서울 마포구 월드컵로 111,37.5581766460211,126.907850900617
903713077,제로백 망원점,pcbang,서울 마포구 망원동 418-1,서울 마포구 망원로 24,37.556112071460944,126.89963585539132
1196861405,나니아플스방,pcbang,서울 마포구 동교동 161-4,서울 마포구 동교로 176,37.5561801152619,126.921690065548
549447206,쿡몬스터PC 노고산점,pcbang,서울 마포구 노고산동 56-7,서울 마포구 신촌로16길 34,37.55425150899167,126.93420545941957
2120219000,칵투스PC방,pcbang,서울 마포구 동교동 173-14,서울 마포구 양화로 192,37.5583283237088,126.926246614786
798252372,에스엔에스 피씨SNS PC,pcbang,서울 마포구 동교동 165-8,서울 마포구 양화로 156,37.5561127914116,126.923446601732
692022696,레드포스 PC아레나 서강대점,pcbang,서울 마포구 신수동 81-136,서울 마포구 백범로 28,37.5520644956517,126.93697434513
1338837585,레벨업PC카페 마포역점,pcbang,서울 마포구 도화동 541,서울 마포구 마포대로 38,37.539387697433,126.946638895083
2013801186,3POP PC방,pcbang,서울 마포구 서교동 441-17,서울 마포구 월드컵로14길 5,37.55600741931965,126.91068292605613
137034777,제로백PC 광흥창역점,pcbang,서울 마포구 창전동 444,서울 마포구 독막로 147-7,37.5480421066175,126.929986574841
911561616,쓰리팝피씨방 3POP PC방,pcbang,서울 마포구 상수동 93-93,서울 마포구 와우산로 47,37.5486649168435,126.92282276938575
990932009,블링팝,pcbang,서울 마포구 서교동 402-2,서울 마포구 독막로9길 4,37.548476068837,126.919584245036
1468314378,라이또PC 마포성산점,pcbang,서울 마포구 성산동 593-10,서울 마포구 모래내로3길 3,37.5646312429102,126.905393579386
27240332,샘피시방,pcbang,서울 마포구 연남동 226-14,서울 마포구 연희로 39,37.5623582536717,126.927331470358
1845368258,제우스PC방 망원우체국사거리점,pcbang,서울 마포구 망원동 482-3,서울 마포구 망원로 97,37.55810611082,126.907521641415
469556097,레드포스 PC이레나 서강대점,pcbang,서울 마포구 신수동 81-136,서울 마포구 백범로 28,37.5520960740387,126.937055799694
1558382859,아이센스리그PC방 신촌본점,pcbang,서울 마포구 노고산동 57-12,서울 마포구 신촌로 88,37.55525131651087,126.9352933050935
179716845,홍대플스방,pcbang,서울 마포구 동교동 154-10,서울 마포구 월드컵북로2길 91,37.5586471957973,126.924691232385
696281592,으뜸플스방,pcbang,서울 마포구 연남동 260-27,서울 마포구 동교로 242,37.56141580516283,126.92445076279314
128231228,제우스PC방 동교점,pcbang,서울 마포구 동교동 198-8,서울 마포구 동교로27길 12,37.558876679724,126.922876749753
1476553785,쓰리팝코어피시방,pcbang,서울 마포구 망원동 377-2,서울 마포구 월드컵로 85,37.5563345135315,126.909541735036
1786436640,제우스PC 마포구청역점,pcbang,서울 마포구 망원동 474-3,서울 마포구 월드컵로 155,37.5613809784507,126.904931378334
566115841,쓰리팝 PC방 마포구청역점,pcbang,서울 마포구 망원동 474-3,서울 마포구 월드컵로 155,37.5613800774614,126.904931379478
590240333,지크피씨 상암점,pcbang,서울 마포구 상암동 4-2,서울 마포구 매봉산로2길 15,37.5786104040552,126.89500374472
1568344775,날쏘고가라,pcbang,서울 마포구 서교동 358-1,서울 마포구 홍익로 19,37.55401113481034,126.92263278750625
1303711659,나인티PC카페,pcbang,서울 마포구 동교동 165-8,서울 마포구 양화로 156,37.5561136938758,126.923448864295
94042857,힙플조이,pcbang,서울 마포구 동교동 152-1,서울 마포구 동교로 226,37.5600343080527,126.924031127113
223988534,피시카페코지,pcbang,서울 마포구 신수동 81-59,서울 마포구 서강로16길 69,37.5514248868292,126.937161609704
253588480,3POP PC카페,pcbang,서울 마포구 공덕동 105-228,서울 마포구 마포대로14길 21,37.54844354059482,126.95698966163623
1368783082,라인업PC방,pcbang,서울 마포구 당인동 12-1,서울 마포구 어울마당로 26,37.547589749846104,126.91997220934034
1178283293,옵티멈존PC카페 충정로역점,pcbang,서울 서대문구 충정로3가 464,서울 서대문구 서소문로 21,37.5598947108586,126.964085695908
390681292,옵티멈존PC카페 신촌역점,pcbang,서울 서대문구 창천동 31-80,서울 서대문구 명물길 23,37.558164720280956,126.93786330930199
698214976,레벨업PC방 남가좌점,pcbang,서울 서대문구 남가좌동 341-26,서울 서대문구 증가로 124,37.5774783753004,126.923868503709
17446278,대한민국플스방,pcbang,서울 서대문구 창천동 52-3,서울 서대문구 연세로11길 4,37.55906146573496,126.93664476066701
1591845598,제우스PC 창천점,pcbang,서울 서대문구 창천동 503-13,서울 서대문구 신촌로 17,37.55820297728345,126.92901053295944
332033961,타워PC카페 충정로점,pcbang,서울 서대문구 충정로3가 464,서울 서대문구 서소문로 21,37.5598992144716,126.964081166543
1343077128,레벨업 PC방 북가좌점,pcbang,서울 서대문구 북가좌동 309-1,서울 서대문구 응암로 87,37.5807945677879,126.911700531529
103800568,레드포스PC아레나 신촌점,pcbang,서울 서대문구 창천동 20-26,서울 서대문구 신촌로 127,37.5564620358059,126.939992410822
278680923,블루포스PC,pcbang,서울 서대문구 창천동 31-4,서울 서대문구 연세로 36,37.558768072031,126.937265226515
208940080,롤스터PC방,pcbang,서울 서대문구 창천동 18-29,서울 서대문구 연세로 8-1,37.55634080593803,126.9373034773219
1508959059,제로백PC 북가좌점,pcbang,서울 서대문구 북가좌동 333-8,서울 서대문구 증가로 246,37.583100060284,126.912711084381
18097634,갤러리PC방,pcbang,서울 서대문구 창천동 18-21,서울 서대문구 연세로 12,37.556633575212196,126.93720024265949
1144213774,레브9(LEV9) PC방,pcbang,서울 서대문구 연희동 137-5,서울 서대문구 연희로 103,37.567123931306945,126.93084708107028
1917278039,리코스타PC카페,pcbang,서울 서대문구 대현동 27-33,서울 서대문구 신촌역로 22-8,37.558838725108,126.943354169082
1347798396,제로100PC 홍제점,pcbang,서울 서대문구 홍제동 266-152,서울 서대문구 세검정로 54,37.5925359394744,126.94729280222532
289280723,킹콩PC 북가좌점,pcbang,서울 서대문구 북가좌동 294-16,서울 서대문구 응암로 90,37.580774309069156,126.91232321953132
572804555,에이플PCCAFE,pcbang,서울 서대문구 남가좌동 322-18,서울 서대문구 명지대1길 2,37.581310833072685,126.92469671306223
14910571,펀앤펀PC방,pcbang,서울 서대문구 홍제동 137-14,서울 서대문구 통일로 424,37.58719988681016,126.94635605710428
1879867102,오셀롯PC 홍제점,pcbang,서울 서대문구 홍제동 176-4,서울 서대문구 통일로 428,37.587531261723,126.946038435991
1151127719,아이콘PC,pcbang,서울 서대문구 창천동 18-5,서울 서대문구 명물길 6,37.5573103326464,126.937404523558
583042278,제로백 명지대점,pcbang,서울 서대문구 남가좌동 7-4,서울 서대문구 명지대길 54,37.58246988435491,126.92387474249428
1260919791,아이세븐PC방,pcbang,서울 서대문구 홍은동 9-310,서울 서대문구 홍은중앙로 113,37.6005157161489,126.948649469544
832704858,긱스타 PC방,pcbang,서울 서대문구 홍은동 401-40,서울 서대문구 거북골로 10,37.581090837157,126.925877737252
110734528,3팝PC,pcbang,서울 서대문구 홍은동 274-82,서울 서대문구 연희로 271,37.5813093136158,126.935852671703
939819256,탑플레이스PC 명지대점,pcbang,서울 서대문구 홍은동 409-10,서울 서대문구 거북골로 13,37.58072952119149,126.92584979255554
679816751,더쉐프PC,pcbang,서울 서대문구 북가좌동 343-1,서울 서대문구 증가로 259,37.583664728001,126.911161629825
23109509,PC지앵 이대역점,pcbang,서울 서대문구 대현동 40-4,서울 서대문구 이화여대길 7,37.557272036643546,126.94557926552626
1967590925,씨씨존PC방,pcbang,서울 서대문구 영천동 316,서울 서대문구 통일로 193,37.5705662197592,126.961576671855
130067318,아크PC,pcbang,서울 서대문구 창천동 31-4,서울 서대문구 연세로 36,37.5587842767434,126.937240313683
1884674135,3팝PC카페,pcbang,서울 서대문구 홍은동 11-419,서울 서대문구 홍은중앙로 89,37.5990285100933,126.947352768989
166956995,리가플스방 신촌점,pcbang,서울 서대문구 창천동 31-92,서울 서대문구 명물길 19,37.5580339432637,126.937612164395
579524783,스트라이크팡 신촌2점,pcbang,서울 서대문구 창천동 57-8,서울 서대문구 연세로5가길 1,37.55705104570273,126.93609642858951
1699567228,BonePC 비원피씨,pcbang,서울 서대문구 홍제동 176-6,서울 서대문구 통일로36길 5,37.587566492384695,126.94623994564331
1685204465,바닐라PC방,pcbang,서울 서대문구 북가좌동 334-1,서울 서대문구 응암로 139,37.5847808617318,126.914556835001
14907136,로하스PC방 충정로점,pcbang,서울 서대문구 충정로3가 3-95,서울 서대문구 경기대로9길 77,37.5643704123609,126.959891106475
850029499,셀프넷PC방 본점,pcbang,서울 서대문구 북아현동 1-233,서울 서대문구 북아현로 68,37.563253248269284,126.95508473174917
1702270454,갤랙시pc방 명지대점,pcbang,서울 서대문구 홍은동 401-16,서울 서대문구 거북골로 14,37.5808275477357,126.925561005398
496887919,티몬PC방 서문점,pcbang,서울 서대문구 연희동 35-1,서울 서대문구 연희로10길 43-4,37.5651365755549,126.932825180591
14905472,유비트PC방 명지대점,pcbang,서울 서대문구 남가좌동 322-18,서울 서대문구 명지대1길 2,37.5813099313576,126.924695581846
824092997,TON PC방,pcbang,서울 서대문구 연희동 35-1,서울 서대문구 연희로10길 43-4,37.5651311618526,126.932811602894
1492682730,레벨업PC방 응암오거리점,pcbang,서울 은평구 응암동 598-18,서울 은평구 응암로11길 3,37.5882572191057,126.91627158624
1190913095,레벨업 PC방 녹번점,pcbang,서울 은평구 녹번동 73-12,서울 은평구 은평로 205-5,37.6015906942036,126.931145860927
713785295,레벨업PC방 남부터미널점,pcbang,서울 서초구 서초동 1601-1,서울 서초구 효령로55길 28,37.48611618390697,127.01446713882406
1933572603,옵티멈존PC카페 강남역점,pcbang,서울 서초구 서초동 1330-16,서울 서초구 서초대로78길 44,37.4938073479316,127.028452129808
1545420305,레벨업PC방 사당본점,pcbang,서울 서초구 방배동 441-1,서울 서초구 동작대로 44,37.480438473814,126.982204334962
2137257467,레벨업PC방 반포점,pcbang,서울 서초구 반포동 52-1,서울 서초구 고무래로 26,37.5023472749046,127.011242591178
1126244022,옵티멈존PC카페 방배점,pcbang,서울 서초구 방배동 911-1,서울 서초구 방배로13길 19,37.4827111680169,126.995401705075
581648001,레벨업 PC방 방배점,pcbang,서울 서초구 방배동 814-8,서울 서초구 동광로 56-1,37.4920361759102,126.988969278851
1067760944,옵티멈존PC카페 방배역점,pcbang,서울 서초구 방배동 909-6,서울 서초구 방배로 83,37.4818642712824,126.997007241384
790701882,PortalPC 포탈피시방,pcbang,서울 서초구 서초동 1303-16,서울 서초구 서초대로77길 62,37.502557978927,127.024148850477
635000999,레드포스PC아레나 강남점,pcbang,서울 서초구 서초동 1330-20,서울 서초구 강남대로53길 7,37.4942642045849,127.02826006547
2078768210,제로백 100PC 서초점,pcbang,서울 서초구 서초동 1580-8,서울 서초구 사임당로 19,37.48785448027546,127.01223996925509
985458340,덤프PC방 양재점,pcbang,서울 서초구 양재동 279,서울 서초구 논현로17길 19,37.47584967772632,127.0448267314903
27436459,로가PC방,pcbang,서울 서초구 잠원동 69-22,서울 서초구 신반포로 219,37.5074877701416,127.00806635733
1517145129,제니스센트럴PC,pcbang,서울 서초구 잠원동 76-7,서울 서초구 반포대로 300-3,37.5057923465252,127.00132325079247
1529908232,셰프PC,pcbang,서울 서초구 양재동 326-10,서울 서초구 동산로 7,37.4692387139968,127.040533922417
734420611,아이센스리그PC방 신논현점,pcbang,서울 서초구 서초동 1302-38,서울 서초구 사평대로56길 14,37.50275729444287,127.02318422474943
2070660782,3POP PC카페,pcbang,서울 서초구 반포동 705-6,서울 서초구 사평대로55길 139,37.510009169187775,127.01997994875147
5766245,쓰리팝PC방 서초역점,pcbang,서울 서초구 서초동 1552-7,서울 서초구 반포대로28길 15,37.4906244472841,127.009285758819
185119838,제로백pc 방배점,pcbang,서울 서초구 방배동 761-2,서울 서초구 방배중앙로29길 3,37.4964480074937,126.985299045598
650485573,레드포스pc아레나 방배역점,pcbang,서울 서초구 방배동 910-12,서울 서초구 방배로 93,37.4825679481782,126.996600185284
474236136,제로백PC 우면점,pcbang,서울 서초구 우면동 7-2,서울 서초구 바우뫼로6길 16,37.4696050194578,127.025966164296
796861171,플렉스피시(FLEXPC) 양재점,pcbang,서울 서초구 양재동 8-4,서울 서초구 남부순환로356길 23,37.4839034404003,127.0381482501
1108314740,배틀테이블하비,pcbang,서울 서초구 서초동 1714-8,서울 서초구 법원로4길 36,37.4948985320669,127.012472936702
812521025,마우스헌터PC방,pcbang,서울 서초구 잠원동 22-20,서울 서초구 강남대로97길 16,37.5148207233501,127.018812784653
194105027,제로백PC 내방역점,pcbang,서울 서초구 방배동 898-1,서울 서초구 서초대로 108,37.4875261041113,126.994201728619
642151783,나무PC카페,pcbang,서울 서초구 서초동 1589-12,서울 서초구 반포대로14길 42,37.485877528824,127.013520710888
222739440,아이언PC방,pcbang,서울 서초구 양재동 326-11,서울 서초구 동산로 7,37.4692432190574,127.04053392485
14911320,수PC방,pcbang,서울 서초구 반포동 735-33,서울 서초구 강남대로83길 22,37.5062101373115,127.022194545379
306833200,탑플레이스PC방,pcbang,서울 서초구 방배동 898-1,서울 서초구 서초대로 108,37.48754953137236,126.99422321027015
16048925,워프,pcbang,서울 서초구 방배동 752-7,서울 서초구 방배중앙로 215,37.49829320932082,126.98482824176423
1334159242,인디고PC방 양재점,pcbang,서울 서초구 양재동 8-4,서울 서초구 남부순환로356길 23,37.4838971435665,127.038116588604
94063602,세븐PC방,pcbang,서울 서초구 방배동 814-8,서울 서초구 동광로 56-1,37.4920370768192,126.988968147943
1141510083,주식회사 앨리스프랜즈,pcbang,서울 서초구 서초동 1304-4,서울 서초구 서초대로77길 48,37.501936096571,127.025053390497
1313507312,유니넷 내곡점,pcbang,서울 서초구 내곡동 378,서울 서초구 헌릉로8길 9-8,37.456706370053936,127.06000238978328
1442001389,토이PC,pcbang,서울 서초구 잠원동 35-28,서울 서초구 신반포로47길 39,37.5122672871631,127.018754458589
1226514950,바닐라게임방,pcbang,서울 서초구 잠원동 40-9,서울 서초구 신반포로 329,37.51080393453735,127.01950511574175
1494476092,플랙스PC방,pcbang,서울 서초구 방배동 761-2,서울 서초구 방배중앙로29길 3,37.496458821542376,126.98531487527703
742614627,아이센스리그PC방 방배카페거리점,pcbang,서울 서초구 방배동 760-2,서울 서초구 방배중앙로 188,37.495679520490384,126.98588722838393
575939473,카페골목pc,pcbang,서울 서초구 방배동 760-2,서울 서초구 방배중앙로 196,37.4960426112776,126.98576276804
27243688,탱크2 PC방,pcbang,서울 서초구 방배동 911-1,서울 서초구 방배로13길 19,37.48270215806117,126.99540509753339
2040353369,레벨업PC방 성수역점,pcbang,서울 성동구 성수동2가 289-15,서울 성동구 아차산로7길 8,37.54585726276154,127.05448259388021
1118347561,레벨업PC방 한양대점,pcbang,서울 성동구 행당동 19-101,서울 성동구 마조로 7,37.5585877013762,127.040444196184
72328684,레벨업PC방 뚝섬점,pcbang,서울 성동구 성수동1가 13-443,서울 성동구 상원길 60,37.5493568047185,127.048116263315
1852021041,옵티멈존PC카페 신금호역점,pcbang,서울 성동구 금호동1가 125-1,서울 성동구 행당로 1,37.5548122918304,127.020335948188
1614279157,테크런 성수점,pcbang,서울 성동구 성수동2가 320-3,서울 성동구 성수이로7가길 16,37.5414833716337,127.055428758254
27245293,성수게임랜드,pcbang,서울 성동구 성수동2가 315-1,서울 성동구 아차산로 116,37.54404708571046,127.0565475070903
718248043,레드포스PC아레나 왕십리점,pcbang,서울 성동구 행당동 298-86,서울 성동구 행당로17길 27,37.56059845954972,127.03256561181648
654221545,펍지 성수 플레이아레나,pcbang,서울 성동구 성수동1가 656-345,서울 성동구 왕십리로4길 5,37.54588263235273,127.04564829807882
1979494244,웨스트PC 성수점,pcbang,서울 성동구 성수동2가 300-65,서울 성동구 아차산로 91,37.5453112554396,127.054486722834
14908708,도깨비PC방,pcbang,서울 성동구 행당동 4-15,서울 성동구 마조로1가길 4,37.5602800554297,127.039613233085
1473968507,텐즈PC(TENZ PC),pcbang,서울 성동구 하왕십리동 966-11,서울 성동구 왕십리로 333,37.5627194107385,127.032547293656
1151634206,로이스홀덤,pcbang,서울 성동구 용답동 238-5,서울 성동구 자동차시장3길 93,37.558948512372,127.06720887622124
322752154,탑플래이스PC,pcbang,서울 성동구 용답동 49-20,서울 성동구 용답19길 17-1,37.5637654264927,127.052640515485
12326220,이스포츠PC방 왕십리점,pcbang,서울 성동구 행당동 267-23,서울 성동구 고산자로 234,37.5605265047342,127.035267211827
1812781529,래드포스PC,pcbang,서울 성동구 금호동4가 1192,서울 성동구 장터길 34,37.5481747602678,127.019612168968
1491117839,N조이PC방,pcbang,서울 성동구 성수동2가 506,서울 성동구 성덕정길 84,37.5377616611695,127.05276253209
1876926851,인디고PC방 금호본점,pcbang,서울 성동구 금호동3가 1304,서울 성동구 장터길 19,37.5484903623155,127.018027971923
27245224,맞짱PC게임랜드,pcbang,서울 성동구 송정동 68-53,서울 성동구 동일로 187,37.5489473054443,127.067440933619
568871153,앤탑PC,pcbang,서울 성동구 하왕십리동 966-20,서울 성동구 무학봉28길 1,37.5625320489258,127.032381963405
638724951,쓰리팝PC2,pcbang,서울 성동구 행당동 19-98,서울 성동구 마조로 11,37.5589372127619,127.040663951639
1607817435,텐즈PC 답십리점,pcbang,서울 성동구 용답동 1-2,서울 성동구 천호대로 312,37.5649754955238,127.054556503829
1657170747,지플러스PC방,pcbang,서울 성동구 행당동 19-100,서울 성동구 마조로 9,37.5587011901101,127.040551776884
105257404,텐(TEN) PC방,pcbang,서울 성동구 행당동 19-46,서울 성동구 마조로5길 7,37.5599374159511,127.040382676655
1328399566,뽑아핑 성수점,pcbang,서울 성동구 성수동2가 315-40,서울 성동구 연무장7가길 11,37.5429987709673,127.055603006569
1154233298,3POP PC방 한양대점,pcbang,서울 성동구 행당동 19-98,서울 성동구 마조로 11,37.5589552280275,127.040677542869
1765031105,프리미엄본스PC,pcbang,서울 성동구 성수동1가 13-103,서울 성동구 상원길 58,37.5490999879099,127.048195312856
14908207,사이버랜드PC방,pcbang,서울 성동구 성수동2가 223-11,서울 성동구 성덕정길 128,37.5365367522555,127.05758163584
14913700,수PC방,pcbang,서울 성동구 사근동 185-1,서울 성동구 사근동8길 11,37.5601260480541,127.046825008356
2086315335,디케이투,pcbang,서울 성동구 행당동 19-7,서울 성동구 마조로3가길 15,37.5592843575795,127.039899049208
541151396,비원PC,pcbang,서울 성동구 행당동 19-54,서울 성동구 마조로 17,37.55952820575266,127.04084083287407
697585031,체코 기술,pcbang,서울 성동구 성수동2가 300-11,서울 성동구 아차산로 83,37.5456108587163,127.053454935612
40364425,투랑PC카페,pcbang,서울 성동구 성수동2가 507-1,서울 성동구 성덕정길 86,37.5377029704665,127.053043094115
163138032,아이닉스PC방,pcbang,서울 성동구 행당동 25-2,서울 성동구 왕십리로 236-1,37.5579404905463,127.0412960701
925438753,PPL PC방,pcbang,서울 성동구 행당동 19-54,서울 성동구 마조로 17,37.5595553634843,127.040469618725
16065596,지투존 뚝섬역점,pcbang,서울 성동구 성수동1가 13-133,서울 성동구 상원길 50,37.5484304484396,127.048433655146
20747319,컴야놀,pcbang,서울 성동구 행당동 19-54,서울 성동구 마조로 17,37.5594652377882,127.040545400197
715115811,한PC방,pcbang,서울 성동구 성수동2가 663-4,서울 성동구 둘레15길 19,37.5365414029486,127.055393419628
1756019727,제로100PC,pcbang,서울 성동구 하왕십리동 966-11,서울 성동구 왕십리로 333,37.56273110432541,127.03261747305324
2049462631,한양대 제노PC방,pcbang,서울 성동구 행당동 19-101,서울 성동구 마조로 7,37.558584099333,127.040438535333
1430571834,고릴라PC,pcbang,서울 성동구 성수동2가 663-4,서울 성동구 둘레15길 19,37.5365828595661,127.055370821327
1195056055,힘쎈수달PC,pcbang,서울 성동구 하왕십리동 955-27,서울 성동구 무학봉길 50,37.5604418767951,127.028332577671
1693951410,아트pc방,pcbang,서울 성동구 행당동 19-100,서울 성동구 마조로 9,37.5587092979224,127.040555176627
14907073,M&MPC방,pcbang,서울 성동구 하왕십리동 966-11,서울 성동구 왕십리로 333,37.5627437313983,127.032569941114
1886639418,탑클래스PC 용답점,pcbang,서울 성동구 용답동 49-20,서울 성동구 용답19길 17-1,37.5637528130473,127.05263937475
10877947,하이PC방,pcbang,서울 성동구 행당동 25-1,서울 성동구 마조로 2,37.5580270163137,127.041210103139
1554418602,레벨업PC방 돌곶이점,pcbang,서울 성북구 장위동 64-121,서울 성북구 화랑로 245,37.610889115378555,127.05659807745997
213548181,레벨업PC방 고대점,pcbang,서울 성북구 안암동5가 104-30,서울 성북구 고려대로24길 51,37.5839295784758,127.029709131687
2077704952,옵티멈존PC카페 월곡역점,pcbang,서울 성북구 하월곡동 20-4,서울 성북구 장월로1길 106,37.6046635860019,127.043064770021
652151824,레벨업PC방 성신여대점,pcbang,서울 성북구 동선동1가 1-2,서울 성북구 동소문로 106,37.5925744013449,127.017088604785
1221863087,레벨업PC방 길음점,pcbang,서울 성북구 길음동 1286-10,서울 성북구 길음로7길 6,37.6043692873328,127.022401474607
1329544230,아이센스리그PC방,pcbang,서울 성북구 안암동5가 102-36,서울 성북구 고려대로24길 44,37.584166633397,127.029334478226
130742440,앤유PC,pcbang,서울 성북구 보문동4가 8,서울 성북구 보문로 94,37.5837360011689,127.020616664396
966317253,레드포스PC아레나 종암점,pcbang,서울 성북구 종암동 3-1342,서울 성북구 종암로 129,37.601432351066,127.032723823814
859870070,맥PC카페,pcbang,서울 성북구 정릉동 16-169,서울 성북구 정릉로 326,37.6020696030645,127.019323947041
1197190316,브리즈PC카페,pcbang,서울 성북구 동선동1가 1-2,서울 성북구 동소문로 106,37.59256271357246,127.01691422862287
1444387334,세븐PC방,pcbang,서울 성북구 장위동 230-94,서울 성북구 장위로 43,37.6142740550208,127.04162395023
1677740360,PC태그,pcbang,서울 성북구 정릉동 260-25,서울 성북구 보국문로16길 65,37.612728570490745,127.00997595031754
879822020,로제PC방,pcbang,서울 성북구 동선동1가 118-1,서울 성북구 동소문로 120,37.59344455351718,127.01845663272108
996185751,쓰리팝피시방,pcbang,서울 성북구 삼선동2가 150,서울 성북구 삼선교로10길 23,37.58705577997605,127.00945963105639
2097826841,아크PC방,pcbang,서울 성북구 동선동1가 118-1,서울 성북구 동소문로 120,37.5935004240235,127.01839889873
29076516,PC나인,pcbang,서울 성북구 하월곡동 70-202,서울 성북구 오패산로 49,37.606345228866104,127.03654931023968
736418381,피피엘PC방,pcbang,서울 성북구 안암동5가 101-3,서울 성북구 개운사길 8,37.5867100927109,127.029510968366
27337039,헬리우스,pcbang,서울 성북구 동선동1가 49,서울 성북구 보문로34길 43,37.5907894452975,127.017704150737
186786967,제로백PC 석관점,pcbang,서울 성북구 석관동 124-34,서울 성북구 한천로 572,37.6108768588451,127.063005032735
1778496521,세븐PC방,pcbang,서울 성북구 하월곡동 70-204,서울 성북구 오패산로 45,37.60604066731066,127.03663636368991
23296350,애니락PC방 고대점,pcbang,서울 성북구 종암동 23-59,서울 성북구 북악산로 1059,37.5926414290915,127.035662812888
1397801959,3POP(쓰리팝)PC방,pcbang,서울 성북구 정릉동 373-4,서울 성북구 솔샘로4길 46,37.6085580807132,127.007406797462
2082083916,나인티PC카페 고려대점,pcbang,서울 성북구 안암동5가 102-87,서울 성북구 고려대로24길 32,37.584815373415,127.02923396895
146935056,ㅋㅋPC,pcbang,서울 성북구 석관동 301-30,서울 성북구 돌곶이로 48,37.6084855006887,127.059796804458
931225374,긱스타PC방,pcbang,서울 성북구 성북동 184-79,서울 성북구 성북로 28,37.59049516997606,127.00427995820898
1821153129,1프로PC라운지,pcbang,서울 성북구 하월곡동 35-5,서울 성북구 월곡로 108,37.6015476039837,127.041548912953
1047317084,크라우드PC방 종암점,pcbang,서울 성북구 종암동 86-12,서울 성북구 종암로 115,37.6004058939638,127.033538712459
1366936987,코리아PC2,pcbang,서울 성북구 안암동5가 134-20,서울 성북구 안암로9가길 76,37.58225680246447,127.02820611815207
2119929464,라이킷PC 장위점,pcbang,서울 성북구 장위동 203-9,서울 성북구 장월로 144-1,37.6177562903386,127.051020316448
20558039,매직넷,pcbang,서울 성북구 정릉동 227-150,서울 성북구 서경로 83,37.61058017297056,127.01425790482399
820636751,제로백 길음점,pcbang,서울 성북구 길음동 1276,서울 성북구 동소문로 248,37.60335439502833,127.02430823110012
201262600,탑클래스PC카페,pcbang,서울 성북구 안암동5가 101-17,서울 성북구 개운사길 11,37.5869958033035,127.029124997202
45173878,이스포츠아레나피씨,pcbang,서울 성북구 안암동5가 104-30,서울 성북구 고려대로24길 51,37.5839106761179,127.029635533496
2129956523,체리온 플레이그라운드,pcbang,서울 성북구 안암동5가 102-57,서울 성북구 고려대로24가길 1,37.585331577904576,127.02949344137213
27245180,삼시세끼 종암점,pcbang,서울 성북구 종암동 3-395,서울 성북구 종암로 108,37.5997776574325,127.034393395984
1432736218,제로100PC,pcbang,서울 성북구 길음동 1276,서울 성북구 동소문로 248,37.6033363787211,127.024291238358
1634089856,비타민PC방,pcbang,서울 성북구 동소문동6가 133-1,서울 성북구 아리랑로 3,37.5930241250623,127.016174939599
981595242,일프로pc아레나 성신여대점,pcbang,서울 성북구 동선동5가 134-2,서울 성북구 동소문로25길 58,37.59561898445758,127.01615058973412
14491325,강북 금은거래소PC방 성신여대점,pcbang,서울 성북구 동소문동6가 133-1,서울 성북구 아리랑로 3,37.5931358438583,127.016205535989
103286858,스위치온플스방,pcbang,서울 성북구 동선동1가 79,서울 성북구 보문로34길 59,37.5911109646142,127.018581738777
1344477395,코리아PC2 2호점,pcbang,서울 성북구 안암동5가 134-20,서울 성북구 안암로9가길 76,37.5822568024704,127.02820611815226
21025318,더샾피씨방 정릉점,pcbang,서울 성북구 정릉동 373-4,서울 성북구 솔샘로4길 46,37.6085292541383,127.007325251911
1967353427,해피PC 성신여대점,pcbang,서울 성북구 동선동2가 134,서울 성북구 보문로34길 62,37.590842424953166,127.01885907799596
1804037514,뱅크PC방,pcbang,서울 성북구 삼선동2가 154,서울 성북구 삼선교로10길 37,37.5865241611179,127.00986376058
23298961,비엠PC존,pcbang,서울 성북구 보문동7가 68,서울 성북구 보문로13길 12,37.5801571174933,127.021387774819
1458597250,레벨업PC방 방이점,pcbang,서울 송파구 방이동 71,서울 송파구 오금로15길 16,37.5130159861258,127.109849431313
1295785196,레벨업PC방 문정역점,pcbang,서울 송파구 문정동 55-6,서울 송파구 문정로 1,37.4863592960407,127.123086949814
1439793799,옵티멈존PC카페 방이역점,pcbang,서울 송파구 오금동 17-8,서울 송파구 마천로 53,37.5085509022196,127.126657830195
1733966757,크라우드PC 잠실새내점,pcbang,서울 송파구 잠실동 183-3,서울 송파구 백제고분로7길 45,37.5109306962705,127.083934906004
1349639836,맥PC,pcbang,서울 송파구 방이동 64-8,서울 송파구 오금로11길 10,37.5142184336055,127.108323063838
597881068,레드포스PC아레나 석촌점,pcbang,서울 송파구 석촌동 184-7,서울 송파구 송파대로 453,37.5067698607932,127.105302715045
1396884481,오아시스메타 PC&코인노래방,pcbang,서울 송파구 방이동 64-12,서울 송파구 오금로11길 12,37.514409234257926,127.10855408667479
1099257378,겜숲플스카페,pcbang,서울 송파구 방이동 63-9,서울 송파구 올림픽로32길 22-20,37.51376870575891,127.10846153956307
307511541,런투PC방,pcbang,서울 송파구 신천동 11-4,서울 송파구 올림픽로35가길 9,37.5174421610832,127.103365329545
1622762005,에스에프엔터테인먼트,pcbang,서울 송파구 잠실동 40-1,서울 송파구 올림픽로 240,37.5113098816994,127.098141525318
26598600,리가플스방,pcbang,서울 송파구 잠실동 187-3,서울 송파구 올림픽로12길 17,37.5101184306723,127.083313050813
781037307,맥PC카페,pcbang,서울 송파구 석촌동 252-3,서울 송파구 가락로 64,37.49971844809669,127.10342797200919
2040690744,레드포스PC아레나 잠실새내점,pcbang,서울 송파구 잠실동 208-16,서울 송파구 석촌호수로 64,37.51062226584273,127.08559042680751
1380726461,탑클래스PC방,pcbang,서울 송파구 가락동 73-9,서울 송파구 송파대로30길 41-12,37.4968192896341,127.121145487511
21159056,주 피씨방 (ZOO PC방),pcbang,서울 송파구 잠실동 190-6,서울 송파구 백제고분로9길 27,37.5097876945549,127.082122825398
214778665,맥스피드PC 송파가락직영점,pcbang,서울 송파구 문정동 150-29,서울 송파구 송파대로27길 28,37.49106945924174,127.11627053636445
1869384760,제로백피씨 가락점,pcbang,서울 송파구 가락동 188-15,서울 송파구 오금로46길 29,37.4949191106523,127.134432932186
1486596892,제로백피씨 송파점,pcbang,서울 송파구 송파동 150-1,서울 송파구 가락로28길 5,37.5063656024619,127.116506881759
213332612,제로백PC 삼전역점,pcbang,서울 송파구 삼전동 28-8,서울 송파구 백제고분로 198,37.50393732337334,127.08856173096672
1039352660,맥스피드PC 문정직영,pcbang,서울 송파구 문정동 651-10,서울 송파구 법원로 92,37.4836969792026,127.121187613147
811289187,제로백PC 잠실학원사거리점,pcbang,서울 송파구 삼전동 22,서울 송파구 석촌호수로 134,37.5070972792279,127.09192793547
856170838,제로백PC 가락본동점,pcbang,서울 송파구 가락동 87-1,서울 송파구 중대로9길 48,37.4970663802684,127.119162373438
1165182796,제로백PC방 송파풍납점,pcbang,서울 송파구 풍납동 405-3,서울 송파구 토성로 59,37.5291724309535,127.116768612502
403769579,제로백피씨 거여역점,pcbang,서울 송파구 거여동 36-4,서울 송파구 오금로 519,37.4930973221962,127.146517825228
370107186,레드포스PC아레나 잠실본점,pcbang,서울 송파구 잠실동 183-1,서울 송파구 백제고분로7길 39,37.5109456093449,127.08323253381
634350943,레벨업PC방 석촌점,pcbang,서울 송파구 석촌동 174-10,서울 송파구 송파대로 437,37.5056228662878,127.106325772326
687495230,프라임PC카페,pcbang,서울 송파구 석촌동 295-5,서울 송파구 송파대로 389,37.5020843901679,127.109534849282
357480671,헌터PC 석촌본점,pcbang,서울 송파구 석촌동 210,서울 송파구 백제고분로 276,37.5021312424359,127.097177268823
727433659,JMT PC 2호점,pcbang,서울 송파구 문정동 72-1,서울 송파구 새말로 100,37.4825252499924,127.125047959898
251602338,피씨팝 방이점,pcbang,서울 송파구 방이동 173-10,서울 송파구 백제고분로50길 27,37.513594975225374,127.11770238118966
1193200058,3POP PC방,pcbang,서울 송파구 거여동 36,서울 송파구 오금로 527,37.4930701678499,127.147342118639
77653637,3POP PC카페,pcbang,서울 송파구 마천동 129-2,서울 송파구 마천로41길 17,37.4972262616825,127.14968888868
1389466584,텐즈PC방,pcbang,서울 송파구 방이동 110-5,서울 송파구 백제고분로 464,37.511712470152496,127.11341266094276
1093528822,피씨팝 문정점,pcbang,서울 송파구 문정동 652-4,서울 송파구 법원로4길 10,37.4826158791255,127.122826416196
160401161,황금PC,pcbang,서울 송파구 가락동 76-4,서울 송파구 송파대로30길 41-5,37.4963848812615,127.12126578577
14913753,스카이넷 방이점,pcbang,서울 송파구 방이동 89-11,서울 송파구 양재대로 1222,37.51550278161036,127.13264533456265
1071655353,크라운PC방 송파가락점,pcbang,서울 송파구 가락동 191-5,서울 송파구 동남로20길 24,37.4954101181422,127.134468867913
27335617,피크PC방 삼전점,pcbang,서울 송파구 삼전동 22-5,서울 송파구 석촌호수로 144,37.5069973330931,127.092995478211
1156153311,더캠프PC,pcbang,서울 송파구 잠실동 181-7,서울 송파구 올림픽로 106,37.5114353344294,127.08254878122327
20520906,스카이캐슬,pcbang,서울 송파구 풍납동 259-8,서울 송파구 토성로 26,37.5304345442686,127.113262248275
1839397157,제이엠티 JMT PC,pcbang,서울 송파구 문정동 29-3,서울 송파구 동남로6길 6,37.48962434917082,127.12413710999071
1484779916,탑스타 PC 위례점,pcbang,서울 송파구 장지동 880-1,서울 송파구 위례광장로 199,37.4817014431343,127.14278826914
69175525,에코스PC방 방이사거리점,pcbang,서울 송파구 방이동 110-2,서울 송파구 백제고분로 454,37.5110272190471,127.112981820555
20746685,프렌즈,pcbang,서울 송파구 마천동 319,서울 송파구 성내천로 314,37.494037241151,127.154861611882
153336045,헌터PC 오금점,pcbang,서울 송파구 오금동 131-7,서울 송파구 마천로26길 3,37.502539514932,127.139358238865
25743572,옵티멈존PC카페 신정네거리역점,pcbang,서울 양천구 신정동 1182-11,서울 양천구 중앙로 237,37.517887695345486,126.85359095020047
826115669,쓰리팝pc방,pcbang,서울 양천구 신월동 228-1,서울 양천구 곰달래로 46,37.5297919596431,126.837900822784
392802344,OX PC방 목동역점,pcbang,서울 양천구 신정동 902-2,서울 양천구 신정중앙로 92,37.5263066791693,126.861835194554
1472526281,제로백PC방 목동중앙점,pcbang,서울 양천구 목동 547-12,서울 양천구 목동중앙본로 95,37.54420303766098,126.87039526142271
1188259584,캥거루게임랜드,pcbang,서울 양천구 신정동 1182-2,서울 양천구 중앙로 251,37.5187152598064,126.853222831758
1503571448,스타디움PC카페,pcbang,서울 양천구 목동 792-4,서울 양천구 등촌로 32,37.5328902926301,126.864165031449
160315769,긱스타피씨카페,pcbang,서울 양천구 목동 406-28,서울 양천구 오목로 345,37.5247715869068,126.87581938241335
1490039798,포포PC방 목동점,pcbang,서울 양천구 신정동 323-12,서울 양천구 목동동로 73,37.5157697162226,126.862829659705
828862683,제로백PC방 신정점,pcbang,서울 양천구 신정동 175-1,서울 양천구 목동남로4길 32,37.5088239918816,126.866068063733
19746116,메가플스방 오목교점,pcbang,서울 양천구 목동 404-97,서울 양천구 신목로2길 54,37.52263053443786,126.87728335810014
246385050,레벨업PC방 목동등촌점,pcbang,서울 양천구 목동 606-14,서울 양천구 등촌로 230,37.5500849812628,126.864183625952
583638424,이츠PC,pcbang,서울 양천구 목동 907-23,서울 양천구 목동동로 391,37.5360090968494,126.880403444865
1035610858,아이센스리그PC방 오목교점,pcbang,서울 양천구 목동 404-156,서울 양천구 신목로 102,37.523584923101204,126.87577723049316
2048685465,긱스타 (GEEKSTAR) PC,pcbang,서울 양천구 신월동 146-1,서울 양천구 남부순환로 353,37.5356736377485,126.828922613899
1809083838,제로백 신정네거리점,pcbang,서울 양천구 신정동 972-5,서울 양천구 중앙로 280,37.5213734971152,126.852724413716
879250091,엔유PC카페,pcbang,서울 양천구 신정동 952-1,서울 양천구 오목로 172,37.5249200865473,126.856585258715
1695703899,제로백PC 목동역점,pcbang,서울 양천구 신정동 900-13,서울 양천구 신정중앙로 107,37.526437685819765,126.86369706343409
2137497318,하이엔드PC카페,pcbang,서울 양천구 신월동 88-32,서울 양천구 가로공원로71길 2,37.5371398650865,126.834829988279
1448849981,헤라PC,pcbang,서울 양천구 신월동 550-3,서울 양천구 신월로 164,37.51776015797148,126.84201826930409
1331711300,퀸즈 PC CAFE 신정네거리점,pcbang,서울 양천구 신정동 1182-2,서울 양천구 중앙로 251,37.5187881719376,126.853167261185
591254627,아이센스리그,pcbang,서울 양천구 신정동 323-7,서울 양천구 목동서로 389,37.5157695475911,126.861143140296
579586367,짱이PC방,pcbang,서울 양천구 신정동 1023-23,서울 양천구 신월로36길 19,37.5199022186571,126.858671738278
27314759,에이스게임랜드,pcbang,서울 양천구 신정동 1183-4,서울 양천구 중앙로 267,37.5201399604504,126.85267254068
1946179473,R스타PC카페,pcbang,서울 양천구 목동 907,서울 양천구 목동서로 77,37.5359615781875,126.877990162656
465283953,월드클래스PC방,pcbang,서울 양천구 신월동 81-21,서울 양천구 가로공원로 119,37.53630293298117,126.82919724837298
1548049105,언더독피씨,pcbang,서울 양천구 신정동 904-8,서울 양천구 신정중앙로 88,37.52641156319642,126.8613802209536
1291226657,레드포스PC아레나 목동역점,pcbang,서울 양천구 신정동 900-14,서울 양천구 목동로 201,37.526459581136,126.863932332893
27409120,닉PC,pcbang,서울 양천구 신월동 923-11,서울 양천구 지양로10길 11,37.523345965221,126.83384341108392
2099384504,유지트PC 목동점,pcbang,서울 양천구 목동 318-283,서울 양천구 목동중앙본로7길 6,37.5399192302343,126.868352402057
1686842337,제로백 신정네거리 2호점,pcbang,서울 양천구 신정동 1182-11,서울 양천구 중앙로 237,37.517742698753,126.853643266984
2117539724,쓰리팝아레나PC,pcbang,서울 양천구 목동 933,서울 양천구 목동동로12길 45,37.5225349986399,126.8763909697
421462679,고고피씨방,pcbang,서울 양천구 신정동 890-13,서울 양천구 목동로25길 9,37.5277160123041,126.86275122191
14911117,칼라PC존 신월1점,pcbang,서울 양천구 신월동 110-9,서울 양천구 월정로29길 23,37.5326855245882,126.833690321369
1500911559,레밸업PC카페,pcbang,서울 양천구 신월동 510-1,서울 양천구 오목로 58,37.5223012262379,126.844065273949
94678290,레벨업,pcbang,서울 양천구 신월동 146-1,서울 양천구 남부순환로 353,37.5356745387386,126.828922611842
1640849365,제로백PC방 목동1호점,pcbang,서울 양천구 목동 749-5,서울 양천구 목동중앙본로 42,37.539780193634385,126.86890821103052
678078039,블링팝 신월점,pcbang,서울 양천구 신월동 931-1,서울 양천구 지양로 75,37.522182063265,126.833340332542
1284035365,블링팝,pcbang,서울 양천구 신월동 537-8,서울 양천구 신월로 175,37.5188438592109,126.842539720682
1747864290,잇츠피시 신월점,pcbang,서울 양천구 신월동 921-1,서울 양천구 지양로 82,37.522814918911,126.832952041015
1278367907,탑티어PC방 목동점,pcbang,서울 양천구 목동 617-3,서울 양천구 목동중앙북로 16,37.548314901077326,126.8653026198265
1616882178,아카PC방,pcbang,서울 양천구 신정동 904-5,서울 양천구 신정중앙로 82,37.526505364167434,126.8606967449944
2104823813,모두피씨,pcbang,서울 양천구 목동 907,서울 양천구 목동서로 77,37.5359633778402,126.877987896848
45297922,포텐PC,pcbang,서울 양천구 신월동 88-32,서울 양천구 가로공원로71길 2,37.5371587037183,126.834771111019
1547304295,스타PC 목동점,pcbang,서울 양천구 신정동 900-14,서울 양천구 목동로 201,37.5263911507889,126.863972052461
27422150,라네이즈PC,pcbang,서울 양천구 신정동 761-82,서울 양천구 남부순환로88길 14,37.51188316282815,126.84019266143204
1960623563,옵티멈존PC카페 여의도점,pcbang,서울 영등포구 여의도동 44-34,서울 영등포구 여의대방로65길 10,37.5194282985448,126.93028254176
1007095541,레벨업PC 방 영등포점,pcbang,서울 영등포구 영등포동3가 8,서울 영등포구 영중로 22,37.5183446426657,126.905950894021
1808082538,레벨업PC방 당산점,pcbang,서울 영등포구 영등포동8가 76-1,서울 영등포구 영중로 145,37.52905448454718,126.90548604660069
1910947528,레벨업PC방 영등포구청점,pcbang,서울 영등포구 당산동3가 228-23,서울 영등포구 당산로 132,37.5262984380283,126.897005960204
2110029064,에이수스PC방,pcbang,서울 영등포구 여의도동 53,서울 영등포구 여의대방로 394,37.5194100169637,126.932943115004
698853415,메타PC 영등포본점,pcbang,서울 영등포구 영등포동7가 29-105,서울 영등포구 버드나루로7길 16,37.5227593917631,126.90919540307
1051829647,레벨업 PC방 신길점,pcbang,서울 영등포구 신길동 252-1,서울 영등포구 신길로 145,37.5052195688975,126.910396257762
1622023635,레드포스PC아레나 신길점,pcbang,서울 영등포구 신길동 4327,서울 영등포구 여의대방로 89,37.497303349621,126.916570008851
899762300,원투쓰리pc방,pcbang,서울 영등포구 신길동 4933,서울 영등포구 도신로 98,37.507237451089715,126.90308189865839
1848900841,제우스PC방 당산점,pcbang,서울 영등포구 당산동6가 338-1,서울 영등포구 양평로 64,37.5351398028209,126.89996605880108
1076276459,곰PC,pcbang,서울 영등포구 당산동3가 80-1,서울 영등포구 국회대로36길 17,37.525714860727334,126.8983597779407
795596430,맥스피드pc,pcbang,서울 영등포구 도림동 265-4,서울 영등포구 도영로 20,37.5081664122286,126.895706454132
1909909295,제로백pc 영등포구청점,pcbang,서울 영등포구 당산동1가 306,서울 영등포구 양산로 128,37.5237857132596,126.897200596574
817439141,제로백 문래점,pcbang,서울 영등포구 문래동4가 9-2,서울 영등포구 선유로 32,37.5167575449797,126.888857837466
452095070,제너스PC 문래점,pcbang,서울 영등포구 문래동3가 84-7,서울 영등포구 문래북로 52,37.5207067126062,126.890867792849
643603029,네옥스 피시 도림사거리점,pcbang,서울 영등포구 도림동 246-20,서울 영등포구 도림로 331,37.50697882449373,126.90086433995478
26333634,콤마PC카페 당산점,pcbang,서울 영등포구 당산동5가 33-5,서울 영등포구 양평로 55,37.534413775348895,126.90017747179479
744915408,제로100PC,pcbang,서울 영등포구 신길동 466-13,서울 영등포구 영등포로84길 16,37.5118472930589,126.921714916505
2118027655,아크PC,pcbang,서울 영등포구 양평동4가 68-1,서울 영등포구 양평로 99,37.5364771285671,126.896072096908
989822971,미스테리PC,pcbang,서울 영등포구 신길동 508,서울 영등포구 신풍로 113,37.5001404172531,126.918869360776
266815335,인피니티PC방 신길점,pcbang,서울 영등포구 신길동 467-3,서울 영등포구 여의대방로53길 28,37.5121509349688,126.921720254762
1549509242,더킹게임랜드,pcbang,서울 영등포구 영등포동3가 5-49,서울 영등포구 영등포로 228,37.5193670711171,126.906822887952
1926344438,현대게임랜드,pcbang,서울 영등포구 영등포동5가 20-62,서울 영등포구 영등포로 219,37.5198997468723,126.905917268711
160476080,남서울게임랜드,pcbang,서울 영등포구 영등포동5가 18-51,서울 영등포구 영등포로 225,37.5197275610791,126.906935559039
507381530,앤탑PC방,pcbang,서울 영등포구 영등포동8가 76-1,서울 영등포구 영중로 145,37.52963118092998,126.90555546221061
1501080649,수피아PC방,pcbang,서울 영등포구 여의도동 44-35,서울 영등포구 여의대방로 379,37.5191359473638,126.931091610844
1000316499,옥스PC방 영등포점,pcbang,서울 영등포구 영등포동 618-79,서울 영등포구 영신로19길 7,37.5142973010687,126.907045233549
898842338,지지게임장,pcbang,서울 영등포구 영등포동3가 10-12,서울 영등포구 경인로 847,37.5167560212336,126.906895134561
862744287,삼성게임랜드,pcbang,서울 영등포구 영등포동5가 18-156,서울 영등포구 영등포로 225,37.5198496359779,126.906351710634
834200048,스타게임랜드,pcbang,서울 영등포구 영등포동5가 18-106,서울 영등포구 영등포로 225,37.5198595111137,126.906306450473
25145152,버럭pc카페,pcbang,서울 영등포구 영등포동3가 25,서울 영등포구 영등포로46길 7,37.518498440826,126.907890666008
1693540856,애플PC카페,pcbang,서울 영등포구 대림동 608-1,서울 영등포구 도신로 35,37.50493094296025,126.89677632896344
1123042613,블링팝,pcbang,서울 영등포구 당산동3가 216,서울 영등포구 당산로 134,37.526525546403,126.897070131843
407080834,긱스타PC카페,pcbang,서울 영등포구 당산동3가 228-23,서울 영등포구 당산로 132,37.5262992499222,126.89700709038
27281160,제노PC방 신풍점,pcbang,서울 영등포구 신길동 424-3,서울 영등포구 신풍로 23,37.5003561927814,126.908374363722
379288514,브라더PC,pcbang,서울 영등포구 대림동 717,서울 영등포구 대림로29길 13,37.4953003049864,126.898058370949
892009694,안드로메다오락실,pcbang,서울 영등포구 영등포동3가 20-1,서울 영등포구 영중로4길 7-1,37.5173103389032,126.907150087358
633726520,스카이PC 영등포역점,pcbang,서울 영등포구 영등포동 618-195,서울 영등포구 영신로19길 1,37.5145553465902,126.90750188413
20545641,친구PC방,pcbang,서울 영등포구 대림동 1082-26,서울 영등포구 디지털로 349,37.488927520796,126.899152531407
943713463,줌PC,pcbang,서울 영등포구 신길동 160-38,서울 영등포구 도신로 208,37.5113196638179,126.914438184581
13499931,샹떼PC방,pcbang,서울 영등포구 대림동 924-3,서울 영등포구 디지털로 427,37.49428446000565,126.90513748892654
1537968080,상영이네,pcbang,서울 영등포구 문래동2가 14-48,서울 영등포구 도림로133길 1,37.5139663522158,126.894889642695
1157030572,게임스토어,pcbang,서울 영등포구 당산동2가 30-2,서울 영등포구 영등포로 109,37.5224178027745,126.893929813443
1277648497,천몽PC,pcbang,서울 영등포구 대림동 1053-12,서울 영등포구 도림천로 367,37.4921683609225,126.895940158053
27340340,겜노리PC,pcbang,서울 영등포구 영등포동3가 12-13,서울 영등포구 경인로 871,37.5175950242701,126.909430155828
759731271,옵티멈존PC카페 한남오거리점,pcbang,서울 용산구 한남동 633-3,서울 용산구 대사관로 72,37.5330953027404,127.005946616048
191229946,브라비PC카페,pcbang,서울 용산구 청파동3가 111-9,서울 용산구 청파로47길 49,37.5445841558613,126.967563565027
1946589422,아웃런 선데이드라이브 용산전자랜드점,pcbang,서울 용산구 한강로3가 16-9,서울 용산구 청파로 74,37.533039123138046,126.95999953418244
14907816,동자PC존,pcbang,서울 용산구 동자동 43-23,서울 용산구 한강대로 363-1,37.55082557263243,126.97184760236506
2041592043,제노PC방,pcbang,서울 용산구 갈월동 98-1,서울 용산구 한강대로77길 11,37.54171203490862,126.97213164786615
2007849835,아이뎁스pc,pcbang,서울 용산구 이태원동 127-12,서울 용산구 이태원로 180,37.5342639086535,126.994207163386
20945579,액션PC카페 후암동점,pcbang,서울 용산구 후암동 244-4,서울 용산구 후암로 46,37.5499663441189,126.977566156439
1159178275,피씨클럽 블랙,pcbang,서울 용산구 청파동2가 63-5,서울 용산구 청파로47길 66,37.5450659704773,126.966772384238
203801028,리얼PC방,pcbang,서울 용산구 이태원동 646,서울 용산구 녹사평대로 240,37.5389306093722,126.98785917767
24961607,쓰리팝 PC카페 용문점,pcbang,서울 용산구 용문동 38-214,서울 용산구 효창원로37길 29,37.538169013316,126.958814405489
24767843,첨단게임장,pcbang,서울 용산구 동자동 43-60,서울 용산구 한강대로 383-1,37.5526105465846,126.972255471285
1925571407,피씨나인,pcbang,서울 용산구 청파동2가 60-1,서울 용산구 청파로47나길 13,37.5455813559294,126.966821945198
1197299626,쓰리팝,pcbang,서울 용산구 후암동 244-79,서울 용산구 후암로28길 38,37.5493215418993,126.979277390798
27249923,어메이징파크PC방,pcbang,서울 용산구 갈월동 69-3,서울 용산구 한강대로 297,37.5447933421898,126.971665424599
1087466769,엠글로벌스,pcbang,서울 용산구 원효로3가 53-5,서울 용산구 원효로 138,37.5337522991215,126.958787417888
1441950980,제노PC방,pcbang,서울 용산구 갈월동 69-3,서울 용산구 한강대로 297,37.5447969838171,126.971822711803
39924836,쓰리팝피씨방 3pop pc방,pcbang,서울 용산구 용문동 38-214,서울 용산구 효창원로37길 29,37.5381617926824,126.95877820235
2051087463,인앤인,pcbang,서울 용산구 한강로3가 16-9,서울 용산구 청파로 74,37.5327884946193,126.959558425531
14915133,포그네PC방 동부이촌점,pcbang,서울 용산구 이촌동 300-10,서울 용산구 이촌로 290,37.518240531567706,126.97881655272762
1216559012,라이또PC방 본사,pcbang,서울 용산구 원효로2가 70-3,서울 용산구 원효로54길 7,37.5354204222203,126.96260847317814
703681594,레벨업PC방 연신내점,pcbang,서울 은평구 갈현동 396-12,서울 은평구 통일로 855-8,37.61912245403474,126.9202014278301
485249275,레드포스PC아레나 연신내점,pcbang,서울 은평구 갈현동 460-8,서울 은평구 연서로 209,37.61732586201721,126.91884754129295
242365471,샹떼PC방 역촌점,pcbang,서울 은평구 역촌동 55-35,서울 은평구 갈현로 82,37.60525302327763,126.91068523208706
508959686,더조은PC카페,pcbang,서울 은평구 갈현동 497-6,서울 은평구 갈현로 188,37.6144218875432,126.912420776893
41162968,앤유PC,pcbang,서울 은평구 역촌동 62-1,서울 은평구 연서로 73,37.605695901359304,126.91501196253648
1444221731,서유기게임랜드,pcbang,서울 은평구 대조동 14-18,서울 은평구 통일로 723,37.6100762723024,126.929713277573
863272617,제로백PC 연신내점,pcbang,서울 은평구 갈현동 461-1,서울 은평구 연서로 195,37.6163831536304,126.918448738201
1637609520,짱구게임,pcbang,서울 은평구 갈현동 398-4,서울 은평구 연서로29길 8-8,37.6189878758245,126.9197133798
546252076,블링팝,pcbang,서울 은평구 응암동 591-17,서울 은평구 응암로13길 28,37.5888945457221,126.91421472537
1556102779,아크PC,pcbang,서울 은평구 역촌동 30-29,서울 은평구 진흥로1길 34,37.6034694346529,126.918676872402
1977808745,제로100PC 은평구청점,pcbang,서울 은평구 응암동 81-3,서울 은평구 은평로 192,37.6012154887686,126.928961756371
220911870,제로100PC 녹번점,pcbang,서울 은평구 녹번동 141-1,서울 은평구 진흥로 148,37.6084452433939,126.926367036321
1705229773,긱스타PC카페,pcbang,서울 은평구 불광동 353-66,서울 은평구 연서로32길 3,37.6203626289725,126.924955246664
678516713,제로백PC 응암점,pcbang,서울 은평구 응암동 402-5,서울 은평구 응암로22길 22-1,37.59324272366,126.920641229058
1688565682,레드포스PC,pcbang,서울 은평구 녹번동 141-8,서울 은평구 진흥로 144,37.6081449831864,126.925998127107
20560367,웹시티PC방,pcbang,서울 은평구 대조동 14-20,서울 은평구 불광로 28,37.610530132424365,126.92931418668381
1567812253,쿡몬스터PC카페,pcbang,서울 은평구 대조동 185-11,서울 은평구 통일로 835,37.617994566082515,126.92176913064235
1917442325,플렉스PC카페,pcbang,서울 은평구 신사동 22-37,서울 은평구 은평로 56,37.5985341711013,126.91410061216
20748975,토마토(갈현점),pcbang,서울 은평구 갈현동 489-23,서울 은평구 서오릉로 178,37.613133657698164,126.9138946766294
330941687,제로100PC 신사동점,pcbang,서울 은평구 신사동 19-153,서울 은평구 은평로 5,37.5967663708675,126.909210854607
1749072112,아이세븐PC방,pcbang,서울 은평구 갈현동 456-28,서울 은평구 연서로 213,37.6176325385954,126.919344452381
588408061,라이또 PC방 구파발,pcbang,서울 은평구 진관동 69-1,서울 은평구 진관3로 22,37.638936248580464,126.9191832020874
1465751954,고릴라PC 응암1호,pcbang,서울 은평구 응암동 98-65,서울 은평구 은평로 136,37.6002630322516,126.923039015619
478342655,레드포스PC아레나 응암점,pcbang,서울 은평구 응암동 124-17,서울 은평구 응암로 247,37.5942147859446,126.917850159977
27259636,인터라켄,pcbang,서울 은평구 진관동 72,서울 은평구 진관2로 29-21,37.63575403051048,126.91927162004866
1740821631,N톡PC,pcbang,서울 은평구 갈현동 498-3,서울 은평구 서오릉로 192,37.6137127817017,126.91238309958
1870940958,패스터PC 응암오거리점,pcbang,서울 은평구 응암동 590-23,서울 은평구 응암로13길 14,37.5894478841526,126.915644119373
760145134,잼나오락실,pcbang,서울 은평구 갈현동 456-3,서울 은평구 연서로 215-1,37.6179074356046,126.919484607674
1776473691,퀸PC방,pcbang,서울 은평구 불광동 310-220,서울 은평구 연서로 247,37.6194743185324,126.922269367675
684001624,긱스타PC방,pcbang,서울 은평구 신사동 9-16,서울 은평구 갈현로 39-1,37.6014981765731,126.91013030046
2104265100,레드포스PC아레나 구파발역점,pcbang,서울 은평구 진관동 70,서울 은평구 진관2로 15-46,37.6386514677427,126.919081541082
425443546,G카페PC,pcbang,서울 은평구 갈현동 396-9,서울 은평구 통일로 855-20,37.6196402820345,126.919847470218
1650045169,맥 PC CAFE,pcbang,서울 은평구 불광동 310-11,서울 은평구 통일로 850,37.6193206046732,126.921444921522
800160331,로얄PC,pcbang,서울 은평구 갈현동 418-18,서울 은평구 갈현로 332,37.6259661573868,126.918596861874
14909271,허브PC방 대조점,pcbang,서울 은평구 대조동 33-3,서울 은평구 서오릉로8길 24,37.6089230936044,126.924038056575
20744584,인터쿨PC,pcbang,서울 은평구 녹번동 144-1,서울 은평구 진흥로 112,37.6065043678476,126.923311182174
1862030597,잼잼오락실,pcbang,서울 은평구 응암동 585-12,서울 은평구 가좌로 249,37.5913532350886,126.915298889022
14905610,고릴라PC방 역촌역점,pcbang,서울 은평구 역촌동 15-12,서울 은평구 서오릉로 77,37.60715929792,126.921801997974
23106050,졸라PC,pcbang,서울 은평구 역촌동 33-2,서울 은평구 진흥로1나길 2,37.6033079253199,126.918340708208
338478006,블리스PC,pcbang,서울 은평구 응암동 598-18,서울 은평구 응암로11길 3,37.5882734008093,126.916220617759
1867969572,갈현인터넷프라자,pcbang,서울 은평구 갈현동 423-28,서울 은평구 갈현로 306,37.624115465148,126.917207834153
644684454,LV업PC,pcbang,서울 은평구 응암동 98-65,서울 은평구 은평로 136,37.6002630322516,126.923039015619
1677027996,고릴라 응암1호점,pcbang,서울 은평구 응암동 98-65,서울 은평구 은평로 136,37.6002621297847,126.923036751725
884618258,레벨업PC방 종로점,pcbang,서울 종로구 종로2가 40,서울 종로구 수표로 105,37.570589999549746,126.98921239570502
1342335656,옵티멈존PC카페 종각역점,pcbang,서울 종로구 관철동 45-1,서울 종로구 우정국로2길 21,37.569726299379,126.984333817507
1916270557,옵티멈존PC카페 종각2호점,pcbang,서울 종로구 관철동 7-11,서울 종로구 종로14길 19,37.569077910632,126.987039289394
369006989,레벨업PC방 성대점,pcbang,서울 종로구 명륜2가 211,서울 종로구 성균관로 12,37.583981055304,126.998152306053
467025372,옵티멈존PC카페 혜화점,pcbang,서울 종로구 명륜4가 188-4,서울 종로구 창경궁로 234,37.5824980254448,126.998527082022
1485980824,라이엇PC방,pcbang,서울 종로구 청진동 70,서울 종로구 종로 33,37.5709602435767,126.981440248159
419348850,프리미엄PC방,pcbang,서울 종로구 명륜4가 8-1,서울 종로구 대명길 9,37.5833918158879,127.001000826333
977411267,트레블 플스방,pcbang,서울 종로구 관철동 12-5,서울 종로구 삼일대로15길 16,37.568942714578284,126.98662049585647
238930558,비원 PC방 창신점,pcbang,서울 종로구 창신동 198,서울 종로구 종로 325,37.57269441410089,127.01376958139805
1638848022,제노pc방,pcbang,서울 종로구 적선동 100-1,서울 종로구 자하문로2길 4,37.5764276196856,126.972852284318
1085430568,잇츠PC,pcbang,서울 종로구 창신동 292,서울 종로구 종로 335,37.5731033380303,127.014824681347
390395724,리가플스방,pcbang,서울 종로구 관철동 19-3,서울 종로구 종로12길 16,37.56933362443066,126.98558243360148
92633571,대빵오락실 익선점,pcbang,서울 종로구 낙원동 132-1,서울 종로구 돈화문로11길 31,37.5724127557614,126.989693228657
641817161,레드포스PC아레나 종각점,pcbang,서울 종로구 종로2가 75-9,서울 종로구 종로 78,37.5698796829043,126.986041900824
1524786598,아이온pc,pcbang,서울 종로구 관철동 12-18,서울 종로구 삼일대로17길 19,37.5690616127944,126.986330698067
600079588,스페셜PC카페,pcbang,서울 종로구 숭인동 1063,서울 종로구 종로 405,37.57536369694314,127.02210071783796
499734651,덤프PC방 구기동점,pcbang,서울 종로구 구기동 94,서울 종로구 진흥로 456,37.60687245216697,126.95844133026944
1869218764,탐정의방,pcbang,서울 종로구 명륜4가 58-2,서울 종로구 대명길 35,37.5829539369914,126.999716962537
2140382899,라이또PC방,pcbang,서울 종로구 신영동 1-11,서울 종로구 진흥로 477-1,37.6059767851475,126.960832533186
1008943561,1%PC아레나,pcbang,서울 종로구 명륜4가 188-4,서울 종로구 창경궁로 234,37.5825214520153,126.998587085156
1019159898,스틸시리즈PC방,pcbang,서울 종로구 명륜4가 187,서울 종로구 창경궁로 236,37.5826439898265,126.998833890485
253805594,장동민의 옹PC방,pcbang,서울 종로구 숭인동 178-89,서울 종로구 종로 383,37.57450995145377,127.01986472210204
1031502472,에이플(성균관점),pcbang,서울 종로구 명륜1가 16-21,서울 종로구 성균관로 58,37.5878571000925,126.996870532548
2117588742,지지게임존,pcbang,서울 종로구 낙원동 176,서울 종로구 수표로 112,37.5711990898726,126.989405875048
1432448083,제우스PC방 대학로점,pcbang,서울 종로구 명륜4가 187,서울 종로구 창경궁로 236,37.5826439898206,126.998833890485
14912256,스카이넷 PC방,pcbang,서울 종로구 숭인동 177-2,서울 종로구 종로 377-3,37.5744776124912,127.019280590417
1764391484,제로백PC&코인노래연습장 구기동점,pcbang,서울 종로구 구기동 94,서울 종로구 진흥로 456,37.60687155117743,126.95844133077073
27243770,피씨스토리시즌2,pcbang,서울 종로구 숭인동 1412,서울 종로구 종로66길 13,37.5741996260746,127.022024528664
20747571,사이버PC방,pcbang,서울 종로구 숭인동 1412,서울 종로구 종로66길 13,37.5742320618841,127.022024538216
14910277,수PC방,pcbang,서울 종로구 명륜3가 2-38,서울 종로구 명륜길 1,37.5877886113589,126.996404059508
441683795,레벨업PC방 무교점,pcbang,서울 중구 무교동 1,서울 중구 무교로 32,37.56876600944885,126.97956178042739
1381860160,GGX,pcbang,서울 중구 을지로6가 21-31,서울 중구 을지로 264,37.5657600421876,127.007079969366
1912878586,긱스타피시카페,pcbang,서울 중구 충무로4가 125-11,서울 중구 퇴계로 216,37.561325478400214,126.99588356157919
375356818,3POP 플러스 PC CAF,pcbang,서울 중구 황학동 1101-1,서울 중구 난계로 185,37.568203262836704,127.02327580563586
1050309589,3POP PC방,pcbang,서울 중구 중림동 200,서울 중구 중림로 10,37.55892621026257,126.96432044049776
1299136651,긱스타PC,pcbang,서울 중구 신당동 292-43,서울 중구 다산로 222,37.56291027431933,127.01559458063807
389662234,긱스타PC카페,pcbang,서울 중구 을지로6가 18-95,서울 중구 장충단로13길 7,37.5677502706546,127.008186043282
1525359669,콤마PC카페 약수점,pcbang,서울 중구 신당동 368-99,서울 중구 다산로 112,37.5537864495015,127.010377766681
1940600748,피피엘PC방 동국대점,pcbang,서울 중구 충무로5가 90,서울 중구 서애로1길 11,37.5613750949478,126.998460720383
1970376424,제로백 신당점,pcbang,서울 중구 신당동 48-1,서울 중구 다산로36길 53,37.5615143123315,127.0178420948
1684604824,아레나PC방,pcbang,서울 중구 충무로5가 90,서울 중구 서애로1길 11,37.561339056777,126.998596539849
874672738,피피엘PC방 약수점,pcbang,서울 중구 신당동 369-26,서울 중구 다산로 132,37.5555099655927,127.011382985948
354376867,탑클래스pc방,pcbang,서울 중구 신당동 140-34,서울 중구 다산로44길 53,37.5652386969365,127.019933568505
14910441,로즈pc카페,pcbang,서울 중구 신당동 372-434,서울 중구 동호로7길 45,37.5517735752855,127.010873162555
20743543,유파라PC,pcbang,서울 중구 신당동 52-330,서울 중구 다산로42가길 30,37.5634425873428,127.016873687195
20743542,뉴캐슬PC존,pcbang,서울 중구 신당동 52-168,서울 중구 다산로42나길 23,37.5632910082145,127.018295259394
20742064,Enter PC방,pcbang,서울 중구 신당동 52-168,서울 중구 다산로42나길 23,37.5632910082145,127.018295259394
435183927,토랑,pcbang,서울 중구 신당동 372-434,서울 중구 동호로7길 45,37.5517969999871,127.010886746099
195578041,레벨업PC방 망우점,pcbang,서울 중랑구 망우동 572,서울 중랑구 봉우재로71길 18,37.5963860549589,127.098764977366
1086747546,옵티멈존PC방 신내점,pcbang,서울 중랑구 신내동 613-71,서울 중랑구 봉화산로 217,37.6077635548353,127.096836605958
1177745246,옵티멈존PC카페 사가정역점,pcbang,서울 중랑구 면목동 497-7,서울 중랑구 면목로 341,37.58239373382947,127.08842928909449
774783933,크라우드PC 망우점,pcbang,서울 중랑구 망우동 410-1,서울 중랑구 용마산로 494,37.5948943413712,127.100511323772
917754540,제로백PC 묵동점,pcbang,서울 중랑구 묵동 238-1,서울 중랑구 동일로 933,37.6137339831754,127.076567123301
703399286,찰리팝 PC,pcbang,서울 중랑구 상봉동 101-15,서울 중랑구 면목로 492,37.5959059306383,127.085967704297
741390467,콤마피시방 사가정역점,pcbang,서울 중랑구 면목동 458-1,서울 중랑구 면목로 352,37.5833360249676,127.088626266532
73500871,스톤피씨,pcbang,서울 중랑구 상봉동 115-61,서울 중랑구 면목로 491,37.5958054864163,127.085324417232
675417548,탑플레이스PC,pcbang,서울 중랑구 상봉동 113,서울 중랑구 면목로 489,37.5955216596759,127.085344475271
1668085342,아레나PC,pcbang,서울 중랑구 면목동 50-47,서울 중랑구 용마산로 405,37.58789401254217,127.09572165907392
20744536,따라가기PC토랑,pcbang,서울 중랑구 면목동 175-40,서울 중랑구 동일로95길 16,37.5849765243028,127.078754468108
1781428731,레드포스PC아레나 중화점,pcbang,서울 중랑구 묵동 250-41,서울 중랑구 동일로 843,37.6056635419844,127.078368575228
690979833,에이스PC방,pcbang,서울 중랑구 망우동 466-11,서울 중랑구 용마산로 521,37.5975238237564,127.100051721323
1445096629,아이세븐PC,pcbang,서울 중랑구 면목동 665-3,서울 중랑구 면목로35길 15,37.57825972549311,127.08509156095138
1294014233,퍼니홀릭PC카페,pcbang,서울 중랑구 망우동 490-8,서울 중랑구 망우로 400,37.5986628352334,127.096616450723
24531195,오즈아레나PC카페 사가정점,pcbang,서울 중랑구 면목동 497-7,서울 중랑구 면목로 341,37.58239375757244,127.08839758917395
1427100837,잇츠PC방 중랑점,pcbang,서울 중랑구 상봉동 130-22,서울 중랑구 망우로32길 28,37.5927022183602,127.076493484964
1106886735,탑게임랜드,pcbang,서울 중랑구 면목동 617-7,서울 중랑구 면목로 314,37.5799837293212,127.088224924096
1242335384,일프로피씨 카페1%PC CAF,pcbang,서울 중랑구 중화동 314-1,서울 중랑구 동일로129길 35,37.5992238335536,127.077505728865
1070814646,레벨업PC방,pcbang,서울 중랑구 중화동 302-75,서울 중랑구 중랑역로 62,37.5989116983157,127.078101042925
27246672,황금PC,pcbang,서울 중랑구 상봉동 88-100,서울 중랑구 상봉로25길 48,37.5947818167298,127.090359846372
20740262,본PC방 상봉점,pcbang,서울 중랑구 상봉동 496,서울 중랑구 상봉중앙로1길 54,37.59864608245232,127.08808842104168
758645061,피씨데이 상봉점,pcbang,서울 중랑구 상봉동 115-20,서울 중랑구 망우로 274,37.5954692471334,127.083035575938
515507285,아이비스PC방 면목역점,pcbang,서울 중랑구 면목동 105-4,서울 중랑구 겸재로 198,37.5886448221132,127.089623267058
2134192347,제로백PC 중랑역점,pcbang,서울 중랑구 상봉동 130-166,서울 중랑구 망우로 202,37.5934885284984,127.075491063872
51054538,레벨업PC방,pcbang,서울 중랑구 묵동 174-4,서울 중랑구 공릉로2길 7,37.612233626123,127.078262209817
1394636116,테라PC 묵동점,pcbang,서울 중랑구 묵동 55-3,서울 중랑구 공릉로12가길 6,37.6163426573721,127.080165979762
1556714343,로얄PC,pcbang,서울 중랑구 망우동 466-1,서울 중랑구 용마산로 537,37.5989679796209,127.100207660425
27245832,상봉성인게임장,pcbang,서울 중랑구 상봉동 113-30,서울 중랑구 면목로91길 6,37.594597988572,127.085558562308
1880961555,와와,pcbang,서울 중랑구 상봉동 101,서울 중랑구 망우로 316,37.5964850165594,127.087535549134
101805862,인디고PC,pcbang,서울 중랑구 신내동 797,서울 중랑구 신내로14길 21,37.6058972603194,127.097256607926
998898140,비에스,pcbang,서울 중랑구 신내동 644,서울 중랑구 신내로 193,37.6154743586422,127.094437474313
833699517,바닐라PC방,pcbang,서울 중랑구 망우동 495,서울 중랑구 용마산로115길 109,37.59780305180332,127.09468690538124
275858168,원PC,pcbang,서울 중랑구 면목동 653-1,서울 중랑구 사가정로50길 36,37.5792124985725,127.085752655368
1575219175,픽미스테이션,pcbang,서울 중랑구 신내동 797,서울 중랑구 신내로14길 21,37.60589194299364,127.09714901378736
1711323286,바닐라PC방,pcbang,서울 중랑구 상봉동 130-130,서울 중랑구 망우로32길 14,37.593235643235,127.076435151073
1965003459,7PC방,pcbang,서울 중랑구 망우동 358-5,서울 중랑구 망우로 439,37.6001999979752,127.100837800729
20521544,피씨데이 면목점,pcbang,서울 중랑구 면목동 117-17,서울 중랑구 겸재로 166,37.587882369893144,127.08628115938679
13271548,PC아이,pcbang,서울 중랑구 상봉동 313-11,서울 중랑구 동일로126나길 10,37.5983936684215,127.084579999614
751647736,세븐PC방,pcbang,서울 중랑구 망우동 461-1,서울 중랑구 봉우재로 239,37.5957259301661,127.099478613244
869082639,장수바닐라PC방,pcbang,서울 중랑구 면목동 74-4,서울 중랑구 상봉로 45,37.5899438422679,127.093381647949
1315213655,렛츠기릿PC방,pcbang,서울 중랑구 상봉동 115-19,서울 중랑구 망우로 276,37.595504257369,127.083217921527
1743489512,앤유피시 망우동,pcbang,서울 중랑구 망우동 461-1,서울 중랑구 봉우재로 239,37.5957195793225,127.099530692558
1916178287,오즈아레나,pcbang,서울 중랑구 망우동 572,서울 중랑구 봉우재로71길 18,37.5962308844982,127.09900369824
680326470,제로백PC 서일대점,pcbang,서울 중랑구 면목동 17-31,서울 중랑구 용마산로 434,37.589959535223,127.097376265159
1638406745,골드로즈사우나,sauna,서울 강남구 대치동 890-59,서울 강남구 선릉로86길 31,37.5039698823798,127.052012668773
26509032,뉴거평힐링24시찜질방,sauna,서울 강남구 논현동 203,서울 강남구 봉은사로 129-1,37.5061367417618,127.028342578495
13269829,보리여성불한증막,sauna,서울 강남구 삼성동 7-3,서울 강남구 선릉로130길 20,37.5166056500156,127.042834264235
13137446,좋은한증막,sauna,서울 강남구 역삼동 789-12,서울 강남구 역삼로 162,37.49490604790255,127.03688054323288
410275084,오성불한증막,sauna,서울 강남구 대치동 1024-4,서울 강남구 도곡로 418,37.4969617299429,127.056225879328
17103308,백제불한증막인삼사우나,sauna,서울 송파구 석촌동 15,서울 송파구 백제고분로 293,37.50284782538755,127.09900579455181
8161681,강변스파랜드,sauna,서울 광진구 구의동 593-15,서울 광진구 구의강변로 45,37.534886484466,127.091305810471
20747760,잠실수양불한증막사우나,sauna,서울 송파구 방이동 39-2,서울 송파구 오금로11길 33,37.5156678041205,127.110638323784
1372689730,CN스파24시남여찜질방사우나,sauna,서울 서초구 반포동 93-1,서울 서초구 사평대로 126,37.4998736365652,126.998389606505
25421609,성수불막사우나,sauna,서울 성동구 성수동2가 279-50,서울 성동구 동일로 143,37.545398512239686,127.06541107412174
11261297,칠산24시불가마사우나,sauna,서울 광진구 자양동 767-4,서울 광진구 자양로 135,37.5397400031344,127.082988445387
985773797,24시사우나찜질방,sauna,서울 송파구 가락동 166-2,서울 송파구 오금로 396,37.4979557480742,127.134215595283
27302052,프리마스파,sauna,서울 강남구 청담동 56-17,서울 강남구 도산대로102길 10,37.52393577111373,127.05281840669596
12713052,유사우나,sauna,서울 강남구 신사동 554-13,서울 강남구 도산대로17길 44,37.5214512044367,127.023818966051
17363156,삼호궁전보석사우나,sauna,서울 서초구 양재동 275-6,서울 서초구 논현로 87,37.47761313699698,127.0443405140179
8231174,스파레이,sauna,서울 서초구 잠원동 8-22,서울 서초구 강남대로107길 5,37.5180716392217,127.018207294246
693898968,더 리버사이드호텔 더메디스파,sauna,서울 서초구 잠원동 6-1,서울 서초구 강남대로107길 6,37.5185050367572,127.018110118464
10592003,알파인공칼슘사우나,sauna,서울 강남구 대치동 606-1,서울 강남구 남부순환로 2941,37.4942486150181,127.061995496165
10130959,24시건강사우나,sauna,서울 광진구 자양동 580-14,서울 광진구 뚝섬로 585,37.5336040088445,127.075188540901
311253518,24시한별불가마사우나,sauna,서울 강동구 명일동 47-3,서울 강동구 동남로75길 13-10,37.553945693237,127.154896087557
14107034,한강허브사우나,sauna,서울 강동구 천호동 425-5,서울 강동구 올림픽로 664,37.54058202078265,127.12448857981971
411481792,JCU사우나24 면역찜질방,sauna,서울 강동구 성내동 428-2,서울 강동구 양재대로89길 16,37.52684403121639,127.13473795600225
1678647238,오투여성사우나,sauna,서울 강동구 길동 389-5,서울 강동구 양재대로 1477,37.5377692255517,127.139681749231
8079875,건영스파밸리,sauna,서울 노원구 중계동 506-1,서울 노원구 섬밭로 258,37.6385936940397,127.065079148996
10241463,대림24시 불가마사우나,sauna,서울 강북구 수유동 50-75,서울 강북구 도봉로71가길 11,37.6317179200315,127.02218197058339
10921252,한진24시불가마사우나,sauna,서울 성북구 돈암동 609-1,서울 성북구 성북로4길 52,37.59675647795534,127.01250690452873
1521975720,휘경인삼사우나,sauna,서울 동대문구 휘경동 71-1,서울 동대문구 망우로 123,37.59170901815917,127.06659518937319
12814402,황후여성전용 불한증막,sauna,서울 성북구 동소문동6가 143-5,서울 성북구 아리랑로 7,37.5932259726906,127.015988152888
954322550,스파렉스 동묘점,sauna,서울 종로구 창신동 328-18,서울 종로구 지봉로 19,37.5717355809676,127.015191171756
8100100,천지연불한증막스파월드,sauna,서울 중랑구 신내동 387-1,서울 중랑구 용마산로 623,37.6066233595639,127.100598452116
24664215,월계24시불한증막사우나,sauna,서울 노원구 월계동 321-2,서울 노원구 월계로 370,37.6309266867576,127.06099863693
26834805,삼일사우나,sauna,서울 강북구 미아동 561-2,서울 강북구 삼양로24길 19,37.617392226698165,127.02217771407526
69706227,정안사우나,sauna,서울 성북구 길음동 540-2,서울 성북구 길음로7길 36-12,37.60330439342154,127.02199460279975
12749730,춘천옥사우나,sauna,서울 중랑구 신내동 797,서울 중랑구 신내로14길 21,37.60595105508537,127.09757717486826
10907614,24시성우사우나,sauna,서울 도봉구 도봉동 642,서울 도봉구 마들로 735-8,37.6761548586276,127.047872695316
16416397,동아 24시사우나,sauna,서울 동대문구 전농동 645-2,서울 동대문구 서울시립대로 31,37.5742396262873,127.045855780496
22080143,송산 여성전용 사우나,sauna,서울 성북구 동소문동4가 279,서울 성북구 동소문로13길 39-36,37.5921093204003,127.010919790575
14584699,불암산 24시불한증막,sauna,서울 노원구 상계동 1285,서울 노원구 덕릉로 780,37.667027492485,127.078877354116
20740295,해오름사우나,sauna,서울 중랑구 망우동 508-14,서울 중랑구 망우로58길 33-6,37.59661309972922,127.09436607300833
753705161,베뉴지아쿠아24,sauna,서울 강서구 화곡동 1095,서울 강서구 화곡로 347,37.5548303184038,126.851291475811
17811821,목동파라곤스파,sauna,서울 양천구 목동 917,서울 양천구 목동서로 155,37.52934694298234,126.87503230553791
1129477142,수금사우나24시찜질방,sauna,서울 강서구 화곡동 1071-19,서울 강서구 화곡로18길 24,37.539006171680086,126.83571748093209
19808567,스파존24시불가마사우나,sauna,서울 강서구 화곡동 900-1,서울 강서구 강서로7길 28,37.52966272178745,126.8463680718296
21128380,24시인공폭포 불가마사우나해수탕,sauna,서울 강서구 염창동 258-4,서울 강서구 양천로 731,37.5492062751275,126.878000262855
1716071152,더파크스파랜드,sauna,서울 영등포구 당산동3가 558-3,서울 영등포구 선유동1로 50,37.52654072471937,126.89286168892373
21445209,한백불한증막사우나,sauna,서울 영등포구 영등포동5가 49-1,서울 영등포구 양산로 214,37.5222132490304,126.906709619167
1534238244,친정숲불한증막,sauna,서울 마포구 창전동 437,서울 마포구 서강로 97,37.55193489497921,126.93234814526197
1615733046,유스포힐링스파,sauna,경기 부천시 원미구 약대동 169-115,경기 부천시 원미구 신흥로 321,37.512390022363405,126.77472119334922
12438269,24시토성불가마사우나,sauna,서울 양천구 신정동 1267,서울 양천구 신정로 312,37.5132850589714,126.855531853028
13336702,현대24시찜질방사우나,sauna,서울 영등포구 양평동3가 101,서울 영등포구 선유로 201,37.5313673397371,126.893805135372
1127403040,홍대24시불가마사우나,sauna,서울 서대문구 창천동 510-2,서울 서대문구 신촌로 1,37.5588732368545,126.927393707845
226597105,더죤스파24시사우나찜질방,sauna,서울 은평구 응암동 113-35,서울 은평구 불광천길 536,37.597865424889264,126.91631517492962
12005535,웰빙24장작불한증막,sauna,서울 양천구 신월동 519-1,서울 양천구 오목로 22,37.52134847908729,126.84040211293355
9805955,삼부건강랜드 보석사우나,sauna,서울 은평구 신사동 361,서울 은평구 증산로21길 11,37.59588558958514,126.91332233852849
26516423,토성사우나,sauna,서울 강서구 화곡동 914-3,서울 강서구 강서로5나길 50,37.528795752557265,126.8455190899946
16297047,오류24시사우나,sauna,서울 구로구 오류동 38-1,서울 구로구 경인로23길 8,37.4968109277525,126.844065141115
27465384,동남사우나,sauna,서울 영등포구 영등포동5가 24,서울 영등포구 영등포로37길 4,37.5205978202568,126.905661870722
9179865,신풍24시불한증막사우나,sauna,서울 영등포구 대림동 673,서울 영등포구 가마산로48길 16,37.501448795475625,126.9012708657305
17179618,동양사우나24시,sauna,서울 은평구 응암동 730-17,서울 은평구 가좌로7길 11,37.586392043399,126.919994089985
1549717163,건영스파24시불한증막사우나,sauna,서울 영등포구 신길동 364,서울 영등포구 도림로 323,37.5062431106193,126.901350507523
10853545,청수24시사우나,sauna,서울 영등포구 대림동 706-4,서울 영등포구 도림로 150,37.4937673150125,126.898666564324
20549717,금성랜드사우나,sauna,서울 양천구 신정동 948-24,서울 양천구 오목로 160,37.52470579860385,126.8552315409948
25935500,해동사우나,sauna,서울 양천구 목동 933,서울 양천구 목동동로12길 45,37.5225424916551,126.87666358514
20749217,삼모스포렉스,sauna,서울 관악구 신림동 1638-32,서울 관악구 신림로59길 23,37.482740866809294,126.92831202722601
8072719,장성24시그랜드보석사우나,sauna,서울 동작구 노량진동 312-6,서울 동작구 장승배기로 113,37.50791230624537,126.93962412996436
26412021,쑥고개사우나 24시찜질방,sauna,서울 관악구 신림동 94-208,서울 관악구 쑥고개로 9,37.47757101663863,126.9381234255363
16505463,관악프라자24시불가마사우나,sauna,서울 관악구 봉천동 31-1,서울 관악구 관악로 212,37.4835884466019,126.955176559969
19780625,에이스스파,sauna,경기 광명시 소하동 1365,경기 광명시 하안로 108,37.4477738348964,126.891984142408
1136727366,유토피아스파,sauna,서울 구로구 구로동 187-3,서울 구로구 도림천로 448,37.48560720980611,126.89903827341148
12520175,24시사우나 네이버한방스파,sauna,서울 마포구 염리동 174-14,서울 마포구 큰우물로 53,37.54228798842698,126.94462269666391
1854323785,토정24시사우나찜질방,sauna,서울 마포구 용강동 122-16,서울 마포구 토정로32길 4,37.5410709272851,126.941284492784
7891585,보라매 24시한증막사우나찜질방,sauna,서울 동작구 신대방동 395-68,서울 동작구 보라매로5가길 24,37.4904958735706,126.924036025198
9965566,청룡24시불한증막,sauna,서울 관악구 봉천동 1574-1,서울 관악구 쑥고개로 100,37.47902252782592,126.94739185298897
24840799,동아24시사우나,sauna,서울 관악구 봉천동 1629-2,서울 관악구 봉천로 576,37.4770709119361,126.961308036789
8579288,풍림24시 불가마사우나,sauna,서울 마포구 공덕동 404,서울 마포구 마포대로 127,37.5461673744122,126.952142658399
27164299,벽계수 스파 세신,sauna,서울 금천구 가산동 140-36,서울 금천구 디지털로12길 15,37.4780459702533,126.889982447629
1304077527,벽계수한증스파,sauna,서울 금천구 가산동 140-36,서울 금천구 디지털로12길 15,37.47809618112108,126.88971895225677
7820811,대신건강사우나헬스불가마,sauna,서울 동작구 사당동 1037-4,서울 동작구 사당로26길 124,37.4782536887323,126.977836336732
16794873,푸르지오24시사우나,sauna,서울 금천구 독산동 901-7,서울 금천구 남부순환로 1428,37.4806069476034,126.909456728772
1620855396,워터힐스파,sauna,서울 동작구 신대방동 719,서울 동작구 신대방1가길 38,37.4879721030812,126.906391518941
27245600,24시공단사우나,sauna,서울 관악구 신림동 1643,서울 관악구 시흥대로 578,37.48435378073163,126.90319287390686
32443166,24시대중사우나,sauna,경기 과천시 별양동 1-13,경기 과천시 별양상가2로 14,37.4273275829489,126.992998615877
773405003,남경사우나,sauna,서울 금천구 독산동 991-19,서울 금천구 독산로84길 9,37.472376237355,126.903770171892
9390947,제일사우나,sauna,서울 영등포구 대림동 1016-24,서울 영등포구 대림로 88,37.4900997297337,126.904574015751
255114587,제일대중사우나,sauna,경기 과천시 별양동 1-13,경기 과천시 별양상가2로 14,37.427381644642786,126.99300990887248
10555841,쉐르빌사우나,sauna,서울 성동구 도선동 69,서울 성동구 무학로6길 50,37.5645053869843,127.034992911043
20560512,우리24시불한증막,sauna,서울 송파구 거여동 37-1,서울 송파구 오금로 511,37.493104612451894,127.14572289320208
22752853,노블레스스파24시,sauna,경기 남양주시 별내동 998,경기 남양주시 순화궁로 116,37.6430327696505,127.121119667679
27336383,24시신세계불가마사우나,sauna,경기 의정부시 의정부동 494,경기 의정부시 시민로 80,37.73780450412811,127.04435683148972
1143412793,백두산 불가마사우나,sauna,경기 의정부시 신곡동 719-4,경기 의정부시 신곡로 47,37.73093672015792,127.05629001497967
12182613,아쿠아랜드 보석사우나,sauna,경기 의정부시 의정부동 125-5,경기 의정부시 태평로 76,37.7393222058213,127.052024870105
1910188383,명동황금사우나,sauna,서울 중구 충무로2가 11-1,서울 중구 명동8가길 27,37.5619960270298,126.986553828259
1573241710,위례파크24시사우나,sauna,경기 성남시 수정구 창곡동 562,경기 성남시 수정구 위례광장로 19,37.4656878945011,127.14045635827
37809986,스포랜드사우나,sauna,경기 성남시 수정구 양지동 923-1,경기 성남시 수정구 산성대로 613,37.46438969809515,127.17046947031781
8054957,일죽24시레저사우나,sauna,경기 부천시 원미구 심곡동 129-3,경기 부천시 원미구 부일로 522,37.48485158034602,126.78778508022572
7985820,심곡사우나,sauna,경기 부천시 원미구 심곡동 93-1,경기 부천시 원미구 부흥로373번길 78,37.4949555022553,126.784818628553
399656672,스파디움24,sauna,경기 남양주시 다산동 6143,경기 남양주시 다산순환로 20,37.61270957020403,127.15263489946729
1850690475,인창불한증막사우나,sauna,경기 구리시 인창동 543,경기 구리시 동구릉로53번길 4,37.60533548569825,127.1336449931848
650643335,24시만화카페라이브러리,comic_cafe,서울 광진구 자양동 216-26,서울 광진구 아차산로 370,37.5364416448589,127.083975936755
798713718,놀숲 강남역점,comic_cafe,서울 강남구 역삼동 620-9,서울 강남구 강남대로98길 17,37.50098127819602,127.02796403633766
1886791812,벌툰 엔틱 강남역점,comic_cafe,서울 강남구 역삼동 817-35,서울 강남구 강남대로98길 16,37.5007307950853,127.027978644718
1571875643,벌툰 몽유도원신사점,comic_cafe,서울 강남구 신사동 535-7,서울 강남구 도산대로11길 34,37.5197647834731,127.022510769227
295419461,놀숲 신사가로수길점,comic_cafe,서울 강남구 신사동 512-9,서울 강남구 압구정로2길 60,37.51797200039662,127.02136209580561
62649388,벌툰 신논현점,comic_cafe,서울 강남구 논현동 183,서울 강남구 강남대로118길 12,37.50632044187549,127.0248037754836
1242914812,벌툰 파리지앵 선릉점,comic_cafe,서울 강남구 대치동 897-28,서울 강남구 테헤란로64길 24,37.5033214013296,127.051458055275
1208502985,놀숲 압구정역점,comic_cafe,서울 강남구 신사동 577-8,서울 강남구 압구정로28길 22-6,37.5252833793513,127.027023962926
1031526033,캣툰 강남역점,comic_cafe,서울 강남구 역삼동 818-12,서울 강남구 강남대로94길 13,37.499585510364525,127.02842265713339
813317813,놀숲 더레이블도산점,comic_cafe,서울 강남구 신사동 657-5,서울 강남구 압구정로48길 35,37.5260708209136,127.03710629995
1344822732,애니팝 보드게임&만화카페,comic_cafe,서울 강남구 대치동 950-1,서울 강남구 영동대로85길 13,37.5069263503326,127.062599753998
1946500069,애니파크,comic_cafe,서울 강남구 삼성동 144-14,서울 강남구 삼성로 517,37.50816692366929,127.05561787709246
1596177563,만화카페도도 강남점,comic_cafe,서울 강남구 역삼동 819-2,서울 강남구 강남대로94길 18,37.49941242902126,127.02878673724572
2034287928,샤나무만화카페 대치점,comic_cafe,서울 강남구 대치동 923-23,서울 강남구 선릉로64길 11-2,37.4980461071681,127.053275130486
193833164,올툰24시만화카페 선릉점,comic_cafe,서울 강남구 역삼동 697-12,서울 강남구 선릉로93길 18,37.505182929408996,127.04701234206276
281302048,애니온,comic_cafe,서울 강남구 대치동 976-8,서울 강남구 삼성로72길 64,37.50073237368299,127.06347216653886
27267147,코코믹스,comic_cafe,서울 강남구 논현동 52-8,서울 강남구 학동로5길 7,37.5121926760879,127.022888537806
2134046876,올툰 선릉점,comic_cafe,서울 강남구 역삼동 697-12,서울 강남구 선릉로93길 18,37.5052406350946,127.046908328533
1609818137,벌툰 엔틱 잠실새내점,comic_cafe,서울 송파구 잠실동 180-9,서울 송파구 백제고분로7길 27,37.51085824391266,127.08189778634174
1282484038,캣툰 잠실새내점,comic_cafe,서울 송파구 잠실동 180-1,서울 송파구 올림픽로10길 9,37.5108037364847,127.081240581569
1409580447,놀숲 잠실새내점,comic_cafe,서울 송파구 잠실동 181-10,서울 송파구 올림픽로12길 4,37.511245940029234,127.08281097985144
173009195,벌툰 파리지앵 강남본점,comic_cafe,서울 서초구 서초동 1307-18,서울 서초구 강남대로65길 7,37.50026197173603,127.02531519997575
894327405,놀숲 강남교보타워점,comic_cafe,서울 서초구 서초동 1303-36,서울 서초구 서초대로77길 58,37.502548906046734,127.02445419990524
2133997323,애니파크 서초점,comic_cafe,서울 서초구 서초동 1344-13,서울 서초구 효령로72길 57,37.48701013932202,127.0284834727507
463852691,달빛정거장,comic_cafe,서울 송파구 잠실동 195-12,서울 송파구 백제고분로7길 8,37.51028224428449,127.07963957915346
2080200369,놀숲 교대점,comic_cafe,서울 서초구 서초동 1624-2,서울 서초구 사임당로 46,37.488266814516464,127.01507248838772
1798330241,벌툰 몽유도원 방이점,comic_cafe,서울 송파구 방이동 66,서울 송파구 오금로 105,37.5129869777723,127.108087148078
1337065720,놀숲 건대점,comic_cafe,서울 광진구 자양동 7-25,서울 광진구 아차산로 224,37.5406181573079,127.06798560729
2014711358,놀숲 송파구청점,comic_cafe,서울 송파구 방이동 34-2,서울 송파구 오금로11길 11-8,37.51497758564244,127.10875172506293
20741489,휴,comic_cafe,서울 송파구 잠실동 27-6,서울 송파구 올림픽로 203,37.5124967475489,127.093395918442
1003023375,벌툰 성수점,comic_cafe,서울 성동구 성수동2가 317-1,서울 성동구 아차산로 122,37.54389524511123,127.05752619075865
756111237,놀숲 문정로데오점,comic_cafe,서울 송파구 문정동 29-28,서울 송파구 동남로4길 7-1,37.4894171511432,127.124105106504
65203,캣툰 성수점,comic_cafe,서울 성동구 성수동2가 315-55,서울 성동구 연무장길 47,37.5427991551552,127.054733833885
2069430318,캣툰 건대점,comic_cafe,서울 광진구 화양동 48-3,서울 광진구 아차산로 213,37.5413781491367,127.067201022
20558088,대박만화방,comic_cafe,서울 송파구 석촌동 293-3,서울 송파구 백제고분로40길 27,37.5023321375375,127.107605843164
151566368,놀숲 화양점,comic_cafe,서울 광진구 화양동 132-6,서울 광진구 능동로19길 57,37.5473822844283,127.070502795776
682567861,올데이툰,comic_cafe,서울 송파구 방이동 62,서울 송파구 올림픽로32길 24,37.5138867251124,127.10945142739
1878426920,만화카페도도 방이점,comic_cafe,서울 송파구 방이동 62-8,서울 송파구 오금로13길 9,37.513353239714135,127.10857404804199
1652519798,만화사랑,comic_cafe,서울 광진구 자양동 553-303,서울 광진구 뚝섬로23길 48,37.5371738216254,127.06606805465
112344430,벌툰 건대점,comic_cafe,서울 광진구 화양동 7-44,서울 광진구 아차산로 225,37.5409115980086,127.068479213676
383953562,코믹코드,comic_cafe,서울 송파구 송파동 103-28,서울 송파구 가락로 164,37.5033761526767,127.113645465317
1518148853,코스믹스만화카페,comic_cafe,서울 광진구 화양동 49-11,서울 광진구 아차산로 201,37.5417518291389,127.066020043887
1410367432,드림북,comic_cafe,서울 광진구 자양동 612-60,서울 광진구 자양로15길 18,37.5358011192671,127.082576763217
550793651,코믹스토리,comic_cafe,서울 광진구 자양동 553-303,서울 광진구 뚝섬로23길 48,37.5372035552531,127.066066949425
20943673,공간만화대여카페,comic_cafe,서울 용산구 한남동 634-1,서울 용산구 대사관로 73,37.53336829586708,127.00614576410082
624687882,24시만화카페,comic_cafe,서울 강동구 천호동 410-13,서울 강동구 천호대로157길 38,37.53934410251152,127.12781083770487
171646012,벌툰 천호로데오점,comic_cafe,서울 강동구 천호동 454-53,서울 강동구 천호대로157길 15,37.53849814067319,127.12690421244821
1363015196,놀숲 둔촌역점,comic_cafe,서울 강동구 성내동 440,서울 강동구 양재대로 1319,37.5241846151926,127.134439045418
1443085766,벌툰 공중정원 고덕점,comic_cafe,서울 강동구 명일동 47-6,서울 강동구 동남로75길 13-7,37.5539277427333,127.155528676032
1603156484,거북이도서관,comic_cafe,서울 강동구 명일동 327-1,서울 강동구 구천면로 428,37.550156426540475,127.14615754601498
1588136752,커먼코믹플렉스,comic_cafe,서울 강동구 암사동 502-20,서울 강동구 올림픽로 781,37.5509807207599,127.127606636209
21685971,킥킥만화카페 천호점,comic_cafe,서울 강동구 천호동 549-1,서울 강동구 구천면로 220,37.5404733154048,127.129227148311
416118597,터틀라이브러리,comic_cafe,서울 강동구 명일동 327-1,서울 강동구 구천면로 428,37.5501751316066,127.146331857089
1293459755,카페탱 암사점,comic_cafe,서울 강동구 암사동 447-24,서울 강동구 고덕로 97,37.5549213326189,127.135992646009
12520692,24시만화카페,comic_cafe,서울 종로구 숭인동 183-9,서울 종로구 종로 389,37.5747729217037,127.020566648057
24309811,24시 왕눈이 만화방,comic_cafe,서울 강북구 미아동 1348-2,서울 강북구 솔샘로 249-1,37.6197576270888,127.02047935516
20557438,24시심야만화,comic_cafe,서울 성북구 길음동 1276,서울 성북구 동소문로 248,37.6030058227313,127.023763407481
26873982,24시만화방 노원점,comic_cafe,서울 노원구 상계동 340-6,서울 노원구 노해로83길 21,37.6562391475471,127.063993016853
269745548,벌툰 파리지앵 수유역점,comic_cafe,서울 강북구 수유동 192-61,서울 강북구 한천로139길 42,37.63888287602615,127.02508230940673
1721465674,공자왈만화방 수유점,comic_cafe,서울 강북구 수유동 224-15,서울 강북구 노해로8길 29,37.638401041370166,127.02416102602598
1616267724,모비딕,comic_cafe,서울 강북구 번동 418-9,서울 강북구 도봉로 350,37.6385653740673,127.026701249872
2095522248,수만화카페,comic_cafe,서울 도봉구 창동 650-47,서울 도봉구 도봉로 454,37.646236362314,127.033708879458
815495510,토리만화카페,comic_cafe,서울 도봉구 방학동 273,서울 도봉구 시루봉로 94,37.659176862595,127.028024398588
234572750,놀숲 노원역점,comic_cafe,서울 노원구 상계동 693-4,서울 노원구 상계로 59,37.65623594395585,127.06154743589
759234886,벌툰 몽유도원 노원상계점,comic_cafe,서울 노원구 상계동 594-2,서울 노원구 상계로5길 31,37.6568181133235,127.062998502434
1807933089,만화뱅크,comic_cafe,서울 노원구 월계동 780,서울 노원구 월계로45가길 89,37.6319379338496,127.050767179224
25848530,책사랑만화방,comic_cafe,서울 노원구 상계동 335,서울 노원구 상계로 76,37.6561349299463,127.063444429612
33547558,놀숲 중계은행사거리점,comic_cafe,서울 노원구 중계동 360-13,서울 노원구 한글비석로 231,37.648213056803,127.076341882934
1075242966,벌툰 파리지앵 성신여대점,comic_cafe,서울 성북구 동선동1가 1-2,서울 성북구 동소문로 106,37.5925437622095,127.017125963517
1451171651,캣툰 석계역점,comic_cafe,서울 성북구 석관동 133-45,서울 성북구 한천로76다길 43,37.6129885812956,127.065026248724
436830454,놀숲 성신여대점,comic_cafe,서울 성북구 동선동2가 134,서울 성북구 보문로34길 62,37.5908433259511,127.018859078223
1655034833,놀숲 외대후문점,comic_cafe,서울 동대문구 이문동 264-409,서울 동대문구 천장산로7길 4,37.5986982549803,127.057561563259
27339096,놀숲 경희대점,comic_cafe,서울 동대문구 회기동 60-59,서울 동대문구 회기로13길 6,37.5917167720152,127.051034238866
623573296,놀숲 고대안암점,comic_cafe,서울 성북구 안암동5가 101-3,서울 성북구 개운사길 8,37.586716398244654,127.0295166318897
704583232,벌툰 대학로점,comic_cafe,서울 종로구 동숭동 1-96,서울 종로구 대학로10길 26,37.5816005866323,127.0037133843
780753513,벌툰 몽유도원 고대점,comic_cafe,서울 성북구 안암동5가 104-30,서울 성북구 고려대로24길 51,37.5839232718086,127.029707997016
8248719,벌툰 몽유도원 상봉역점,comic_cafe,서울 중랑구 상봉동 91-4,서울 중랑구 망우로 322,37.5966431222304,127.088165324775
705929264,공자왈만화방,comic_cafe,서울 노원구 공릉동 424-13,서울 노원구 공릉로 195,37.6270988310548,127.07854740434
737325783,너나들이 만화카페,comic_cafe,서울 동대문구 회기동 60-71,서울 동대문구 회기로13길 19,37.5923078909995,127.050876121718
428191651,만화카페석계,comic_cafe,서울 성북구 석관동 133-45,서울 성북구 한천로76다길 43,37.612948051175,127.065000163536
1142711952,통툰 경희대점,comic_cafe,서울 동대문구 회기동 16-71,서울 동대문구 경희대로 7,37.5922343277037,127.052211041911
1695730134,콩툰 대학로점,comic_cafe,서울 종로구 동숭동 1-28,서울 종로구 대학로 122,37.58209346704214,127.00225295227897
2103599138,코카카페,comic_cafe,서울 성북구 동소문동1가 21,서울 성북구 성북로2길 4,37.588844465925995,127.00621372801741
12984434,만화까페휴,comic_cafe,서울 성북구 안암동5가 15-25,서울 성북구 개운사길 45,37.5884374126507,127.029039509221
330515123,나무늘보카툰&북카페,comic_cafe,서울 노원구 공릉동 408-4,서울 노원구 공릉로 187,37.626375880960175,127.07908472730146
1763273969,24시만화방,comic_cafe,경기 광명시 광명동 158-189,경기 광명시 오리로 986,37.4798592876313,126.853859640124
716146150,놀숲 마곡발산점,comic_cafe,서울 강서구 마곡동 795-7,서울 강서구 마곡중앙6로 93,37.56013550392,126.837699291529
2115574685,벌툰 화곡역점,comic_cafe,서울 강서구 화곡동 1065-22,서울 강서구 강서로 173,37.5419217591618,126.83961711824
624960639,캣툰 마곡점,comic_cafe,서울 강서구 마곡동 795-5,서울 강서구 마곡중앙6로 85,37.5602452046413,126.836885285798
528909972,꿀팟만화보드카페,comic_cafe,서울 강서구 마곡동 759-3,서울 강서구 마곡중앙로 161-17,37.56805834620701,126.82595537908007
2021829896,벌툰 마곡발산점,comic_cafe,서울 강서구 마곡동 727-1176,서울 강서구 공항대로 247,37.5593139845626,126.835233769378
26554486,땡땡이치는만화카페,comic_cafe,서울 강서구 화곡동 1072-2,서울 강서구 화곡로 130,37.5402033801418,126.836208189086
1255819701,통툰만화카페 까치산역점,comic_cafe,서울 강서구 화곡동 343-52,서울 강서구 강서로 43,37.5315424114402,126.846523739722
1559428510,하늘정원만화방,comic_cafe,서울 강서구 화곡동 343-53,서울 강서구 강서로 43,37.5315315921185,126.846518105035
1318748455,으뜸과버금 가양점,comic_cafe,서울 강서구 가양동 1481,서울 강서구 양천로57길 36,37.56397152704964,126.85321218604932
2129302458,까치만화카페,comic_cafe,서울 강서구 화곡동 340-42,서울 강서구 강서로16길 5,37.5326741810262,126.846610800251
17633233,만화소극장 방화동점,comic_cafe,서울 강서구 방화동 614-52,서울 강서구 방화동로 45-1,37.56490739375236,126.8111849472321
27272392,만화마을,comic_cafe,서울 강서구 방화동 285-12,서울 강서구 양천로 94-1,37.573266476008726,126.81437759762554
2107132596,벌툰 인더스트리얼 목동점,comic_cafe,서울 양천구 목동 718-12,서울 양천구 목동중앙본로7길 42,37.53952509909927,126.86639674515197
1006860896,만화속세상,comic_cafe,서울 양천구 목동 602-11,서울 양천구 목동중앙북로7길 6,37.548290072907186,126.86724679551244
1959085564,벌툰 몽유도원 오목교점,comic_cafe,서울 양천구 목동 406-271,서울 양천구 오목로 337-10,37.5252062945252,126.875367282776
676896789,놀숲 목동오목교점,comic_cafe,서울 양천구 목동 934,서울 양천구 목동동로 258,37.525760373706,126.874481696702
645345689,알툰달툰,comic_cafe,서울 양천구 목동 773-3,서울 양천구 목동중앙로 43,37.53353424623025,126.86952670703847
20531775,책사랑만화카페,comic_cafe,서울 양천구 신정동 1031-2,서울 양천구 중앙로 274,37.520702590393,126.852997222235
2085188777,벌툰 인더스트리얼 당산점,comic_cafe,서울 영등포구 당산동6가 216-5,서울 영등포구 양평로 18,37.5329908581033,126.904243334619
1089083960,벌툰 봉화당 망원역점,comic_cafe,서울 마포구 망원동 377-2,서울 마포구 월드컵로 85,37.5563308991404,126.909528158446
1088662289,벌툰 신도림역점,comic_cafe,서울 구로구 신도림동 338,서울 구로구 경인로67길 23,37.510740907605836,126.88913934415436
354755930,벌툰 인더스트리얼 홍대본점,comic_cafe,서울 마포구 서교동 395-18,서울 마포구 독막로7길 63,37.550604561853106,126.92007762539521
1658925237,벌툰 몽유도원고척점,comic_cafe,서울 구로구 고척동 76-88,서울 구로구 경인로47길 31,37.50063488641419,126.86617994978803
1265568839,놀숲 프리미엄홍대점,comic_cafe,서울 마포구 서교동 364-26,서울 마포구 와우산로21길 31,37.5522899275144,126.92217397074651
970750699,벌툰 파리지앵 영등포역점,comic_cafe,서울 영등포구 영등포동3가 20,서울 영등포구 영중로4길 9,37.5174599977014,126.907267542493
2134411175,벌툰 봉화당 홍대입구역점,comic_cafe,서울 마포구 동교동 169-11,서울 마포구 어울마당로 137,37.5564499530999,126.925146143059
1995359429,캣툰 홍대점,comic_cafe,서울 마포구 서교동 364-17,서울 마포구 어울마당로 74,37.5515597603811,126.921631526217
543671406,카툰플러스 만화카페 24H (구 놀숲플러스),comic_cafe,서울 마포구 서교동 357-5,서울 마포구 양화로16길 29,37.5531929633346,126.921171477897
2142132677,벌툰 몽유도원 명지대점,comic_cafe,서울 서대문구 남가좌동 341-10,서울 서대문구 증가로 130,37.57760685832422,126.92331365926704
1058469561,WOW만화카페,comic_cafe,서울 영등포구 문래동4가 10-4,서울 영등포구 선유로 28,37.5164051179791,126.888714704954
864693294,벌툰 플레이플러스 신촌직영점,comic_cafe,서울 서대문구 창천동 57-42,서울 서대문구 연세로5가길 8-3,37.5573826590523,126.936182159363
2140753701,아키바코믹스,comic_cafe,서울 마포구 서교동 343-11,서울 마포구 와우산로23길 8,37.5534249953941,126.924660273053
929514801,롤롤,comic_cafe,서울 영등포구 영등포동4가 442,서울 영등포구 영중로 15,37.5170748240471,126.903340654402
811133954,놀숲 프리미엄 신촌점,comic_cafe,서울 서대문구 창천동 57-8,서울 서대문구 연세로5가길 1,37.5570510456965,126.93609642859
408559776,유어마나가게,comic_cafe,서울 마포구 상수동 346-1,서울 마포구 와우산로 13,37.54565443392793,126.92272176723435
1528366283,영등포 수만화카페,comic_cafe,서울 영등포구 영등포동 618-79,서울 영등포구 영신로19길 7,37.5142611629696,126.906920856162
21542994,킥킥나무,comic_cafe,서울 마포구 동교동 173-14,서울 마포구 양화로 192,37.558377008613796,126.92629636501715
904199769,애니툰,comic_cafe,서울 마포구 서교동 369-4,서울 마포구 홍익로3길 44,37.5526020758834,126.921422203806
25798117,오정만화,comic_cafe,경기 부천시 오정구 오정동 553,경기 부천시 오정구 부천로476번나길 80,37.528820240254,126.787613062591
520110738,캣툰 신촌점,comic_cafe,서울 서대문구 창천동 41-14,서울 서대문구 명물길 21,37.55820784937876,126.93763805022988
2018212417,사랑만화,comic_cafe,서울 은평구 응암동 592-66,서울 은평구 불광천길 326,37.5886160957159,126.914155036476
1364675931,툰앤존 명지대점,comic_cafe,서울 서대문구 남가좌동 322-18,서울 서대문구 명지대1길 2,37.5813099284686,126.92469105335
53629595,라즈베리헤븐,comic_cafe,서울 서대문구 연희동 135-8,서울 서대문구 연희로 116,37.5680319392348,126.93206192775
599440887,커피인더카툰 부천도당점,comic_cafe,경기 부천시 원미구 도당동 253-1,경기 부천시 원미구 부천로 295,37.5103581618854,126.784321999634
759343092,쉼터만화,comic_cafe,서울 구로구 구로동 733-21,서울 구로구 구로동로22길 5-26,37.490027267024196,126.88492853827034
24693940,24시만화카페,comic_cafe,서울 관악구 신림동 1432-76,서울 관악구 신림로 351,37.48564808245812,126.92924545213471
758115018,24시만화방,comic_cafe,서울 동작구 사당동 147-81,서울 동작구 동작대로27가길 44,37.4856559977397,126.980814622483
1006269515,24시만화방,comic_cafe,서울 구로구 구로동 1124-42,서울 구로구 디지털로32나길 38,37.4845755719108,126.901189052457
723152843,벌툰 몽유도원 서울대입구역점,comic_cafe,서울 관악구 봉천동 856-1,서울 관악구 관악로 168,37.48030518786515,126.95290488616565
2128298416,벌툰 신림점,comic_cafe,서울 관악구 신림동 1421-29,서울 관악구 신림로 344,37.4851511607085,126.92997520429
1150514383,벌툰 몽유도원 봉천현대시장점,comic_cafe,서울 관악구 봉천동 463-4,서울 관악구 양녕로 46,37.48615844834755,126.94723872949305
1101338749,놀숲 신림역점,comic_cafe,서울 관악구 신림동 1638-19,서울 관악구 신림로 321,37.482974026396036,126.92947410167815
1027332687,카툰플러스 사당역점,comic_cafe,서울 관악구 남현동 1061-17,서울 관악구 과천대로 941,37.4746745990979,126.981445995936
803639544,통툰 서울대입구역점,comic_cafe,서울 관악구 봉천동 853-2,서울 관악구 관악로16길 13,37.48041623013267,126.95345541911679
1505856614,도시만화,comic_cafe,서울 관악구 신림동 1536-8,서울 관악구 대학6길 27,37.4690031349132,126.936097977095
780892859,툰슐랭 신림역점,comic_cafe,서울 관악구 신림동 1433-55,서울 관악구 신림로65길 27,37.484818452219,126.928081647401
1731036519,토라비,comic_cafe,서울 관악구 봉천동 931-8,서울 관악구 남부순환로 1715,37.4830361517612,126.940890118317
912604005,놀숲 숭실대점,comic_cafe,서울 동작구 상도동 501-5,서울 동작구 상도로 379,37.4952789436214,126.954972810485
1659552161,벌툰 몽유도원 사당역점,comic_cafe,서울 서초구 방배동 445-4,서울 서초구 방배천로 5-1,37.4770128767065,126.982475348661
182737403,벌툰 파리지앵 이수역점,comic_cafe,서울 동작구 사당동 139-1,서울 동작구 동작대로27가길 6,37.4873021630301,126.980958931718
27390944,만화카페쉼표,comic_cafe,서울 동작구 사당동 144-18,서울 동작구 사당로 295,37.48506124401065,126.98027883652486
358339557,놀숲 노량진점,comic_cafe,서울 동작구 노량진동 148-89,서울 동작구 노량진로 176,37.5134545379465,126.945499118523
671701240,잼툰,comic_cafe,서울 동작구 노량진동 119-143,서울 동작구 만양로 98,37.51207100447271,126.94444256645251
142247157,벌툰 파리지앵 광명하안점,comic_cafe,경기 광명시 하안동 35-5,경기 광명시 하안로287번길 17,37.4608509930761,126.878831181514
899761938,놀숲 광명소하점,comic_cafe,경기 광명시 소하동 1341,경기 광명시 소하로 78,37.4479170300247,126.883381530299
678897695,놀숲 이태원점,comic_cafe,서울 용산구 이태원동 64-15,서울 용산구 이태원로20길 2-10,37.53402047561991,126.99151442707745
1368284339,벌툰 철산직영점,comic_cafe,경기 광명시 철산동 406,경기 광명시 오리로856번길 13,37.4753765536625,126.868233940351
1260273250,놀숲 숙대입구점,comic_cafe,서울 용산구 청파동2가 71-88,서울 용산구 청파로47길 52,37.5449364406219,126.967541912475
21130425,형제만화,comic_cafe,서울 금천구 시흥동 860-31,서울 금천구 독산로 143,37.4600349813257,126.904747868695
2067260538,벌툰 파리지앵 마포점,comic_cafe,서울 마포구 도화동 36,서울 마포구 마포대로 52,37.5403387108473,126.947663360932
1750005234,문화카페산장,comic_cafe,서울 용산구 갈월동 93-25,서울 용산구 한강대로81길 22,37.5425723412596,126.971510112785
800330743,놀숲 한양대점,comic_cafe,서울 성동구 행당동 19-98,서울 성동구 마조로 11,37.5589786496565,127.040690005258
1597762535,놀숲 사가정역점,comic_cafe,서울 중랑구 면목동 459-1,서울 중랑구 면목로48길 8,37.582147245236,127.089117337019
27456228,놀숲 서일대점,comic_cafe,서울 중랑구 면목동 50-49,서울 중랑구 용마산로 391,37.5866908030677,127.095082686288
830397383,벌툰 몽유도원 광명사거리점,comic_cafe,경기 광명시 광명동 158-520,경기 광명시 광명로 890,37.478359479385816,126.85415990052707
13066207,스카이 만화카페,comic_cafe,경기 광명시 광명동 158-848,경기 광명시 오리로 993,37.4796560979008,126.852761103728
1968025678,책사랑,comic_cafe,경기 광명시 광명동 158-75,경기 광명시 광명로 912-1,37.4801931324921,126.854973758296
1089956250,벌툰 부천옥길점,comic_cafe,경기 부천시 소사구 옥길동 745-1,경기 부천시 소사구 옥길로 116,37.466697753186914,126.82257111129354
1568082785,만화카페 벌툰 본사,comic_cafe,서울 구로구 구로동 191-7,서울 구로구 디지털로33길 11,37.4857167654517,126.895507011083
863814847,마녀의만화소굴 신정네거리역점,comic_cafe,서울 양천구 신정동 1031-9,서울 양천구 중앙로 262,37.5198417460948,126.853410665917
383113914,까페마음,comic_cafe,서울 영등포구 영등포동 618-158,서울 영등포구 영신로20길 12-3,37.5152305887579,126.909166067655
1440664454,커피랑도서관 목동파리공원점,comic_cafe,서울 양천구 목동 908-29,서울 양천구 목동서로 37,37.5374681924941,126.881671745505
1096174735,24시만화카페,comic_cafe,경기 의정부시 의정부동 198-7,경기 의정부시 평화로542번길 7,37.7404546169297,127.048032066997
1153620351,벌툰 몽유도원 별내점,comic_cafe,경기 남양주시 별내동 1006-2,경기 남양주시 별내중앙로 26,37.6456946170002,127.125955531515
898483166,벌툰 파리지앵 구리갈매점,comic_cafe,경기 구리시 갈매동 605-2,경기 구리시 산마루로 19,37.6317388892821,127.116687600652
1803420867,놀숲 의정부역점,comic_cafe,경기 의정부시 의정부동 178-8,경기 의정부시 시민로121번길 28,37.73961977976832,127.04933850784121
841748898,벌툰 파리지앵 의정부본점,comic_cafe,경기 의정부시 의정부동 179-7,경기 의정부시 행복로 16,37.7401379449734,127.049080176774
4984961,콩툰 의정부점,comic_cafe,경기 의정부시 의정부동 158-11,경기 의정부시 시민로121번길 52,37.7405340110815,127.049938154618
662928254,홈즈앤루팡 의정부점,comic_cafe,경기 의정부시 의정부동 179-17,경기 의정부시 행복로 12,37.7398100921361,127.048839439026
122230345,고바우만화,comic_cafe,서울 성동구 도선동 253-4,서울 성동구 왕십리로24길 5,37.5630010899661,127.033732460839
1037362135,툰슐랭만화카페 충무아트센터점,comic_cafe,서울 중구 흥인동 131,서울 중구 퇴계로 387,37.565941329222,127.014790437042
1412510125,툰슐랭,comic_cafe,서울 중구 흥인동 131,서울 중구 퇴계로 387,37.5660683348798,127.015065512454
1134485748,콩툰 동대문APM점,comic_cafe,서울 중구 을지로6가 18-35,서울 중구 장충단로 253,37.56748718729572,127.00807848249856
1105830377,만화방,comic_cafe,서울 성동구 금호동1가 1805,서울 성동구 금호로 56,37.5484240001152,127.026018376816
1313645323,놀숲 충무로동국대점,comic_cafe,서울 중구 충무로5가 79-1,서울 중구 서애로 6-1,37.5616021422737,126.998189077308
1797985577,놀숲 종로관철점,comic_cafe,서울 종로구 관철동 7-5,서울 종로구 삼일대로17길 8,37.56924729467428,126.98701096148542
1654396478,벌툰 인더스트리얼 종각점,comic_cafe,서울 종로구 관철동 6-5,서울 종로구 종로14길 9,37.56965274898378,126.98706862044833
902871781,벌툰 몽유도원명동점,comic_cafe,서울 중구 남산동1가 1-2,서울 중구 퇴계로 120,37.5605722740322,126.985071411592
1494015681,무림만화카페,comic_cafe,서울 종로구 관철동 13-1,서울 종로구 삼일대로19길 15,37.5694472833151,126.986720016795
26641192,만화cafe,comic_cafe,서울 관악구 남현동 1061-21,서울 관악구 과천대로 943,37.4748304709831,126.981427869134
1044477534,원플레이 신림점,comic_cafe,서울 관악구 신림동 1640-13,서울 관악구 신림로 329,37.483673186987254,126.92943726370251
1304382982,놀숲 이대점,comic_cafe,서울 서대문구 대현동 37-1,서울 서대문구 이화여대길 75,37.55904009164794,126.94428774156411
1808230635,벌툰 몽유도원 이대점,comic_cafe,서울 서대문구 대현동 56-2,서울 서대문구 이화여대길 59,37.5590557839791,126.94508903580379
254637657,놀숲 연신내로데오점,comic_cafe,서울 은평구 갈현동 398-11,서울 은평구 연서로29길 6,37.618794972811756,126.9195787967859
1534420074,별책공간,comic_cafe,서울 은평구 구산동 23-28,서울 은평구 갈현로16길 16-1,37.6079937214998,126.912947012856
1681210767,지하실꼼지락,comic_cafe,서울 은평구 녹번동 193,서울 은평구 은평로 193-2,37.6021290618202,126.928909927888
1043900411,천국만화,comic_cafe,서울 용산구 동자동 43-82,서울 용산구 한강대로 357,37.550226367356,126.971674684584
563327844,벌툰 파리지앵 위례신도시점,comic_cafe,경기 성남시 수정구 창곡동 509-1,경기 성남시 수정구 위례광장로 310,37.47273863946602,127.1424298109639
701492812,놀숲 위례신도시점,comic_cafe,경기 성남시 수정구 창곡동 508,경기 성남시 수정구 위례광장로 322,37.47182350251134,127.14293678628198
582379341,놀숲 위례역점,comic_cafe,경기 성남시 수정구 창곡동 561-2,경기 성남시 수정구 위례광장로 9-10,37.4649200145923,127.14064030191
25908149,초대형24시만화방,comic_cafe,경기 부천시 원미구 심곡동 349-1,경기 부천시 원미구 부천로 49,37.488883797778,126.78343394543
640775853,캣툰 삼송역점,comic_cafe,경기 고양시 덕양구 삼송동 293,경기 고양시 덕양구 삼송로 222,37.65261107721775,126.89892592271046
364022794,놀멘서가 롯데몰 은평점,comic_cafe,서울 은평구 진관동 63,서울 은평구 통일로 1050,37.63718756423387,126.9180611879922
205320302,히어로보드게임카페 홍대2호점,comic_cafe,서울 마포구 동교동 162-3,서울 마포구 홍익로6길 15,37.55534916196303,126.92270270334447
22614688,카페데코믹스 홍대점,comic_cafe,서울 마포구 서교동 358-113,서울 마포구 어울마당로 96,37.5535072477912,126.922283611876
1423394242,카페빈틈m,comic_cafe,서울 마포구 망원동 423-18,서울 마포구 망원로7길 3-6,37.557724133099256,126.90530498069732
211351831,카페앤 신촌점,comic_cafe,서울 서대문구 창천동 18-15,서울 서대문구 연세로4길 4,37.556941694473494,126.93715924086527
344946288,페잇퍼,comic_cafe,서울 서대문구 연희동 121-17,서울 서대문구 연희로15안길 32-7,37.5702240115615,126.930429918725
1493237095,홈즈앤루팡 홍대점,comic_cafe,서울 마포구 서교동 356-3,서울 마포구 홍익로3길 8,37.5541414020202,126.922058874058
1748850413,플레이보드 홍대2호점,comic_cafe,서울 마포구 서교동 366-7,서울 마포구 잔다리로6길 20-9,37.551830338761405,126.92069987140115
17468483,만화생각,comic_cafe,서울 중랑구 망우동 410-1,서울 중랑구 용마산로 494,37.5950008595107,127.100274809675
1147542876,놀숲 구리돌다리점,comic_cafe,경기 구리시 수택동 382-23,경기 구리시 안골로77번길 47,37.599619156119466,127.13948475379048
952715138,벌툰 파리지앵 구리돌다리점,comic_cafe,경기 구리시 인창동 280-4,경기 구리시 경춘로 223,37.6008499965217,127.140171033432
658138306,벌툰 몽유도원 다산역점,comic_cafe,경기 남양주시 다산동 6085-2,경기 남양주시 다산중앙로123번길 21-7,37.622842336131,127.151732420389
1656618517,놀숲 다산신도시점,comic_cafe,경기 남양주시 다산동 6055-3,경기 남양주시 다산중앙로146번길 22,37.62585212782769,127.15481748631564
27070737,만만세,comic_cafe,경기 구리시 수택동 423-17,경기 구리시 검배로 28,37.5987271451922,127.142526947299
95836960,쉼터만화방,comic_cafe,경기 구리시 수택동 482-1,경기 구리시 안골로 102,37.5974475118934,127.14271474435
982612731,짱오락실 강남대로점,arcade,서울 강남구 역삼동 815-4,서울 강남구 강남대로 428,37.50069235524169,127.02666677869284
752911193,짱오락실 강남2호점,arcade,서울 강남구 역삼동 814-5,서울 강남구 강남대로 442,37.50227549853763,127.02632806258097
1200580899,모모스테이션 강남역점,arcade,서울 강남구 역삼동 858,서울 강남구 강남대로 지하 396,37.4981646510326,127.028307900881
380369634,대빵오락실 압구정점,arcade,서울 강남구 신사동 663-28,서울 강남구 선릉로157길 26,37.5263499043502,127.037822547162
1736109581,와와오락실,arcade,서울 강남구 역삼동 816-4,서울 강남구 강남대로96길 5,37.4998209013725,127.027456963325
1660567502,펀시티,arcade,서울 강남구 삼성동 159,서울 강남구 영동대로 513,37.51107489845379,127.06024608297817
1896057009,대빵오락실 신사점,arcade,서울 강남구 신사동 514-4,서울 강남구 강남대로152길 28,37.5176079300656,127.021718308009
1922740975,대빵오락실 강남점,arcade,서울 강남구 역삼동 815-4,서울 강남구 강남대로 428,37.5008662032547,127.026870404183
27025428,GAMZINO보드게임카페 압구정점,arcade,서울 강남구 신사동 657-32,서울 강남구 도산대로51길 40,37.5257145437672,127.038300759609
926616298,수서역 VR콘텐츠체험존,arcade,서울 강남구 수서동 207-1,서울 강남구 밤고개로 99,37.4852959451476,127.104447175851
1676439153,점핑배틀 강남점,arcade,서울 서초구 서초동 1308-7,서울 서초구 서초대로77길 39,37.5011278907649,127.025070084154
1863696880,뿅뿅오락실,arcade,서울 송파구 잠실동 186,서울 송파구 백제고분로7길 46,37.5107326248099,127.083724307456
1116228758,스텝핑 잠실새내점,arcade,서울 송파구 잠실동 180-1,서울 송파구 올림픽로10길 9,37.5108010389192,127.081232661233
2117539600,헌터독 강남점,arcade,서울 서초구 서초동 1304-4,서울 서초구 서초대로77길 48,37.501936096571,127.025053390497
1138088057,코코스타디움,arcade,서울 송파구 잠실동 183-12,서울 송파구 백제고분로7길 41,37.5109741626477,127.083627305962
996479516,짱오락실 롯데월드점,arcade,서울 송파구 잠실동 40-1,서울 송파구 올림픽로 240,37.5113098816924,127.098141525317
285719492,짱오락실 고속버스터미널점,arcade,서울 서초구 반포동 19-3,서울 서초구 신반포로 176,37.50503994355804,127.00409411948242
868494224,점핑배틀 건대점,arcade,서울 광진구 화양동 8-8,서울 광진구 동일로24길 102,37.5422267812993,127.07047983626
1892698098,모모스테이션 잠실광장점,arcade,서울 송파구 신천동 8,서울 송파구 올림픽로 지하 265,37.5138592789624,127.101858280778
822886404,레전드스포츠히어로즈 잠실롯데월드몰점,arcade,서울 송파구 신천동 29,서울 송파구 올림픽로 300,37.51354033489051,127.10391418714764
887648128,모모스테이션 건대직영점,arcade,서울 광진구 화양동 7-34,서울 광진구 동일로22길 92,37.5410193533906,127.06910504016629
1555903796,모모스테이션 성수연무장길점,arcade,서울 성동구 성수동2가 321-7,서울 성동구 연무장길 50,37.5424990741272,127.05483771598
16048999,임팩트게임,arcade,서울 서초구 서초동 1445-3,서울 서초구 효령로 304,37.4847092532286,127.017810245955
743101539,럭키팝 성수점,arcade,서울 성동구 성수동2가 321-1,서울 성동구 연무장길 52,37.5423737441672,127.055033379879
560674663,대빵오락실 방이점,arcade,서울 송파구 방이동 64-5,서울 송파구 오금로11길 16,37.5146258661765,127.10910751634
881876506,펀시티 건대점,arcade,서울 광진구 화양동 9-91,서울 광진구 동일로22길 81,37.54130516763872,127.06876697960458
560542180,펀시티 롯데월드아이스가든점,arcade,서울 송파구 잠실동 40-1,서울 송파구 올림픽로 240,37.5113107911529,127.098131346911
305219100,미션파이브 오락실 성수점,arcade,서울 성동구 성수동2가 320-1,서울 성동구 성수이로 77,37.5419813525144,127.056005075619
1806764667,나니아플스방 건대점,arcade,서울 광진구 자양동 7-2,서울 광진구 동일로20길 109,37.5397622376223,127.069481799707
998064788,짱오락실 강남고속터미널점,arcade,서울 서초구 반포동 19-4,서울 서초구 신반포로 194,37.5064318700918,127.006831199112
443114275,왕오락실 논현역점,arcade,서울 서초구 반포동 705-2,서울 서초구 사평대로55길 149,37.5103876204098,127.019805867481
634423728,뿅뿅오락실 구의점,arcade,서울 광진구 구의동 246-2,서울 광진구 자양로18길 42,37.5378296995849,127.085767474047
2057104790,브릭스펀랜드,arcade,서울 광진구 자양동 227-7,서울 광진구 아차산로 272,37.5386472312259,127.073240671129
2118893318,킹짱오락실,arcade,서울 송파구 문정동 618,서울 송파구 송파대로 111,37.481811044797524,127.1230512230078
649242936,체키 성수,arcade,서울 성동구 성수동2가 301-8,서울 성동구 연무장3길 13,37.5449133829159,127.05166089248
431362819,대빵오락실 강남지사점,arcade,서울 서초구 방배동 924-5,서울 서초구 효령로31길 58,37.4836815581584,126.995500012173
1074347058,빙글뱅글 한남점,arcade,서울 용산구 한남동 80-1,서울 용산구 대사관로 78,37.5330871532632,127.006702387678
155542209,캐칭덕 이수점,arcade,서울 동작구 사당동 139-66,서울 동작구 동작대로27길 9,37.48750314789024,126.98133540639797
13049867,트윈푸드시스템,arcade,서울 서초구 양재동 97-4,서울 서초구 양재천로 103-3,37.4766199812047,127.039971506251
20708343,오락실,arcade,서울 송파구 방이동 22-5,서울 송파구 오금로 87,37.5146111908731,127.107424394183
1628607516,뽑아핑 화양사거리점,arcade,서울 광진구 화양동 23-5,서울 광진구 동일로 174,37.5475273472588,127.067413627201
125712919,짱오락실 천호점,arcade,서울 강동구 천호동 454-60,서울 강동구 천호대로157길 19,37.5387944303216,127.127033703433
1906056015,짱오락실 강동이케아점,arcade,서울 강동구 고덕동 353-23,서울 강동구 고덕비즈밸리로 51,37.5662597383212,127.157520415227
7447556,PSR 본점,arcade,서울 강동구 성내동 446-25,서울 강동구 성안로 10,37.5247307811872,127.129457918415
912581790,헌터독 둔촌역점,arcade,서울 강동구 성내동 439-12,서울 강동구 양재대로89가길 29,37.52527915091,127.134598257025
26411606,선광오락실,arcade,서울 강동구 명일동 336-4,서울 강동구 양재대로136길 18,37.54847424134299,127.14471256832098
1400855923,대빵오락실 천호점,arcade,서울 강동구 천호동 453-21,서울 강동구 천호대로157길 18,37.538539971048,127.127384029707
2119673322,대빵오락실 천호2호점,arcade,서울 강동구 천호동 453-22,서울 강동구 천호대로157길 22,37.538648892907,127.127475864792
1997966987,왕오락실 천호점,arcade,서울 강동구 천호동 453-18,서울 강동구 천호대로157길 6,37.5380340025887,127.127018835768
1273816380,게임박스 둔촌지점,arcade,서울 강동구 성내동 439-13,서울 강동구 양재대로 1329,37.5252032036962,127.134828900827
987793067,왕게임장 천호점,arcade,서울 강동구 천호동 453-18,서울 강동구 천호대로157길 6,37.5380440084678,127.126930598097
322100511,점핑배틀 수유점,arcade,서울 강북구 수유동 229-33,서울 강북구 도봉로87길 9,37.6382414005311,127.024960864019
1128674297,비전,arcade,서울 강북구 수유동 2-41,서울 강북구 노해로 11,37.6366056630302,127.02272724597
27514375,컴퓨터대왕게임랜드,arcade,서울 강북구 수유동 172-165,서울 강북구 도봉로97길 21,37.64210047375707,127.02826385363407
334120214,대빵오락실 수유점,arcade,서울 강북구 수유동 191-74,서울 강북구 도봉로87길 8,37.6383530771639,127.025175036475
710839382,대빵오락실 수유2호점,arcade,서울 강북구 수유동 221-25,서울 강북구 도봉로87길 52,37.63914906917555,127.0231109753961
20520128,야구사격장,arcade,서울 강북구 수유동 191-75,서울 강북구 도봉로87길 12,37.6384576145663,127.025066304563
27376327,쿠니팡,arcade,서울 강북구 미아동 681-13,서울 강북구 삼양로24길 47,37.6183516998744,127.022594827641
8280502,로얄경마,arcade,서울 강북구 미아동 55-5,서울 강북구 도봉로8길 35,37.612240797228,127.032093174213
134087366,아이존팝 노원점,arcade,서울 노원구 상계동 716,서울 노원구 노해로 485,37.6548671521396,127.061929341409
2096518367,미미오락실,arcade,서울 도봉구 방학동 698-46,서울 도봉구 도봉로145길 70,37.664719407405,127.038625950606
1319593709,뽑기뽑기,arcade,서울 도봉구 방학동 686-6,서울 도봉구 방학로4길 40,37.6647191403906,127.039432924517
551530092,대빵오락실 노원점,arcade,서울 노원구 상계동 606-14,서울 노원구 노해로81길 6,37.6552873030236,127.063076536358
1765066480,메가오락실 노원점,arcade,서울 노원구 상계동 617-2,서울 노원구 노해로79길 6-20,37.655297490804,127.062556384517
435872693,제일컴퓨터게임장,arcade,서울 노원구 상계동 725-1,서울 노원구 동일로218길 29,37.6540072973122,127.062531504368
1501180191,야사노 광운대점,arcade,서울 노원구 월계동 410-7,서울 노원구 석계로 103,37.622832385575,127.060683913367
592096660,팡팡오락실,arcade,서울 노원구 상계동 332-8,서울 노원구 노해로81길 12-21,37.6557799663013,127.063401063911
160416493,킹짱오락실,arcade,서울 노원구 상계동 593-3,서울 노원구 상계로3길 10,37.6567066304149,127.062549633871
1969498886,짱오락실 성신여대점,arcade,서울 성북구 동선동1가 2-14,서울 성북구 동소문로20나길 15,37.592227457044,127.01751426661
1916913618,대빵오락실,arcade,서울 성북구 돈암동 30-22,서울 성북구 동소문로35길 42,37.6006888794928,127.021662034174
229080112,비트연구소T,arcade,서울 노원구 공릉동 576-25,서울 노원구 동일로 1029,37.62196174560351,127.07383206252003
21402546,우리게임장2,arcade,서울 성북구 삼선동1가 88,서울 성북구 삼선교로10길 14,37.5873774662704,127.009053205919
2063662035,울트라,arcade,서울 성북구 동선동1가 2-1,서울 성북구 동소문로22길 12,37.5924473051176,127.017473555561
967346966,터치런,arcade,서울 동대문구 회기동 45-107,서울 동대문구 회기로 152,37.5910680468794,127.053101325723
1565855475,고고오락실,arcade,서울 중랑구 묵동 174-8,서울 중랑구 공릉로 22,37.6126761358005,127.078074661944
1169525359,대빵오락실 고려대점,arcade,서울 성북구 안암동5가 102-86,서울 성북구 고려대로24길 28,37.5849856636191,127.029223845918
64462772,대빵오락실 대학로점,arcade,서울 종로구 명륜2가 36-1,서울 종로구 대명길 24,37.5834197506378,127.000260396089
675684652,청량오락실,arcade,서울 동대문구 용두동 798,서울 동대문구 고산자로32길 78,37.577494824187006,127.04373175462841
1231115070,스텝핑 대학로점,arcade,서울 종로구 명륜4가 59-3,서울 종로구 대명길 37,37.582899876987,126.999581104857
1469913665,니스코스나이퍼 돈암점,arcade,서울 성북구 동선동1가 3-4,서울 성북구 동소문로20다길 15,37.5918994989725,127.017493808618
1377307822,헌터박스,arcade,서울 성북구 동선동1가 23,서울 성북구 동소문로20길 37-23,37.5913047554798,127.018082453098
2045200286,뽀꼬팡 회기점,arcade,서울 동대문구 휘경동 319-55,서울 동대문구 회기로 194-1,37.58983523384927,127.05749359514677
244399779,무지개오락실 불암산점,arcade,서울 노원구 상계동 1398-3,서울 노원구 덕릉로 825,37.67015984669328,127.0807316307546
899800363,리플레이,arcade,서울 동대문구 휘경동 319-3,서울 동대문구 회기로 190,37.5898219835349,127.056947838655
2025794814,모모스테이션 광장시장점,arcade,서울 종로구 종로5가 395-1,서울 종로구 동호로 403-13,37.5702787396899,127.00140249592
1279282069,러키비키 남양주별내점,arcade,경기 남양주시 별내동 1097-5,경기 남양주시 별내5로5번길 5,37.6499260127493,127.113132982127
1539372570,토이픽,arcade,서울 중랑구 상봉동 101-12,서울 중랑구 망우로 302,37.5962617673863,127.086042848843
545198873,블링블링게임존 망우점,arcade,서울 중랑구 망우동 495,서울 중랑구 용마산로115길 109,37.5978437415626,127.09450577694
1207277196,청소년아지트 오락실,arcade,서울 노원구 중계동 514-3,서울 노원구 노원로 331,37.64549043064937,127.0703087481844
1242612343,짱오락실 화곡유통판매점,arcade,서울 강서구 화곡동 891-9,서울 강서구 국회대로7길 190,37.5290506596696,126.850358409514
776376564,러키비키 마곡점,arcade,서울 강서구 마곡동 760-1,서울 강서구 마곡중앙로 161-11,37.5680144404583,126.826733111896
140661519,짱 화곡유통판매점,arcade,서울 강서구 화곡동 891-9,서울 강서구 국회대로7길 190,37.5290425363536,126.850347112406
1083501717,블링팝,arcade,서울 강서구 내발산동 723,서울 강서구 강서로 261,37.5491850816229,126.83595541998
620342890,보라카이오락실,arcade,서울 강서구 화곡동 342-55,서울 강서구 강서로 34,37.531023668808366,126.84739934656298
1622092011,요요파크노라존,arcade,서울 강서구 마곡동 795-6,서울 강서구 마곡중앙6로 89,37.5601709828509,126.837291765183
1008497125,보라카이오락실,arcade,서울 강서구 화곡동 362-92,서울 강서구 가로공원로76길 95,37.5330867355545,126.839085050445
1337207618,달콤뽑기,arcade,서울 강서구 화곡동 354-62,서울 강서구 가로공원로76길 107,37.5325716992264,126.839331667902
1759846108,캐치팡 오목교점,arcade,서울 양천구 목동 406-298,서울 양천구 오목로 337-4,37.5248549522052,126.875413118088
1161951076,짱오락실 상암메가박스점,arcade,서울 마포구 성산동 515,서울 마포구 월드컵로 240,37.56901105365169,126.89790819140565
1081289191,짱오락실 홍대점,arcade,서울 마포구 서교동 367-38,서울 마포구 어울마당로 69,37.5512756101346,126.921127098815
94692750,러키비키 망원한강공원점,arcade,서울 마포구 망원동 419-3,서울 마포구 망원로 19,37.5563278765217,126.899126280057
1901842937,점핑배틀 홍대점,arcade,서울 마포구 서교동 369-4,서울 마포구 홍익로3길 44,37.5526020758834,126.921422203806
149543463,모모스테이션 문래점,arcade,서울 영등포구 문래동2가 14-50,서울 영등포구 도림로133길 5,37.513726524369,126.89470900259
191388074,러키비키 영등포구청역점,arcade,서울 영등포구 당산동3가 214,서울 영등포구 당산로 136,37.5266877610125,126.897109504411
753640467,모모스테이션 홍대직영점,arcade,서울 마포구 서교동 364-19,서울 마포구 어울마당로 76-1,37.5518346013715,126.921686690695
778944144,모모스테이션 홍대상수점,arcade,서울 마포구 서교동 408-31,서울 마포구 와우산로15길 50,37.5487436288854,126.920863833321
661779973,러키비키 디마크당산역점,arcade,서울 영등포구 당산동6가 331-1,서울 영등포구 양평로 48,37.53449760026993,126.90128727964289
2081803201,액티브모드 홍대1호점,arcade,서울 마포구 서교동 366-24,서울 마포구 잔다리로2길 19,37.55170172592666,126.92104290570003
2047658640,게임토피아,arcade,서울 마포구 서교동 408-22,서울 마포구 어울마당로 46-1,37.5491581871233,126.921011639646
8112822,나노모션테크놀러지,arcade,서울 마포구 상암동 1640,서울 마포구 매봉산로 18,37.5742513430314,126.88999955528
1206668515,펌프아케이드,arcade,서울 마포구 서교동 358-37,서울 마포구 와우산로21길 20,37.5524589475185,126.922987478758
22838982,액션 영등포타임스퀘어점,arcade,서울 영등포구 영등포동4가 442,서울 영등포구 영중로 15,37.517223229795206,126.90302373939969
165864242,지투존 영등포점,arcade,서울 영등포구 영등포동3가 10-39,서울 영등포구 영중로4길 16,37.5172984327773,126.908055027571
1379369251,버블팝 당산디마크점,arcade,서울 영등포구 당산동6가 331-1,서울 영등포구 양평로 48,37.5344705438002,126.901255635655
2059673897,스타게임존,arcade,경기 부천시 오정구 원종동 209-4,경기 부천시 오정구 소사로775번길 53,37.5252886997827,126.801828506884
2138681202,버블팝 당산점,arcade,서울 영등포구 당산동6가 227,서울 영등포구 양평로 36,37.5338211961502,126.902670749648
144226826,프리미엄오락실,arcade,서울 마포구 서교동 407-1,서울 마포구 와우산로 67,37.5505559752108,126.922888719102
2085887479,최강오락실 홍대점,arcade,서울 마포구 서교동 364-18,서울 마포구 어울마당로 76,37.5517390483434,126.921615495009
1123425982,캐칭덕,arcade,서울 마포구 서교동 364-17,서울 마포구 어울마당로 74,37.5515552478825,126.921620214198
1285805429,럭키캐치 망원점,arcade,서울 마포구 망원동 484-5,서울 마포구 월드컵로 103,37.55763644473755,126.90836086069842
90743942,팡팡오락실,arcade,경기 부천시 오정구 원종동 227-1,경기 부천시 오정구 소사로 759,37.5239659843658,126.80450403261
1856127219,R5게임즈,arcade,서울 마포구 서교동 407-21,서울 마포구 어울마당로 60,37.5504063361844,126.921410929101
1302851721,레몬점핑랄라,arcade,서울 마포구 서교동 366-7,서울 마포구 잔다리로6길 20-9,37.5519023919333,126.92066018627
205929068,레미오,arcade,서울 마포구 서교동 403-3,서울 마포구 어울마당로 51-1,37.5498355857707,126.920784595116
1649030992,점핑배틀 신촌점,arcade,서울 서대문구 창천동 57-3,서울 서대문구 연세로5가길 8-3,37.5574457214794,126.936168524418
1980416290,퍼니앤조이 신도림테크노마트점,arcade,서울 구로구 구로동 3-25,서울 구로구 새말로 97,37.50717678897075,126.89037740927625
472262582,지구오락실,arcade,서울 서대문구 남가좌동 385,서울 서대문구 가재울미래로 2,37.5750066343636,126.915463438955
2042580328,앨리스인원더랜드,arcade,서울 영등포구 영등포동3가 20,서울 영등포구 영중로4길 9,37.5173014390587,126.907290361837
1960886327,청룡,arcade,서울 영등포구 영등포동4가 67-1,서울 영등포구 영등포로 210,37.5196517750583,126.904549968528
12646599,천소네,arcade,서울 마포구 서교동 370-28,서울 마포구 홍익로5길 65,37.5526043453005,126.919441743373
2081916628,캐칭덕 영등포점,arcade,서울 영등포구 영등포동3가 21,서울 영등포구 영중로4길 13-1,37.517568556250126,126.90782733280432
1189134507,레인보우캐슬,arcade,서울 마포구 연남동 258-16,서울 마포구 동교로 241,37.5614507647795,126.924171166931
2091669251,블링팝,arcade,서울 구로구 개봉동 407-19,서울 구로구 개봉로20길 84,37.49324712934539,126.85885993580497
1038790871,RC어드벤처파크,arcade,서울 영등포구 도림동 32-11,서울 영등포구 신길로 215,37.5113612232071,126.909747601223
817965373,짱오락실 신림점,arcade,서울 관악구 신림동 1640-39,서울 관악구 신림로59길 12,37.4831936266545,126.929063471991
4906645,짱오락실 서울대입구점,arcade,서울 관악구 봉천동 862-10,서울 관악구 관악로15길 6,37.48040125752647,126.95206365896718
1247209391,토이즈팝 신림역점,arcade,서울 관악구 신림동 1640-8,서울 관악구 남부순환로 1608,37.4839667728464,126.929198419543
1232673214,아지트케이 서울대입구점,arcade,서울 관악구 봉천동 855-1,서울 관악구 관악로14길 14,37.4790799692002,126.953292313719
718634596,찐오락실,arcade,서울 관악구 봉천동 702-102,서울 관악구 보라매로 17,37.4910283902746,126.926926840997
1478353614,에그게임,arcade,서울 관악구 봉천동 862-1,서울 관악구 남부순환로 1820,37.4809635030502,126.952102871111
1732995740,캐치빌리지 서울대입구역점,arcade,서울 관악구 봉천동 856-5,서울 관악구 관악로 164,37.479739342564,126.952875845929
1073261904,러키비키 사당역점,arcade,서울 동작구 사당동 1032-1,서울 동작구 동작대로7길 19,37.4796678664526,126.98064882626
1390528778,레미오 사당점,arcade,서울 동작구 사당동 1032-45,서울 동작구 동작대로7길 49,37.4786071930731,126.979547920957
680203208,깨비깨비인형뽑기,arcade,서울 동작구 사당동 1031-37,서울 동작구 동작대로7길 5,37.4799121476667,126.981318074556
1526369066,럭키캐치 중앙대점,arcade,서울 동작구 흑석동 181-13,서울 동작구 흑석로 109-2,37.5084376443531,126.961214943178
645198666,어뮤즈타운,arcade,서울 동작구 노량진동 117-20,서울 동작구 만양로14가길 26,37.5127650151901,126.94494991082783
887606062,타이코 랩스,arcade,서울 동작구 노량진동 148-87,서울 동작구 노량진로 174,37.513502202253655,126.94530679690098
833936742,3D플스방,arcade,서울 동작구 노량진동 126-15,서울 동작구 만양로18길 10,37.5131010125014,126.94478452436
643259683,어뮤즈타운 라이트,arcade,서울 동작구 노량진동 117-24,서울 동작구 만양로 104,37.512820649739,126.944463501484
966235661,짱오락실 용산아이파크몰점,arcade,서울 용산구 한강로3가 40-999,서울 용산구 한강대로23길 55,37.529086947082675,126.96443082181432
22882469,게임랜드,arcade,서울 금천구 독산동 291-5,서울 금천구 시흥대로 399,37.4694065990068,126.897451457329
1070683827,마피아 구로디지털단지점,arcade,서울 구로구 구로동 1124-23,서울 구로구 디지털로32길 87,37.4832637003436,126.900113276899
1787493966,블링팝 시흥현대시장점,arcade,서울 금천구 시흥동 803-20,서울 금천구 독산로 134,37.4592758342418,126.905252937482
2126758073,러키비키 광명하안점,arcade,경기 광명시 하안동 37,경기 광명시 하안로287번길 22,37.4613790034999,126.878848414527
27435309,PC게임천국,arcade,서울 금천구 가산동 142-9,서울 금천구 남부순환로108길 20,37.4781128770534,126.892189213923
1750843633,블링팝,arcade,서울 금천구 독산동 286-7,서울 금천구 시흥대로122길 9,37.4695438208635,126.898807793999
1871975114,금홍테이블게임장,arcade,서울 구로구 구로동 116-13,서울 구로구 구로중앙로14길 33,37.493853613115,126.8923305583
1887987737,제이앤케이인터랙티브,arcade,서울 용산구 한강로3가 40-604,서울 용산구 한강대로 45,37.5253646463034,126.963571685898
1790380167,하오기판오락실,arcade,서울 구로구 구로동 127-28,서울 구로구 구로중앙로8길 28,37.4924002876784,126.893322077999
371385409,러키비키 광명소하점,arcade,경기 광명시 소하동 1341-1,경기 광명시 소하로 82,37.4476385904704,126.883354839944
1328092654,V버스터즈,arcade,서울 용산구 한강로3가 40-999,서울 용산구 한강대로23길 55,37.5295391237021,126.964014273251
1250335634,지파크,arcade,서울 광진구 중곡동 163-4,서울 광진구 능동로 365,37.562080122836235,127.08188138537508
1093813941,와와오락시,arcade,서울 광진구 중곡동 115-4,서울 광진구 천호대로 647,37.5532801922154,127.089194990569
157060499,뽑기고 답십리점,arcade,서울 동대문구 답십리동 493-1,서울 동대문구 천호대로 301,37.5661378911288,127.054316257883
22891704,한양게임센타,arcade,서울 성동구 행당동 19-100,서울 성동구 마조로 9,37.5587192046116,127.040567631609
2045834054,왕오락실 왕십리점,arcade,서울 성동구 행당동 298-86,서울 성동구 행당로17길 27,37.5606047605933,127.032587118978
617026002,깡오락실 철산점,arcade,경기 광명시 철산동 402,경기 광명시 오리로856번길 21,37.4756135012343,126.869028285448
1582561717,대빵오락실 광명철산점,arcade,경기 광명시 철산동 408,경기 광명시 오리로856번길 14,37.4750758854314,126.868475268924
470649236,타켓헌터,arcade,서울 금천구 가산동 371-28,서울 금천구 가산디지털1로 168,37.4810296762833,126.882059283093
1123593674,팡팡게임랜드,arcade,경기 광명시 하안동 37,경기 광명시 하안로287번길 22,37.4612996902893,126.878824805928
1218168177,보라카이오락실,arcade,경기 부천시 소사구 옥길동 745-1,경기 부천시 소사구 옥길로 116,37.4670069478519,126.822669855556
210266221,비티아일랜드 부천,arcade,경기 부천시 소사구 옥길동 745-1,경기 부천시 소사구 옥길로 116,37.4668987218445,126.822600026635
353249372,지투존오락실,arcade,서울 양천구 신정동 323-9,서울 양천구 목동서로 377,37.51602010648627,126.86275341522301
679335062,오락실,arcade,서울 금천구 가산동 670-2,서울 금천구 가산디지털1로 19,37.467641434483,126.886516040103
791062944,사격팡 구로디지털단지점,arcade,서울 구로구 구로동 1124-57,서울 구로구 디지털로32나길 17,37.4839278907347,126.900287643959
2061554665,고고오락실,arcade,경기 광명시 소하동 1341,경기 광명시 소하로 78,37.4480385896978,126.883303363812
131295535,왕오락실 회룡점,arcade,경기 의정부시 호원동 312-2,경기 의정부시 외미로 92-12,37.7236452089106,127.045769648907
490220605,짱오락실 의정부점,arcade,경기 의정부시 의정부동 196-1,경기 의정부시 호국로1298번길 72,37.7403040610282,127.048262281726
1871035228,신곡뽑기방,arcade,경기 의정부시 신곡동 334-2,경기 의정부시 동일로 460,37.7294799472113,127.059754433156
1318888862,모모스테이션 의정부로데오점,arcade,경기 의정부시 의정부동 193-3,경기 의정부시 행복로 19,37.7405993734107,127.048761673885
84894250,버튼플레이,arcade,경기 의정부시 의정부동 131-1,경기 의정부시 시민로 134,37.7378400949953,127.049979456152
502437385,대빵오락실 의정부점,arcade,경기 의정부시 의정부동 176-8,경기 의정부시 태평로73번길 46,37.7391072646299,127.049011424875
950273565,죠코게임플러스,arcade,경기 의정부시 의정부동 198-13,경기 의정부시 평화로542번길 11,37.740606846448,127.048116121805
1723718685,베틀존사격,arcade,경기 의정부시 의정부동 503-1,경기 의정부시 신흥로 227,37.7364480903451,127.043153470132
2117827018,베틀게임장,arcade,경기 의정부시 의정부동 503-1,경기 의정부시 신흥로 227,37.7364715508152,127.043057052655
805817782,슈퍼디팡 의정부점,arcade,경기 의정부시 의정부동 147-13,경기 의정부시 태평로 69,37.7386755406146,127.05149913615851
161500636,신데렐라가훔쳐간인형,arcade,경기 의정부시 의정부동 174-3,경기 의정부시 시민로131번길 15,37.73873216113,127.049728192906
1217384064,롤러팡팡배틀존 의정부점,arcade,경기 의정부시 의정부동 172-2,경기 의정부시 태평로63번길 29,37.7383221419528,127.049912844039
1277975241,잼나오락실,arcade,경기 의정부시 의정부동 180-9,경기 의정부시 행복로 24,37.740676567465,127.049456067656
1215699277,하나은행365 대빵오락실,arcade,경기 의정부시 의정부동 176-8,경기 의정부시 태평로73번길 46,37.7391415099484,127.048991026018
49458845,짱오락실 광장시장점,arcade,서울 종로구 예지동 2-1,서울 종로구 창경궁로 88,37.5701192716649,126.999798511912
351112778,도깨비오락실,arcade,서울 중구 신당동 48-1,서울 중구 다산로36길 53,37.5615296284134,127.01784775758
1868483482,모모스테이션 을지로3가점,arcade,서울 중구 초동 106-27,서울 중구 충무로5길 17,37.565196840465,126.991704443674
1468336152,모모스테이션 익선동점,arcade,서울 종로구 낙원동 110,서울 종로구 돈화문로11길 38,37.5726740107012,126.989315106586
79922860,짱오락실 종로점,arcade,서울 종로구 관철동 6-7,서울 종로구 종로14길 5,37.569807716723,126.987036899033
1523185188,콤콤오락실 새서울,arcade,서울 종로구 낙원동 122,서울 종로구 돈화문로11길 28-5,37.5728182146118,126.989821088373
336487713,와쿠와쿠 종각점,arcade,서울 종로구 관철동 18-1,서울 종로구 종로12길 10,37.5696724038334,126.985624250405
1592987436,제일게임랜드,arcade,서울 종로구 낙원동 207,서울 종로구 수표로 111,37.5711954606846,126.989128542462
1544418305,대빵게임장 명동밀리오레점,arcade,서울 중구 충무로1가 24-1,서울 중구 퇴계로 115,37.56104972942152,126.98450540716989
932961701,지지게임존 을지로점,arcade,서울 중구 을지로3가 334-1,서울 중구 을지로 116,37.566086953863,126.990752421667
2096035507,익선슈팅클럽,arcade,서울 종로구 익선동 166-72,서울 종로구 수표로28길 17-26,37.573480426147725,126.98959459695888
186397113,GG게임존 종로2가직영점,arcade,서울 종로구 종로2가 71-6,서울 종로구 종로 86,37.5699482680186,126.987000652179
699258279,캐칭덕오락실,arcade,서울 용산구 청파동2가 63-5,서울 용산구 청파로47길 66,37.5450677718321,126.966770120285
662107029,오락실내포차,arcade,서울 영등포구 여의도동 43,서울 영등포구 국제금융로 70,37.5214945305972,126.93067767759
910090510,지플렉스,arcade,서울 서대문구 창천동 31-32,서울 서대문구 명물길 17,37.5578663195831,126.937539870869
1894593526,와다다오락실,arcade,서울 서대문구 창천동 5-50,서울 서대문구 명물길 40,37.5583499638851,126.938896468169
1700635186,타겟월드,arcade,서울 서대문구 홍은동 402-9,서울 서대문구 거북골로 7,37.5810442520445,126.926303460816
122894623,스포츠게임,arcade,서울 서대문구 창천동 31-40,서울 서대문구 연세로5가길 8-6,37.5575053338062,126.936440097054
832744431,슈팅가이드,arcade,서울 서대문구 창천동 20-25,서울 서대문구 신촌로 129,37.5566387357261,126.940198247891
1126093427,짱구오락실,arcade,서울 은평구 갈현동 398-4,서울 은평구 연서로29길 8-8,37.6189572584466,126.919737199324
27470109,옥인오락실,arcade,서울 종로구 옥인동 156-7,서울 종로구 옥인길 28,37.5809654026706,126.967236455131
1162383775,콤콤오락실,arcade,서울 용산구 이태원동 658,서울 용산구 회나무로 3,37.5385863797859,126.987405510522
562989911,짱오락실,arcade,서울 동대문구 장안동 341-2,서울 동대문구 장한로24길 30-2,37.5703042435519,127.072492871785
1795135591,엔조이,arcade,서울 은평구 진관동 69-1,서울 은평구 진관3로 22,37.63897688590651,126.91931911796566
1427703640,놀랜드 은평점,arcade,서울 은평구 진관동 63,서울 은평구 통일로 1050,37.6378225310041,126.917734191983
1155014998,펀시티 스타필드 고양점,arcade,경기 고양시 덕양구 동산동 370,경기 고양시 덕양구 고양대로 1955,37.646590365155014,126.89242320546839
1390435577,짱구게임,arcade,경기 고양시 덕양구 지축동 1007-2,경기 고양시 덕양구 지축1로 69,37.6490155186951,126.915278772622
2043516089,모모스테이션 원흥점,arcade,경기 고양시 덕양구 원흥동 630,경기 고양시 덕양구 원흥5로 25,37.6485750119634,126.876556318257
1640082933,짱구게임장 지축점,arcade,경기 고양시 덕양구 지축동 1007-2,경기 고양시 덕양구 지축1로 69,37.648929816225,126.915127027837
412524627,게임이야기,arcade,경기 구리시 수택동 373,경기 구리시 체육관로 170,37.599730044371,127.13634367443
479533257,짱오락실 구리돌다리점,arcade,경기 구리시 수택동 405,경기 구리시 검배로6번길 7,37.600102735167034,127.1412125799745
1904452634,게임랜드,arcade,경기 구리시 수택동 383-21,경기 구리시 체육관로172번길 47,37.5998741636228,127.138697075748
1628394269,돌하우스 구리점,arcade,경기 구리시 수택동 382-23,경기 구리시 안골로77번길 47,37.59971383480302,127.13942151598079
23210682,청소년게임랜드,arcade,경기 구리시 수택동 404-13,경기 구리시 검배로6번길 24,37.600013000132,127.140151344622
672636140,킹오락실,arcade,경기 남양주시 다산동 6086-1,경기 남양주시 다산중앙로123번길 11,37.6236219844011,127.152202969899
2045868272,메가오락실,arcade,경기 남양주시 다산동 6060-4,경기 남양주시 다산중앙로123번길 22-24,37.6245934510106,127.152045228649
1243494178,빵야빵야,arcade,경기 남양주시 다산동 6060-4,경기 남양주시 다산중앙로123번길 22-24,37.6245934510159,127.15204522865
92451967,골프존파크 성수역24시점,screen_golf,서울 성동구 성수동2가 323,서울 성동구 성수이로 66,37.5406189807408,127.056131917133
1431004481,골프존파크 성수 서울숲유한스클24시,screen_golf,서울 성동구 성수동1가 656-54,서울 성동구 성수일로 19,37.5423333333654,127.04856549491
808259165,프렌즈스크린 퀀텀Q 문정역법조타운 24시,screen_golf,서울 송파구 문정동 643-1,서울 송파구 법원로 114,37.485614244360626,127.12126533482075
11474594,골프존파크 논현토너먼트점,screen_golf,서울 강남구 논현동 203,서울 강남구 봉은사로 129-1,37.5060827441217,127.028080168882
1865924716,골프존파크 역삼위너스크린골프점,screen_golf,서울 강남구 역삼동 834-34,서울 강남구 역삼로8길 15,37.493109389859605,127.03404589439099
479084836,골프존파크 논현학동역점,screen_golf,서울 강남구 논현동 211-21,서울 강남구 언주로 641,37.5138854114181,127.034954558813
1083203552,골프존파크 역삼토너먼트점,screen_golf,서울 강남구 역삼동 831-45,서울 강남구 역삼로 109,37.493516587390204,127.03098161555435
2091499195,골프존파크 역삼강남역점,screen_golf,서울 강남구 역삼동 648,서울 강남구 테헤란로7길 12,37.5000272703537,127.03094585486
1697575297,골프존파크 압구정아지트점,screen_golf,서울 강남구 신사동 588-27,서울 강남구 도산대로37길 5,37.52124490244218,127.03140823365571
1638045796,골프존파크 논현플레이그라운드점,screen_golf,서울 강남구 논현동 51-3,서울 강남구 학동로 105,37.51166301366438,127.02221765028662
2084806807,골프존파크 대치선릉역점,screen_golf,서울 강남구 대치동 890-54,서울 강남구 테헤란로64길 13,37.5041827445532,127.051499360974
745962208,골프존파크 삼성청담역점,screen_golf,서울 강남구 삼성동 78-3,서울 강남구 영동대로 644,37.5193093796456,127.058029919563
1243917653,골프존파크 도곡콘제닉스점,screen_golf,서울 강남구 도곡동 957-11,서울 강남구 남부순환로 2615,37.4851115055346,127.035869430211
231539136,골프존파크 역삼역점,screen_golf,서울 강남구 역삼동 725-24,서울 강남구 논현로86길 32,37.5003308683391,127.040074614209
625863803,골프존파크 대치삼성역점,screen_golf,서울 강남구 대치동 1001,서울 강남구 영동대로 424,37.507454233165,127.064472013825
10827407,골프존파크 청담ONE점,screen_golf,서울 강남구 청담동 49-5,서울 강남구 도산대로 510,37.52397711109494,127.04887939575673
517712390,골프존파크 역삼맥스스크린점,screen_golf,서울 강남구 역삼동 761-18,서울 강남구 언주로 314,37.4959549671933,127.046657128796
1347526920,골프존파크 청담CC점,screen_golf,서울 강남구 청담동 68-19,서울 강남구 영동대로 721,37.52210103941442,127.05541894132499
1274440412,골프존파크 역삼테헤란골프점,screen_golf,서울 강남구 역삼동 702-23,서울 강남구 테헤란로 323,37.5041307648968,127.046482393763
598707454,골프존파크 삼성터치점,screen_golf,서울 강남구 삼성동 9-22,서울 강남구 선릉로 642,37.5138909279852,127.042828188253
2060397942,골프존파크 역삼오렌지9점,screen_golf,서울 강남구 역삼동 652-10,서울 강남구 언주로107길 26,37.507615590374,127.037029302399
69168113,골프존파크 역삼애니골프점,screen_golf,서울 강남구 역삼동 828-7,서울 강남구 테헤란로8길 37,37.49663009837386,127.03235687884569
769764159,골프존파크 역삼지앤에프점,screen_golf,서울 강남구 역삼동 727-8,서울 강남구 논현로 416,37.49745618562161,127.0387918161233
838691931,골프존파크 압구정피팝스크린점,screen_golf,서울 강남구 신사동 635-8,서울 강남구 언주로170길 8,37.52691409928013,127.0343237139108
1353362033,골프존파크 압구정스타스크린점,screen_golf,서울 강남구 신사동 665-1,서울 강남구 선릉로 823,37.52563581411173,127.03934263101712
1709198352,골프존파크 압구정OK스크린점,screen_golf,서울 강남구 신사동 666-10,서울 강남구 선릉로 803,37.5239267334867,127.038978599961
199390683,골프존파크 대치비스포레스크린점,screen_golf,서울 강남구 대치동 962-21,서울 강남구 삼성로 334,37.50150639857451,127.05990477305095
8410466,골프존파크 역삼디브이점,screen_golf,서울 강남구 역삼동 824-13,서울 강남구 테헤란로4길 13,37.49759658805451,127.03004468730299
2060434197,골프존파크 신사압구정역점,screen_golf,서울 강남구 신사동 585,서울 강남구 논현로 833,37.52282974717843,127.02789526447768
1807414515,골프존파크 삼성스카이점,screen_golf,서울 강남구 삼성동 69-14,서울 강남구 삼성로 622,37.51522321672547,127.05249328831079
1745705340,골프존파크 개포나인스크린점,screen_golf,서울 강남구 개포동 1239-17,서울 강남구 논현로 98,37.4785824634647,127.044763921156
1722980449,골프존파크 대치골프72점,screen_golf,서울 강남구 대치동 947-2,서울 강남구 테헤란로98길 23,37.5069486136964,127.063091757958
239877969,골프존파크 신사가로수길점,screen_golf,서울 강남구 신사동 540,서울 강남구 도산대로15길 18,37.51949417703608,127.02406041868748
343327013,골프존파크 대치윈스크린점,screen_golf,서울 강남구 대치동 507,서울 강남구 남부순환로 2936,37.4933575646121,127.061908819162
829559702,골프존파크 개포동역점,screen_golf,서울 강남구 개포동 186-13,서울 강남구 개포로 504,37.4890559743213,127.067188044305
2107930027,골프존파크 수서엣지스크린점,screen_golf,서울 강남구 수서동 717-6,서울 강남구 광평로51길 6-15,37.488603508960054,127.10356642403087
142921942,골프존파크 대치한티역점,screen_golf,서울 강남구 대치동 938,서울 강남구 도곡로 405,37.4974382061761,127.054638512714
1777197218,골프존파크 논현시그니처,screen_golf,서울 강남구 논현동 221-13,서울 강남구 논현로 628,37.5097962923325,127.033081905238
1113839011,골프존파크 논현PLK점,screen_golf,서울 강남구 논현동 130-9,서울 강남구 논현로 661,37.5128693311064,127.03081203221
1525378535,골프존파크 삼성에스원점,screen_golf,서울 강남구 삼성동 49-9,서울 강남구 봉은사로 465,37.5124490754827,127.050308353428
27207228,골프존파크 논현OK스크린점,screen_golf,서울 강남구 논현동 59-9,서울 강남구 논현로150길 7,37.51918222664249,127.02897871357787
366849475,골프존파크 도곡초이스골프점,screen_golf,서울 강남구 도곡동 467-7,서울 강남구 언주로30길 21,37.4888275918204,127.051953546747
2047881080,골프존파크 삼성강남스크린2호점,screen_golf,서울 강남구 삼성동 127-13,서울 강남구 삼성로 547,37.51044973636936,127.05439803286157
397855406,골프존파크 역삼모비딕점,screen_golf,서울 강남구 역삼동 707-2,서울 강남구 테헤란로 312,37.5029609180392,127.045038588078
899314948,골프존파크 청담꼬모스크린점,screen_golf,서울 강남구 청담동 116-3,서울 강남구 도산대로81길 28,37.526344650463855,127.04739102667963
2105725895,GDR아카데미 청담점,screen_golf,서울 강남구 청담동 71-25,서울 강남구 학동로97길 20,37.5211955054641,127.055474832358
408477174,골프존파크 논현도산대로점,screen_golf,서울 강남구 논현동 91-4,서울 강남구 도산대로 308,37.5215105330684,127.035190015959
736283519,GDR아카데미 키움골프 역삼점,screen_golf,서울 강남구 역삼동 755,서울 강남구 역삼로 310,37.4992357231722,127.048419957286
138596122,골프존파크 강일24시한강스크린점,screen_golf,서울 강동구 강일동 143-1,서울 강동구 가래여울길 23,37.5767359086627,127.167759272903
195688869,골프존파크 둔촌더킹스크린24시점,screen_golf,서울 강동구 둔촌동 436-4,서울 강동구 양재대로 1422,37.5328298759056,127.138745362049
1838965649,골프존파크 감북하나24시점,screen_golf,경기 하남시 감북동 354-1,경기 하남시 감초로 47-30,37.519528353974,127.159004660487
1218301686,골프존파크 상일하이퍼,screen_golf,서울 강동구 상일동 445,서울 강동구 천호대로 1443,37.5453287498076,127.168565841581
1081295431,골프존파크 천호역점,screen_golf,서울 강동구 천호동 414,서울 강동구 올림픽로70길 61,37.5394152592768,127.126996285999
1402874536,골프존파크 둔촌DK골프점,screen_golf,서울 강동구 둔촌동 75-6,서울 강동구 진황도로 190,37.5292679356083,127.142987500452
148344857,골프존파크 강일프리모점,screen_golf,서울 강동구 강일동 679-2,서울 강동구 아리수로 421,37.5646336479706,127.174055894937
397210306,골프존파크 고덕아주점,screen_golf,서울 강동구 고덕동 353-5,서울 강동구 고덕비즈밸리로6길 10,37.5679106184096,127.158673923406
296985339,골프존파크 고덕비즈밸리점,screen_golf,서울 강동구 고덕동 93-2,서울 강동구 고덕비즈밸리로4길 35,37.5676584462511,127.16059425193
62270812,골프존파크 상일오름골프점,screen_golf,서울 강동구 상일동 554-51,서울 강동구 고덕로98길 85,37.55453762339313,127.17971250593865
1602274902,골프존파크 길동성심스크린점,screen_golf,서울 강동구 길동 445-3,서울 강동구 천호대로 1111,37.53538603569783,127.13507351740313
1934419081,골프존파크 성내엠투어스크린점,screen_golf,서울 강동구 성내동 441,서울 강동구 양재대로 1307,37.52316881804809,127.13397001849266
1801826445,골프존파크 암사탑스크린점,screen_golf,서울 강동구 암사동 460,서울 강동구 고덕로 54,37.5545438828512,127.131153860846
669405853,골프존파크 암사2PM점,screen_golf,서울 강동구 암사동 509,서울 강동구 상암로 11,37.5509603568429,127.126435328197
493034514,GDR아카데미 강동길동점,screen_golf,서울 강동구 길동 363-2,서울 강동구 천중로52길 54,37.5384570236407,127.143163451956
1024299940,골프존파크 길동태양스크린점,screen_golf,서울 강동구 길동 363-1,서울 강동구 천중로52길 54,37.5385701003853,127.14279028055348
1570837856,골프존파크 명일스크린점,screen_golf,서울 강동구 명일동 47-18,서울 강동구 동남로 891,37.5533361648917,127.155925805258
1104043709,골프존파크 천호샷스크린점,screen_golf,서울 강동구 천호동 24-5,서울 강동구 양재대로 1621,37.55032893109982,127.14361731681898
789430119,GDR아카데미 강동역점,screen_golf,서울 강동구 천호동 565,서울 강동구 천호대로 1095,37.5359426571893,127.133662486789
1757093716,골프존파크 천호삼성스크린점,screen_golf,서울 강동구 천호동 528-2,서울 강동구 성안로25길 9,37.5380341762066,127.134984382011
1332847146,골프존파크 고덕산장점,screen_golf,서울 강동구 고덕동 592-1,서울 강동구 아리수로 181-20,37.5621331970241,127.147749661345
1938901322,더스윙블랙 천호점,screen_golf,서울 강동구 천호동 414,서울 강동구 올림픽로70길 61,37.5393720174625,127.12699055521071
1830279082,더스윙블랙 강일점,screen_golf,서울 강동구 상일동 502-2,서울 강동구 상일로6길 51,37.5499276087524,127.17586514776
14619351,삼성스크린골프,screen_golf,서울 강동구 천호동 528-2,서울 강동구 성안로25길 9,37.538020656066145,127.13498888351677
1452431989,유로스크린골프,screen_golf,서울 강동구 둔촌동 214,서울 강동구 동남로 515,37.5207339057875,127.144993813592
8606935,OK스크린골프 강동구점,screen_golf,서울 강동구 성내동 396-11,서울 강동구 양재대로97길 16,37.53134880741758,127.13650646861358
16850256,강동휴스크린골프,screen_golf,서울 강동구 성내동 550-4,서울 강동구 성내로 40,37.5289310780439,127.124591398399
1891394261,프렌즈스크린 암사점,screen_golf,서울 강동구 암사동 675,서울 강동구 올림픽로91길 30,37.54914273276103,127.12588341372631
1474033015,제이스크린골프존,screen_golf,서울 강동구 성내동 448-8,서울 강동구 강동대로 199,37.52422344795763,127.12869683436638
722400770,CJ스크린골프 강동,screen_golf,서울 강동구 길동 459-2,서울 강동구 천호대로 1135,37.5346251631399,127.1377841541
2033189954,암사골프아카데미,screen_golf,서울 강동구 암사동 510,서울 강동구 상암로 2,37.5514269013731,127.124049419869
255351651,강동K스크린골프,screen_golf,서울 강동구 천호동 34-2,서울 강동구 상암로 173,37.54629753574,127.141653055725
12793626,우정골프존,screen_golf,서울 강동구 둔촌동 108-6,서울 강동구 풍성로 309,37.5265245564025,127.145796927395
12766108,성내스크린골프,screen_golf,서울 강동구 성내동 590,서울 강동구 풍성로 136,37.5312602707282,127.127029975176
14875384,팡야스크린골프,screen_golf,서울 강동구 천호동 425-5,서울 강동구 올림픽로 664,37.5406728210157,127.124678824388
16057800,강동스크린골프,screen_golf,서울 강동구 암사동 451-18,서울 강동구 고덕로 109,37.554947373886996,127.13762350933061
1114000488,세라젬 웰스클럽 상일점,screen_golf,서울 강동구 상일동 437-3,서울 강동구 천호대로 1473,37.5466901668519,127.171686464829
1710980247,케이탑스크린골프,screen_golf,서울 강동구 성내동 428-6,서울 강동구 양재대로 1349,37.5267351608821,127.135393913532
121642380,KPGA GDR골프장,screen_golf,서울 강동구 명일동 48-1,서울 강동구 동남로73길 31,37.5525974808811,127.154453070052
18535644,강동프린스골프,screen_golf,서울 강동구 성내동 551-1,서울 강동구 성내로6길 11,37.52905574208812,127.12342293768434
284546920,동아스크린골프연습장,screen_golf,서울 강동구 천호동 217-132,서울 강동구 구천면로 278,37.544653827363476,127.13338948781212
8690441,그린파크스크린골프,screen_golf,서울 강동구 명일동 15,서울 강동구 명일로 375,37.55212897474376,127.1495439967467
27218669,화양스크린골프,screen_golf,서울 강동구 성내동 543,서울 강동구 성내로13길 14,37.5286683820245,127.127595769079
11841713,백호스크린골프,screen_golf,서울 강동구 길동 381-11,서울 강동구 천중로40길 50,37.5389101823127,127.137900660752
821210820,SM골프아카데미,screen_golf,서울 강동구 성내동 379-18,서울 강동구 양재대로 1419,37.532976494488,127.137645353873
25826888,다래스크린골프존,screen_golf,서울 강동구 명일동 306-7,서울 강동구 양재대로 1657-11,37.55340432945605,127.14337537551508
1356843305,골프존파크 신설동24시점,screen_golf,서울 동대문구 신설동 98-32,서울 동대문구 왕산로 10,37.5758749083269,127.024882297704
895132625,골프존파크 용두이글스크린24시점,screen_golf,서울 동대문구 용두동 233-22,서울 동대문구 왕산로9길 8,37.57761044317137,127.0279281405876
109335749,골프존파크 하왕십리골프매니아24시점,screen_golf,서울 성동구 하왕십리동 258,서울 성동구 청계천로 484,37.569272833669594,127.03076054366416
15832727,골프존파크 번동에덴골프점,screen_golf,서울 강북구 번동 112,서울 강북구 월계로 195,37.621597640665,127.04554163435597
349786582,골프존파크 번동파스칼스크린점,screen_golf,서울 강북구 번동 443-8,서울 강북구 덕릉로 113,37.6350903302031,127.026453025346
1627499668,골프존파크 송천우리스크린골프점,screen_golf,서울 강북구 미아동 374-13,서울 강북구 솔샘로 327,37.617438631832,127.028457264168
2091371464,골프존파크 수유강북구청사이다점,screen_golf,서울 강북구 수유동 190-6,서울 강북구 한천로 1045,37.640403570355,127.025860073101
737423487,GDR아카데미 강북미아점,screen_golf,서울 강북구 미아동 70-2,서울 강북구 도봉로 62,37.614779336658074,127.03037719484793
1789777337,골프존파크 미아하바나스크린점,screen_golf,서울 강북구 미아동 189-14,서울 강북구 도봉로 260,37.6317147608995,127.024488531928
955559880,우리스크린골프,screen_golf,서울 강북구 미아동 374-13,서울 강북구 솔샘로 327,37.6174395333663,127.028454999166
551196808,골프존스크린419,screen_golf,서울 강북구 수유동 278-3,서울 강북구 삼양로 502,37.647970154606,127.014669578905
496680776,더블유파크골프 마실수유점,screen_golf,서울 강북구 번동 418-17,서울 강북구 도봉로 342,37.638034822079,127.026128902535
15497706,하바나스크린골프,screen_golf,서울 강북구 미아동 189-14,서울 강북구 도봉로 260,37.6317147608995,127.024488531928
9912310,파스칼스크린,screen_golf,서울 강북구 번동 443-8,서울 강북구 덕릉로 113,37.6351020554461,127.026397515416
1958835732,강북종합체육센터 스크린파크골프장,screen_golf,서울 강북구 미아동 811-2,서울 강북구 솔샘로48길 14,37.6194057854262,127.017733588158
363028671,수 파크스크린골프,screen_golf,서울 강북구 수유동 54-5,서울 강북구 도봉로67길 18,37.6307285450579,127.022667679537
1872349628,프렌즈스크린 수유역점,screen_golf,서울 강북구 수유동 229-49,서울 강북구 노해로8길 22,37.6380054957567,127.024225478064
565530177,위너스골프타운,screen_golf,서울 강북구 미아동 52-1,서울 강북구 월계로7나길 4,37.612904372103074,127.03372101089487
995441187,더본골프랩,screen_golf,서울 강북구 번동 449-1,서울 강북구 도봉로 308,37.63570988427652,127.02373983024432
1032758067,24골프스쿨,screen_golf,서울 강북구 미아동 811-9,서울 강북구 삼양로27길 43,37.61850822331047,127.01888192135218
17190367,프린세스골프존,screen_golf,서울 강북구 수유동 340-9,서울 강북구 삼양로 441,37.6429172458166,127.016134763889
806570001,리브QED골프스튜디오,screen_golf,서울 강북구 미아동 703-7,서울 강북구 삼양로 189-1,37.6207739506024,127.020425263232
15458157,라온스크린골프연습장,screen_golf,서울 강북구 미아동 701-3,서울 강북구 솔샘로 233,37.620212006096,127.018789469643
11215563,한일골프스쿨,screen_golf,서울 강북구 수유동 338-6,서울 강북구 삼양로 438,37.6425928228926,127.016628705407
94605780,다온골프&스크린,screen_golf,서울 강북구 수유동 282-1,서울 강북구 삼양로 497,37.6475106866668,127.01439640444
16052685,미아힐사이드,screen_golf,서울 강북구 미아동 1353-5,서울 강북구 솔샘로 184,37.6198812423706,127.012817741563
78861252,GDR골프존아카데미 롯데백화점미아점,screen_golf,서울 강북구 미아동 70-6,서울 강북구 도봉로 62,37.614859522582,127.0303851559
1992504334,레저로스크린파크골프 쌍문점,screen_golf,서울 도봉구 쌍문동 103-226,서울 도봉구 도봉로 443,37.6455960900087,127.032543763403
1358383587,지아오렌지스크린파크골프온파크 쌍문점,screen_golf,서울 도봉구 쌍문동 388-33,서울 도봉구 노해로40길 72,37.6467427941305,127.030084265986
1844410399,제니스골프연습장스크린,screen_golf,서울 도봉구 창동 593-18,서울 도봉구 덕릉로63가길 68,37.6427576583135,127.036742766618
16527474,킹스크린골프연습장 골프존스크린,screen_golf,서울 도봉구 쌍문동 88-1,서울 도봉구 도봉로 511,37.651063203786286,127.03583691232026
15977532,썬스크린골프존,screen_golf,서울 도봉구 창동 568-2,서울 도봉구 덕릉로 264,37.6407454673311,127.04039465211
1637937735,골프존파크 쌍문261점,screen_golf,서울 도봉구 쌍문동 261,서울 도봉구 시루봉로 64,37.6564802033751,127.028109513173
8226990,골프존파크 쌍문고골프누리점,screen_golf,서울 도봉구 쌍문동 653,서울 도봉구 도봉로 575,37.65645462920994,127.0388539880487
583473388,골프존파크 창동탑스크린점,screen_golf,서울 도봉구 창동 331-1,서울 도봉구 노해로65길 17-9,37.652014791104996,127.04581857232648
2056854473,261골프,screen_golf,서울 도봉구 쌍문동 261,서울 도봉구 시루봉로 64,37.6564802044552,127.028104980112
16376972,스카이골프 도봉구점,screen_golf,서울 도봉구 쌍문동 256,서울 도봉구 해등로 255,37.6575109029692,127.028209630476
1826438046,골프존파크 월계동네스크린골프점,screen_golf,서울 노원구 월계동 320-4,서울 노원구 월계로55길 64,37.634020367559,127.05983312105
676477703,골프존파크 방학창스크린점,screen_golf,서울 도봉구 방학동 676-21,서울 도봉구 방학로3길 6,37.6626284742305,127.040583311045
13079683,KJ골프아카데미,screen_golf,서울 도봉구 쌍문동 509-1,서울 도봉구 삼양로 616,37.6580179850702,127.01408451208
12010259,골프존파크 월계JS스크린골프점,screen_golf,서울 노원구 월계동 321-2,서울 노원구 월계로 370,37.631092346047,127.061234411276
23103791,제우스스크린골프,screen_golf,서울 도봉구 방학동 283-2,서울 도봉구 방학로 196,37.66229817519607,127.03039994803336
875592608,비전스크린골프연습장,screen_golf,서울 도봉구 창동 333-1,서울 도봉구 노해로65길 7-12,37.65169491497797,127.04588863373218
318375220,골프존파크 상계노블레스노원역점,screen_golf,서울 노원구 상계동 711-9,서울 노원구 노해로77길 22,37.6551928314844,127.059350344888
1466518009,골프존파크 상계위너스크린점,screen_golf,서울 노원구 상계동 764-1,서울 노원구 동일로 1323,37.6468083960667,127.062620650563
606701622,골프존파크 상계K스크린점,screen_golf,서울 노원구 상계동 749,서울 노원구 동일로 1374,37.6513065466416,127.061781336621
8561643,탑스크린골프 도봉구점,screen_golf,서울 도봉구 창동 331-1,서울 도봉구 노해로65길 17-9,37.6519337576084,127.045676873021
26633392,골프존 언더파스크린,screen_golf,서울 도봉구 방학동 712-6,서울 도봉구 방학로 57-9,37.66250681169903,127.04559834895329
1878133717,24시코리아 프렌즈스크린골프 마곡본점,screen_golf,서울 강서구 마곡동 796-3,서울 강서구 마곡동로 62,37.5605536738971,126.833889845092
1692725459,골프존파크 등촌더힐24시점,screen_golf,서울 강서구 등촌동 727,서울 강서구 양천로 620,37.5541736858603,126.86653469715
917041035,골프존파크 화곡위너스24시점,screen_golf,서울 강서구 화곡동 982-17,서울 강서구 화곡로 274,37.54886540798289,126.84751801436384
7996233,골프존파크 GLG스크린골프,screen_golf,서울 영등포구 양평동4가 2,서울 영등포구 선유동2로 57,37.53422834735051,126.89723378387045
1733891222,골프존파크 양평24시,screen_golf,서울 영등포구 양평동2가 37-2,서울 영등포구 영등포로 21,37.52346899871421,126.88405251438422
1994979672,골프존파크 당산당산역24시점,screen_golf,서울 영등포구 당산동6가 6,서울 영등포구 당산로54길 48,37.5325076352486,126.906131105051
1891624937,골프존파크 합정역24시점,screen_golf,서울 마포구 합정동 473,서울 마포구 월드컵로3길 14,37.55101173653474,126.91235130544861
2115829322,24시DH골프존,screen_golf,서울 양천구 신정동 1320-1,서울 양천구 신정이펜2로 14,37.5124914057001,126.832437787503
1733057350,프렌즈스크린 퀀텀 거리공원점,screen_golf,서울 구로구 구로동 46,서울 구로구 공원로 40,37.501113926389,126.891353203767
1124270076,골프존파크 마곡이너매스점,screen_golf,서울 강서구 마곡동 771-4,서울 강서구 마곡중앙6로 21,37.560820610769085,126.82963363335202
1386628280,골프존파크 마곡펍24시점,screen_golf,서울 강서구 마곡동 728-219,서울 강서구 마곡중앙2로 15,37.5581152812034,126.828638174178
508306086,골프존파크 마곡NX24,screen_golf,서울 강서구 내발산동 689-1,서울 강서구 강서로45길 174,37.5527185374598,126.83066833656878
10848354,골프존파크 마곡휴,screen_golf,서울 강서구 마곡동 738-3,서울 강서구 마곡서로 157,37.56817529372624,126.82461490804289
582092761,골프존파크 마곡스크린24점,screen_golf,서울 강서구 마곡동 744,서울 강서구 공항대로 103,37.561143902639394,126.82040291831869
1682805106,골프존파크 마곡어반24점,screen_golf,서울 강서구 마곡동 798-5,서울 강서구 마곡중앙로 59-21,37.5588043860112,126.824240750823
1724235160,골프존파크 등촌필스크린점,screen_golf,서울 강서구 등촌동 654-60,서울 강서구 공항대로 447,37.5548733713528,126.856968117628
1466457458,골프존파크 화곡크라운점,screen_golf,서울 강서구 화곡동 1070-11,서울 강서구 화곡로 120,37.540062599241494,126.83539834317989
1377936081,골프존파크 마곡모두너스점,screen_golf,서울 강서구 마곡동 779,서울 강서구 마곡동로 166,37.56905507720094,126.83684230513077
780434942,골프존파크 등촌준스크린점,screen_golf,서울 강서구 등촌동 507-1,서울 강서구 등촌로 229,37.550218519954484,126.86356776403252
1988058397,GDR아카데미 강서가양점,screen_golf,서울 강서구 등촌동 639-11,서울 강서구 화곡로 398,37.5584657208194,126.85481539947
1396843925,골프존파크 마곡발산역점,screen_golf,서울 강서구 마곡동 797-1,서울 강서구 공항대로 247,37.55931488713532,126.83523489918139
27577132,골프존파크 등촌캠프골프점,screen_golf,서울 강서구 등촌동 661-10,서울 강서구 공항대로 365,37.5576700383961,126.84828438866
2090787343,골프존파크 공항쇼골프점,screen_golf,서울 강서구 공항동 1373-5,서울 강서구 하늘길 233,37.552109109201176,126.81311167398567
1378682433,골프존파크 공항이스카이점,screen_golf,서울 강서구 공항동 49-1,서울 강서구 공항대로 18-1,37.56121831720189,126.80925318735332
1674326975,골프존파크 화곡우장산역점,screen_golf,서울 강서구 화곡동 1165-1,서울 강서구 강서로 242,37.5473833039816,126.836762811965
1638824375,골프존파크 방화배선우점,screen_golf,서울 강서구 방화동 119,서울 강서구 양천로27길 169,37.5809544772274,126.819494931982
1486412886,골프존파크 화곡강서구청점,screen_golf,서울 강서구 화곡동 1116-3,서울 강서구 화곡로 330,37.55336427580846,126.85119593088069
1064225993,골프존파크 마곡신방화역점,screen_golf,서울 강서구 마곡동 739-3,서울 강서구 마곡중앙5로 81,37.5671498500489,126.818578576781
1183470609,GDR 골프아카데미 강서마곡점,screen_golf,서울 강서구 마곡동 768-2,서울 강서구 마곡서로 101,37.5626705127162,126.823605760478
880720871,골프존파크 화곡윈스크린점,screen_golf,서울 강서구 화곡동 887-16,서울 강서구 국회대로 147,37.5285897017644,126.851352635196
76752991,골프존파크 염창SGA스크린점,screen_golf,서울 강서구 염창동 240-21,서울 강서구 양천로 583,37.5570010219469,126.864171074533
1089685833,골프존파크 내발산마곡스카이점,screen_golf,서울 강서구 내발산동 653,서울 강서구 강서로 360,37.5576991550136,126.838315729887
25609938,골프존파크 염창JKGMG골프점,screen_golf,서울 강서구 염창동 20-85,서울 강서구 양천로65길 41-22,37.5567959852443,126.867688935588
649042458,골프존파크 염창CC점,screen_golf,서울 강서구 염창동 240-21,서울 강서구 양천로 583,37.5570173166522,126.86423781859
1806489288,디벅골프 GDR 아카데미,screen_golf,서울 강서구 마곡동 797-6,서울 강서구 마곡동로 56,37.5599778166513,126.833803974861
1493318270,브라보퍼블릭스크린골프 서울마곡점,screen_golf,서울 강서구 가양동 155-4,서울 강서구 강서로 489,37.56906990762211,126.84110968097714
47868486,골프존파크 공항이스카이2점,screen_golf,서울 강서구 공항동 49-2,서울 강서구 공항대로 18-1,37.5609721909822,126.80915761051
15577682,강서스크린골프존,screen_golf,서울 강서구 내발산동 754-2,서울 강서구 수명로 31,37.5497712147417,126.823182373452
9651679,가양골프클럽,screen_golf,서울 강서구 가양동 1458,서울 강서구 강서로 506,37.57037920723911,126.8418958745904
559701863,마실파크골프,screen_golf,서울 강서구 등촌동 512-15,서울 강서구 등촌로 183,37.54625351519299,126.86226347339984
606858605,지티에스골프타운 가양점,screen_golf,서울 강서구 가양동 1498,서울 강서구 양천로 401,37.56551183758649,126.84791986588912
25491996,염창드림골프존,screen_golf,서울 강서구 염창동 261-13,서울 강서구 공항대로59다길 267,37.5481957480922,126.87664396192
898769069,프렌즈스크린 강서등촌점,screen_golf,서울 강서구 등촌동 664-11,서울 강서구 화곡로61길 109,37.5583010905735,126.846467740954
278353339,프렌즈 스크린 퀀텀 톡스크린,screen_golf,서울 강서구 염창동 262,서울 강서구 공항대로81길 35,37.5487626825148,126.875981023018
1734295529,프렌즈스크린 화곡점,screen_golf,서울 강서구 화곡동 935-2,서울 강서구 곰달래로16길 34,37.5285354543414,126.840170718583
629150145,프렌즈스크린 강서구청점,screen_golf,서울 강서구 화곡동 971-4,서울 강서구 까치산로 101,37.5473982192931,126.848635639726
17156012,강서탑골프존,screen_golf,서울 강서구 염창동 264-18,서울 강서구 공항대로71길 49,37.54928097434287,126.8727979936132
27314714,골프존 그랜드스크린골프,screen_golf,서울 강서구 화곡동 1095-4,서울 강서구 화곡로 341,37.554265180779964,126.85112284157144
842960732,짐맥클린골프스쿨,screen_golf,서울 강서구 외발산동 276-36,서울 강서구 방화대로 96,37.5489585836178,126.817308849192
19639139,대명스크린골프존,screen_golf,서울 강서구 염창동 283-3,서울 강서구 공항대로 653-5,37.5475839891138,126.877527628977
962312245,프렌즈스크린 마곡점,screen_golf,서울 강서구 마곡동 799-5,서울 강서구 마곡중앙로 56,37.55851399571886,126.82710935991334
1958051004,골프존파크 가산디지털단지역점24시점,screen_golf,서울 금천구 가산동 60-15,서울 금천구 벚꽃로 286,37.4803901907794,126.884113457788
394762041,골프존파크 하안레드24시점,screen_golf,경기 광명시 하안동 322,경기 광명시 오리로 639,37.4583648647077,126.877726399695
17368065,광명24시골프존,screen_golf,경기 광명시 하안동 24,경기 광명시 철망산로 94,37.470191859277364,126.87803948902041
10704027,골프존파크 한강로용산스크린24시점,screen_golf,서울 용산구 한강로3가 16-58,서울 용산구 청파로 48,37.5321424074003,126.956817437558
262130608,골프존파크 남현네스코사당역점,screen_golf,서울 관악구 남현동 1058-16,서울 관악구 남부순환로 2064,37.4764120724948,126.978090121714
745483328,골프존파크 신림자마이카점,screen_golf,서울 관악구 신림동 1422-5,서울 관악구 신림로 340,37.4847358630848,126.930088658486
1996570767,골프존파크 남현사당골프존점,screen_golf,서울 관악구 남현동 1061-18,서울 관악구 과천대로 939,37.4743754791972,126.981544424249
1620090181,골프존파크 봉천더블랙점,screen_golf,서울 관악구 봉천동 893-1,서울 관악구 남부순환로 1777-7,37.482403256989,126.947715104443
16091063,JB골프아카데미,screen_golf,서울 관악구 봉천동 32-8,서울 관악구 관악로 217,37.48437754008496,126.95467859788761
217418763,골프존파크 봉천더클래식점,screen_golf,서울 관악구 봉천동 867-12,서울 관악구 남부순환로218길 37,37.47967078475319,126.95047451652336
1651810669,골프존파크 신림역점,screen_golf,서울 관악구 신림동 1578-51,서울 관악구 남부순환로 1568,37.4833676643668,126.92492062330145
1933666785,골프존파크 낙성대그레이점,screen_golf,서울 관악구 봉천동 1663-10,서울 관악구 남부순환로 1878,37.4788466199905,126.958132460248
1177826313,골프존파크 신림뉴스크린골프점,screen_golf,서울 관악구 신림동 1738-1,서울 관악구 난곡로 98,37.4640464557249,126.919518768939
2076086736,골프존파크 봉천화이트점,screen_golf,서울 관악구 봉천동 883-6,서울 관악구 청룡1길 37,37.4811853798343,126.94836718584
724332024,골프존파크 신림일이삼점,screen_golf,서울 관악구 신림동 1695,서울 관악구 신원로 26,37.48096639887692,126.92917298540391
3271445,골프존파크 신림천둥스크린점,screen_golf,서울 관악구 신림동 1668,서울 관악구 남부순환로 1369,37.4800935051762,126.902818490074
1291377197,골프존파크,screen_golf,서울 관악구 봉천동 32-8,서울 관악구 관악로 217,37.4843397544626,126.954826737177
1702067258,GDR아카데미 서울대골프연습장,screen_golf,서울 관악구 봉천동 867-10,서울 관악구 관악로15길 23-16,37.479594298268076,126.95071199059042
238029844,프렌즈스크린 신림점,screen_golf,서울 관악구 신림동 1695,서울 관악구 신원로 26,37.4812614799435,126.92842650196
2058604239,관악더행복마루 스크린파크골프장,screen_golf,서울 관악구 봉천동 1736-140,서울 관악구 구암5길 8,37.490242815336536,126.94745974511999
808911708,자마이카GDR골프아카데미 신림점,screen_golf,서울 관악구 신림동 1422-5,서울 관악구 신림로 340,37.4847800285273,126.930115753329
86159837,청룡스크린골프,screen_golf,서울 관악구 봉천동 1574-1,서울 관악구 쑥고개로 100,37.4789613857259,126.947676801751
1834302975,드림프렌즈스크린골프,screen_golf,서울 관악구 봉천동 1712,서울 관악구 성현로 80,37.4890895101243,126.949490216103
1758584650,카카오스크린골프,screen_golf,서울 관악구 봉천동 866-12,서울 관악구 관악로15길 23-11,37.4797846059453,126.951181061017
1313966870,봉일스크린골프,screen_golf,서울 관악구 봉천동 951-25,서울 관악구 은천로 28,37.4858189545269,126.938321277174
27284182,천둥스크린골프,screen_golf,서울 관악구 신림동 1668,서울 관악구 남부순환로 1369,37.4801584074941,126.902854585116
15734243,골프존스크린골프 디지털연습장,screen_golf,서울 관악구 신림동 1643,서울 관악구 시흥대로 578,37.4843827832404,126.903400877991
1330508280,비트스크린골프,screen_golf,서울 관악구 신림동 257-22,서울 관악구 신림로17길 62,37.468004872834,126.936205085728
7937611,서울대스크린골프,screen_golf,서울 관악구 봉천동 866-11,서울 관악구 관악로15길 23-11,37.47978370493638,126.95118106160297
1132078051,현대스크린골프존,screen_golf,서울 관악구 봉천동 1000,서울 관악구 관악로 306,37.4909917121428,126.956742762489
246186501,관악스크린골프,screen_golf,서울 관악구 봉천동 867-11,서울 관악구 관악로15길 23-16,37.479521317968,126.950715430286
1988429375,우리스크린파크 골프아카데미,screen_golf,서울 관악구 봉천동 1674-20,서울 관악구 남부순환로 1881,37.4792720983892,126.958706559382
15546716,희망스크린골프,screen_golf,서울 관악구 봉천동 927-5,서울 관악구 남부순환로 1730,37.482102493682405,126.9422815241302
16476201,월드스크린골프존,screen_golf,서울 관악구 봉천동 910-23,서울 관악구 양녕로 15,37.4835559620456,126.946407271889
1028500503,티업비전 서울대스크린블루,screen_golf,서울 관악구 봉천동 7-312,서울 관악구 관악로37길 15,37.4889627371731,126.95700060815
1180548808,B&B골프아카데미,screen_golf,서울 관악구 봉천동 1664-18,서울 관악구 남부순환로 1862,37.47954342205134,126.95652889802552
1427958730,프렌즈스크린 서울대입구역,screen_golf,서울 관악구 봉천동 1673-21,서울 관악구 남부순환로 1861,37.480000357484,126.956866681125
1689469048,동희SG스크린골프 신림점,screen_golf,서울 관악구 신림동 108-103,서울 관악구 신림로22길 24,37.4723384465502,126.935675729987
2366410,어반골프존,screen_golf,서울 관악구 신림동 1569-5,서울 관악구 난곡로64길 5,37.481354377630595,126.91497209646852
835471426,넘버원스크린골프,screen_golf,서울 관악구 남현동 1060-17,서울 관악구 남부순환로 2082-37,37.4761682664714,126.980171511488
8654523,후원스크린골프,screen_golf,서울 관악구 신림동 1668-6,,37.4801512589012,126.902926952552
11790598,드림스크린골프,screen_golf,서울 관악구 신림동 1565-1,서울 관악구 난곡로 270,37.4781822595073,126.915438092587
24267714,트루골프스테이션,screen_golf,서울 관악구 남현동 1060-17,서울 관악구 남부순환로 2082-37,37.47615654745867,126.98013646794307
781751061,삼모골프아카데미,screen_golf,서울 관악구 신림동 1638-1,서울 관악구 신원로 35,37.4823124163104,126.929023602431
830626650,GDR골프아카데미 난곡점,screen_golf,서울 관악구 신림동 1738,서울 관악구 난곡로 100,37.4645006297368,126.919613232437
11947752,A#스크린골프,screen_golf,서울 관악구 신림동 1474-14,서울 관악구 남부순환로 1464,37.4812514115513,126.913385962744
8450919,수정스크린골프장,screen_golf,서울 관악구 봉천동 1663-10,서울 관악구 남부순환로 1878,37.47883941352,126.958136986578
531289799,디지털연습장,screen_golf,서울 관악구 신림동 1643,서울 관악구 시흥대로 578,37.48430877482545,126.90324720361998
15671116,뉴스크린골프,screen_golf,서울 관악구 신림동 1738-1,서울 관악구 난곡로 98,37.4640031640824,126.919455515545
25826844,골프존파크 마장휴골프존24시점,screen_golf,서울 성동구 마장동 773-1,서울 성동구 마장로 289,37.56587634176676,127.04165699630516
248750963,골프존파크 군자세종스크린점,screen_golf,서울 광진구 군자동 362-1,서울 광진구 군자로 70,37.5493569608526,127.071024079018
1322327285,골프존파크 자양건대역입구점,screen_golf,서울 광진구 자양동 550-1,서울 광진구 능동로 49,37.5358138234605,127.068334253795
2134356650,골프존파크 구의YN스크린점,screen_golf,서울 광진구 구의동 218-15,서울 광진구 아차산로 444,37.5385584450878,127.091971070755
1683647070,골프존파크 구의골프앤점,screen_golf,서울 광진구 구의동 593-15,서울 광진구 구의강변로 45,37.534886484466,127.091305810471
1727315987,골프존파크 중곡NK골프클럽점,screen_golf,서울 광진구 중곡동 117-5,서울 광진구 용마산로 21,37.5556047822928,127.087972091472
1651586646,골프존파크 자양OK스크린점,screen_golf,서울 광진구 자양동 779-3,서울 광진구 아차산로 353,37.5372538682629,127.082094101022
19134159,신성스크린골프,screen_golf,서울 광진구 중곡동 92-8,서울 광진구 용마산로 18,37.5552763456378,127.088605474549
16086324,공원골프연습장 광진구점,screen_golf,서울 광진구 중곡동 157-8,서울 광진구 천호대로 553,37.5574088819023,127.079943222552
2050746909,썬스크린골프,screen_golf,서울 광진구 자양동 520-9,서울 광진구 뚝섬로 585,37.533632097344,127.074940791711
8530383,중곡스크린골프존,screen_golf,서울 광진구 중곡동 166-4,서울 광진구 능동로 409,37.565629538499266,127.08388984266986
8855274,뉴메트로골프연습장,screen_golf,서울 광진구 구의동 246-15,서울 광진구 아차산로 373,37.5370002130577,127.084048976208
491216326,이튼 골프&연습장,screen_golf,서울 광진구 자양동 855,서울 광진구 능동로 18,37.53339573354277,127.06799489025234
20479906,아차산스크린,screen_golf,서울 광진구 구의동 75-19,서울 광진구 천호대로 676,37.55059194705807,127.08994434073942
1014988641,지티알스크린파크골프 광진센터,screen_golf,서울 광진구 구의동 631-1,서울 광진구 광나루로56길 63,37.53678914755695,127.09616092428679
150197864,골프존,screen_golf,서울 광진구 구의동 75-19,서울 광진구 천호대로 676,37.5504847395868,127.089929500354
16849320,이글골프존,screen_golf,서울 광진구 중곡동 173-2,서울 광진구 면목로 161,37.5677328792004,127.082014347648
504202236,큐이디골프아카데미 건대점,screen_golf,서울 광진구 화양동 23-5,서울 광진구 동일로 174,37.54749402195119,127.06739322815257
441130377,엘파르케골프아카데미 강변센터,screen_golf,서울 광진구 구의동 546-4,서울 광진구 광나루로56길 85,37.5357209474438,127.095685481386
716764241,에이치플레이스골프스튜디오,screen_golf,서울 광진구 광장동 121,서울 광진구 아차산로78길 7,37.5503404584142,127.109297618114
1418690875,GS골프스튜디오,screen_golf,서울 광진구 구의동 547-8,서울 광진구 강변역로4길 68,37.5326014430636,127.092596201133
352364492,더프라자 골프 뚝섬점,screen_golf,서울 광진구 자양동 74-14,서울 광진구 능동로 7,37.5323350572972,127.066762981469
1845814700,붐스크린골프&연습장,screen_golf,서울 광진구 자양동 680-3,서울 광진구 자양로 90,37.5358395788591,127.084253595102
8132018,포슬렌스크린골프,screen_golf,서울 광진구 광장동 114,서울 광진구 아차산로78길 44,37.55078941900234,127.10998406125559
310875133,온그린골프연습장,screen_golf,서울 광진구 자양동 856,서울 광진구 능동로4길 38,37.532597641639825,127.06921040782679
10911211,OK스크린골프,screen_golf,서울 광진구 자양동 779-3,서울 광진구 아차산로 353,37.5372574659681,127.082103156633
1959750743,프렌즈스크린,screen_golf,서울 광진구 자양동 761,서울 광진구 뚝섬로 542,37.5345864606375,127.070211287867
4261457,이지스윙골프아카데미,screen_golf,서울 광진구 구의동 599,서울 광진구 구의강변로 30,37.5336544055052,127.091836068186
24690845,아차산골프연습장,screen_golf,서울 광진구 중곡동 140-29,서울 광진구 천호대로 575,37.5565640862411,127.082074537399
1146588771,NK골프클럽,screen_golf,서울 광진구 중곡동 117-5,서울 광진구 용마산로 21,37.5556047789199,127.08797661841
1648387520,SD골프아카데미,screen_golf,서울 광진구 능동 255-5,서울 광진구 천호대로 636,37.553492960555,127.087815697354
504185170,JB골프스튜디오,screen_golf,서울 광진구 중곡동 41-33,서울 광진구 능동로 366,37.5618329256934,127.082347428748
15718747,태초골프 골프존,screen_golf,서울 광진구 자양동 762,서울 광진구 뚝섬로35길 9,37.53531534818245,127.07024817694085
769287346,G골프스튜디오 강변점,screen_golf,서울 광진구 구의동 547,서울 광진구 강변역로4길 68,37.5326005411832,127.092597331407
12252140,쉐르빌골프존,screen_golf,서울 광진구 구의동 199-18,서울 광진구 구의강변로 106,37.5399509617179,127.09479247649
11490506,지엠골프,screen_golf,서울 광진구 자양동 533-4,서울 광진구 뚝섬로33길 45,37.5369984940375,127.070118507105
16070148,풀스크린골프,screen_golf,서울 광진구 구의동 218-11,,37.5390945324422,127.093130370867
8090781,YN스크린골프,screen_golf,서울 광진구 구의동 218-15,서울 광진구 아차산로 444,37.5385656495554,127.091975605516
147922291,웰플러스골프파크,screen_golf,서울 광진구 자양동 663-21,서울 광진구 자양로5길 33,37.5309094001599,127.084116811036
19773448,아차산골프스쿨,screen_golf,서울 광진구 구의동 31-23,서울 광진구 자양로 312,37.5531066369164,127.09341941169
1292027461,골프존파크 성수제이펍점,screen_golf,서울 성동구 성수동2가 281-8,서울 성동구 광나루로 320-2,37.5479053490175,127.064943642563
836972656,골프존파크 송정프로샾점,screen_golf,서울 성동구 송정동 90-7,서울 성동구 동일로 265,37.5553278231119,127.07110896658
16055785,에딘버그골프클럽,screen_golf,서울 성동구 성수동2가 281-12,서울 성동구 광나루로 320-1,37.547972702247066,127.06534542623218
748984038,성수제이펍골프존,screen_golf,서울 성동구 성수동2가 281-8,서울 성동구 광나루로 320-2,37.5479053477727,127.0649459058
2119066909,골프존파크 성수역점,screen_golf,서울 성동구 성수동2가 323,서울 성동구 성수이로 66,37.54061898074078,127.0561319171334
328241923,골프존파크 역곡필스크린24시점,screen_golf,경기 부천시 원미구 역곡동 77-10,경기 부천시 원미구 부일로 727,37.4857507909198,126.81058269027
1168696781,골프존파크 구로명진스크린점,screen_golf,서울 구로구 구로동 49,서울 구로구 공원로 26,37.4999765643965,126.892016425474
1639160962,골프존파크 구로역점,screen_golf,서울 구로구 구로동 501,서울 구로구 구로중앙로 134,37.49989699486205,126.8841127212224
963153093,골프존파크 신도림지명스크린점,screen_golf,서울 구로구 구로동 26,서울 구로구 새말로 102,37.5057802821323,126.891407514726
1459942312,골프존파크 항동가온스크린점,screen_golf,서울 구로구 항동 238-1,서울 구로구 서해안로 2124,37.48161964437543,126.82517808683144
1740880480,골프존파크 천왕갤러리점,screen_golf,서울 구로구 천왕동 273-8,서울 구로구 천왕로1길 50,37.48254650442629,126.83565688418061
157107136,골프존파크 신도림킹스크린점,screen_golf,서울 구로구 신도림동 375-1,서울 구로구 경인로65길 44,37.5095261154986,126.885118033832
1746750663,골프존파크 개봉로얄스크린점,screen_golf,서울 구로구 개봉동 403-160,서울 구로구 개봉로 30,37.488306769611604,126.85650037493276
1582200995,골프존파크 구로지타워점,screen_golf,서울 구로구 구로동 832,서울 구로구 디지털로26길 38,37.479878061308,126.895315027077
598882877,골프존파크 고척제니스점,screen_golf,서울 구로구 고척동 60-34,서울 구로구 안양천로539길 11,37.504674357266,126.870459100952
529653816,골프존파크 구로마스타점,screen_golf,서울 구로구 구로동 197-5,서울 구로구 디지털로33길 27,37.4860584050583,126.894669827958
977083816,GDR고척골프아카데미,screen_golf,서울 구로구 고척동 72-49,서울 구로구 경인로 387,37.49708685115837,126.8631431599372
2007382379,골프존파크 구로WI-GOLF점,screen_golf,서울 구로구 구로동 703-3,서울 구로구 가마산로 77,37.4856519228187,126.87511756146
538704132,골프존파크 고척양우골프장점,screen_golf,서울 구로구 고척동 328,,37.504808221127966,126.85611254190712
1611159493,GDR아카데미 구로신도림점,screen_golf,서울 구로구 구로동 26,서울 구로구 새말로 102,37.5055090405205,126.891364930417
1525181614,고척GDR QA 골프존,screen_golf,서울 구로구 고척동 76-14,서울 구로구 중앙로 18,37.4995608750544,126.864587313291
86752283,SK스크린골프,screen_golf,서울 구로구 항동 산 51-4,서울 구로구 부광로 88,37.47717857469555,126.8168506206835
18076701,하나골프존스크린,screen_golf,서울 구로구 구로동 97-4,서울 구로구 가마산로 284,37.49643823377232,126.8919287913557
25826511,제이스크린골프,screen_golf,서울 구로구 신도림동 644,서울 구로구 경인로 643,37.5082878040109,126.886640023327
1605916806,아레나골프아카데미,screen_golf,서울 구로구 구로동 108,서울 구로구 공원로 41,37.50036838188,126.88993387206
16091825,휴스크린골프,screen_golf,서울 구로구 구로동 546-1,서울 구로구 공원로 71,37.5027967610254,126.888195448717
1132571072,에스지아름다운골프,screen_golf,서울 구로구 구로동 557-5,서울 구로구 새말로9길 40,37.5043177984006,126.886453762865
689400272,지티알골프아카데미&골프존 구일점,screen_golf,서울 구로구 구로동 685-124,서울 구로구 구일로8길 92,37.495919914078904,126.87608316030632
16708895,스카이골프존 구로,screen_golf,서울 구로구 구로동 569-8,서울 구로구 새말로 19,37.5023015093903,126.88292605184
12398714,샤인스크린골프,screen_golf,서울 구로구 오류동 44-21,서울 구로구 경인로 176-7,37.49425476574031,126.84068255361595
1873555277,프렌즈스크린골프 구로점,screen_golf,서울 구로구 구로동 186-7,서울 구로구 도림천로 446,37.48599231840267,126.8984283161804
629765011,신목동스크린골프,screen_golf,서울 구로구 고척동 186-5,서울 구로구 목동남로 6,37.50671947868879,126.86081381979845
1641597755,대림역골프존,screen_golf,서울 구로구 구로동 120,서울 구로구 도림천로 344,37.4940163395212,126.893929283634
13047735,스윙파크스크린골프,screen_golf,서울 구로구 구로동 1124-49,서울 구로구 디지털로32나길 51,37.4848848842794,126.900433358937
2019167451,개봉스크린골프존,screen_golf,서울 구로구 개봉동 359-2,서울 구로구 개봉로3길 9,37.4861885261856,126.855780786944
1230614992,프렌즈스크린골프 고척돔점,screen_golf,서울 구로구 고척동 73-3,서울 구로구 경인로 393-7,37.497443529475,126.863039601055
632438710,VIP골프아카데미 신도림,screen_golf,서울 구로구 신도림동 337,서울 구로구 경인로 661,37.5097667629574,126.888015397101
668055475,다가짐,screen_golf,서울 구로구 구로동 604-19,서울 구로구 경인로 565,37.5036389760839,126.879712064116
1603200192,현대골프존연습장,screen_golf,서울 구로구 개봉동 480,서울 구로구 개봉로20길 158,37.4922247654507,126.86061230408
1777483746,SG스크린 골프 구로역점,screen_golf,서울 구로구 신도림동 412-3,서울 구로구 경인로 584,37.5039953102794,126.88193155873
9687818,제이에스골프존,screen_golf,서울 구로구 고척동 76-160,서울 구로구 경인로 397,37.497699475591354,126.8638714470765
689836431,미스터버디골프스쿨 구로본점,screen_golf,서울 구로구 구로동 197-21,서울 구로구 디지털로31길 12,37.4851075567329,126.89536313365
2091841569,개봉메인스크린골프,screen_golf,서울 구로구 개봉동 403-86,서울 구로구 개봉로 25,37.4879088417061,126.856020583094
11286954,J&J 스크린골프,screen_golf,서울 구로구 오류동 77-1,서울 구로구 경인로 164,37.49402224190438,126.8399683788254
970930692,태영스크린골프 신도림역,screen_golf,서울 구로구 신도림동 437-1,서울 구로구 경인로59길 8,37.50661840225196,126.88310592492984
20528039,희망골프존,screen_golf,서울 구로구 구로동 170-1,서울 구로구 도림로20길 18,37.4889792446345,126.892417836608
2051860532,인스타짐 골프아카데미 구로점,screen_golf,서울 구로구 구로동 197-17,서울 구로구 디지털로31길 38-9,37.4860148209308,126.893291584299
1381856850,비트윈GDR아카데미,screen_golf,서울 구로구 구로동 170-12,서울 구로구 디지털로33길 48,37.4872583965901,126.894500799039
48029082,IXU 골프연습장,screen_golf,서울 구로구 구로동 187-3,서울 구로구 도림천로 448,37.48560720980611,126.89903827341148
1978569496,헤이븐골프아카데미,screen_golf,서울 구로구 구로동 197-17,서울 구로구 디지털로31길 38-9,37.4860148209235,126.8932915843
1159573389,골프존파크 가산엘리시아점,screen_golf,서울 금천구 가산동 60-69,서울 금천구 디지털로 173,37.4778614928262,126.886228687113
293858524,골프존파크 GDR아카데미 가산더지네이션점,screen_golf,서울 금천구 가산동 714,서울 금천구 범안로 1142,37.4657624590166,126.88897406506
1723488390,골프존파크 시흥인피니움타워점,screen_golf,서울 금천구 시흥동 991-5,서울 금천구 시흥대로 189,37.45075180548908,126.9013996932832
1701467239,골프존파크 가산대성스크린점,screen_golf,서울 금천구 가산동 543-1,서울 금천구 서부샛길 606,37.4797487375128,126.877045997807
599051601,골프존파크 시흥새한점,screen_golf,서울 금천구 시흥동 113-15,서울 금천구 시흥대로 281,37.4585229979592,126.898162567745
292865907,골프존파크 독산클럽라운지점,screen_golf,서울 금천구 독산동 954-4,서울 금천구 시흥대로 488,37.4770909904688,126.899171830766
1660582367,골프존파크 독산한신k2점,screen_golf,서울 금천구 독산동 1095,서울 금천구 한내로 62,37.4564108584021,126.888018145832
1470432489,골프존파크 굿프랜드리 카멜리아시흥동점,screen_golf,서울 금천구 시흥동 831-6,서울 금천구 금하로 705,37.451571023571006,126.90836157256915
882379559,골프존파크 가산싱글벙글점,screen_golf,서울 금천구 가산동 459-11,서울 금천구 가산디지털1로 186,37.4819409252169,126.881488016632
886369172,골프존파크 독산그린힐골프점,screen_golf,서울 금천구 독산동 287-7,서울 금천구 시흥대로 414,37.4706149076762,126.898557650504
675764359,골프존파크 시흥PGA골프점,screen_golf,서울 금천구 시흥동 954-21,서울 금천구 시흥대로 82,37.4413364214813,126.903844965322
1920388903,골프존파크 가산엘리시아 GDR골프아카데미,screen_golf,서울 금천구 가산동 60-69,서울 금천구 디지털로 173,37.47776577585671,126.88619774180835
9326353,위너스골프연습장,screen_golf,서울 금천구 독산동 1066-2,서울 금천구 시흥대로 296,37.459863652248956,126.89915314522842
2060775,GDR골프아카데미G1 가산점,screen_golf,서울 금천구 가산동 345-43,서울 금천구 가산디지털2로 35,37.4714414054852,126.882329835068
2039990337,카카오프렌즈스크린 가산SJ테크노빌점,screen_golf,서울 금천구 가산동 60-19,서울 금천구 벚꽃로 278,37.4797733716367,126.884493158244
280265366,GDR아카데미 금천구청점,screen_golf,서울 금천구 시흥동 999-25,서울 금천구 시흥대로71길 37,37.4553959628987,126.899658703238
1032343748,프렌즈스크린 가산디지털점,screen_golf,서울 금천구 가산동 345-19,서울 금천구 가산디지털1로 75-15,37.4722992196808,126.884207344957
1032931702,프렌즈스크린 가산점,screen_golf,서울 금천구 가산동 664,서울 금천구 가산디지털1로 24,37.46841469251381,126.88765885589771
2106998171,대성스크린연습장 가산점,screen_golf,서울 금천구 가산동 543-1,서울 금천구 서부샛길 606,37.4797749807833,126.877155622102
25826827,엘리시아골프아카데미,screen_golf,서울 금천구 가산동 60-69,서울 금천구 디지털로 173,37.477968371857024,126.88606176695953
872665019,가산행복골프훈련소,screen_golf,서울 금천구 가산동 60-18,서울 금천구 디지털로9길 47,37.47958457758,126.885850154301
1757091512,금천프렌즈스크린,screen_golf,서울 금천구 시흥동 842-4,서울 금천구 독산로 95-1,37.4559044596065,126.905519404385
604199671,리솜골프,screen_golf,서울 금천구 시흥동 113-14,서울 금천구 시흥대로79길 15,37.458894720151,126.897704301707
12890915,OK스크린골프,screen_golf,서울 금천구 시흥동 992-12,서울 금천구 시흥대로57길 17,37.4529854178052,126.900326473739
536554458,뉴금천스크린골프,screen_golf,서울 금천구 시흥동 8-17,서울 금천구 독산로54길 32,37.4640049681664,126.90717535317
25826835,한양스크린골프,screen_golf,서울 금천구 독산동 291-1,서울 금천구 두산로 70,37.46872847620743,126.89577822501495
135962630,프렌즈스크린 가산우림라이온스밸리점,screen_golf,서울 금천구 가산동 371-28,서울 금천구 가산디지털1로 168,37.4806514032864,126.882210247962
1566253057,현대스크린골프,screen_golf,서울 금천구 독산동 711-2,서울 금천구 벚꽃로 73,37.4617642103968,126.890409831272
1945573445,비욘드골프클럽,screen_golf,서울 금천구 시흥동 1031,서울 금천구 시흥대로73길 67,37.455942194913,126.895747370719
1338227122,플레인 골프존,screen_golf,서울 금천구 가산동 550-1,서울 금천구 가산디지털2로 98,37.476310410956245,126.88137820180192
1854417919,ABF골프아카데미 가산1호점,screen_golf,서울 금천구 가산동 459-24,서울 금천구 가산디지털2로 169-16,37.483043179669,126.876522766377
14634569,그린힐스크린골프,screen_golf,서울 금천구 독산동 287-7,서울 금천구 시흥대로 414,37.4706185155948,126.898562167441
815488767,비타민골프아카데미,screen_golf,서울 금천구 독산동 291-5,서울 금천구 시흥대로 399,37.4693719831396,126.897017417893
10953105,KT세코 실내스크린골프연습장,screen_golf,서울 금천구 가산동 327-32,서울 금천구 가산디지털2로 14,37.4694377841823,126.884383584938
1564453548,홀인원앤원 SG스크린골프,screen_golf,서울 금천구 가산동 549-1,서울 금천구 가산디지털2로 101,37.4770425389191,126.879212042252
1098033483,프렌즈스크린 가산KM타워,screen_golf,서울 금천구 가산동 550-7,서울 금천구 가산디지털2로 95,37.4764575179249,126.879834781202
1328930487,이원용골프아카데미&클리닉,screen_golf,서울 금천구 가산동 470-5,서울 금천구 가산디지털1로 196,37.4829651679929,126.881285145177
933082347,투비전플러스,screen_golf,서울 금천구 가산동 60-69,서울 금천구 디지털로 173,37.4779692794057,126.886068548963
39675184,서울스크린골프존,screen_golf,서울 금천구 독산동 901-8,서울 금천구 남부순환로 1428,37.48068267384666,126.90951090642247
2082411726,서울골프아카데미,screen_golf,서울 금천구 독산동 901-7,서울 금천구 남부순환로 1428,37.4805491929297,126.909339215786
24700207,세왕비전골프존,screen_golf,서울 금천구 시흥동 904-22,서울 금천구 시흥대로 164,37.4488828139965,126.903229559833
707405475,금천구민문화체육센터 GDR스크린골프장,screen_golf,서울 금천구 독산동 371-2,서울 금천구 독산로54길 188,37.4701283721334,126.9073463922
795798393,스카이스크린골프존,screen_golf,서울 금천구 독산동 152-6,서울 금천구 시흥대로 429,37.4719458818886,126.897723823711
1618536056,P&K골프아카데미,screen_golf,서울 금천구 독산동 300-2,서울 금천구 두산로14길 4,37.46971223764308,126.8946023328068
844069330,골프존파크 상계스퀘어24,screen_golf,서울 노원구 상계동 292-1,서울 노원구 노해로 507,37.6554274189124,127.063889194533
1813163214,골프존파크 공릉태릉스크린골프점,screen_golf,서울 노원구 공릉동 670-20,서울 노원구 동일로 986,37.618531970677864,127.07621864435109
1337268089,골프존파크 하계테크노점,screen_golf,서울 노원구 하계동 250-3,서울 노원구 노원로15길 10,37.64188377341516,127.07183495744253
1825009666,골프존파크 상계우리스크린골프점,screen_golf,서울 노원구 상계동 1019-28,서울 노원구 동일로234길 27,37.6734892178119,127.057186281687
854735016,골프존파크 월계W스크린골프점,screen_golf,서울 노원구 월계동 18,서울 노원구 마들로 31,37.6158021916887,127.068522916349
1406098979,골프존파크 상계노원BB스크린점,screen_golf,서울 노원구 상계동 1318,서울 노원구 상계로23다길 13-8,37.6599628579962,127.068876280653
201502367,골프존파크 상계마들스크린점,screen_golf,서울 노원구 상계동 684,서울 노원구 한글비석로 471,37.66430363886262,127.0659799615243
1854179884,골프존파크 중계비전1호점,screen_golf,서울 노원구 중계동 364-14,서울 노원구 한글비석로8길 29,37.6482431851196,127.078484681333
307924978,골프존파크 공릉제이스크린점,screen_golf,서울 노원구 공릉동 230-21,서울 노원구 공릉로42길 103,37.625612991579835,127.08520215158016
772939044,골프존파크 공릉파인힐점,screen_golf,서울 노원구 공릉동 739,서울 노원구 동일로 1114,37.6293205506405,127.071646138894
655184507,골프존파크 중계스크린점,screen_golf,서울 노원구 중계동 434-2,서울 노원구 한글비석로15길 48,37.656121042330916,127.07340690357618
964834323,골프존파크 상계펀스크린점,screen_golf,서울 노원구 상계동 1264,서울 노원구 동일로250길 17,37.68251133830297,127.05589289783308
1774388339,골프존파크 중계제이스크린점,screen_golf,서울 노원구 중계동 160,서울 노원구 덕릉로 692,37.65939647804163,127.07567788063382
1157851068,골프존파크 중계리즈스크린점,screen_golf,서울 노원구 중계동 591,서울 노원구 한글비석로 384,37.6598412607072,127.073302901407
689046234,마실스크린파크골프 노원점,screen_golf,서울 노원구 상계동 389-356,서울 노원구 상계로27길 12,37.6591553929948,127.070712623362
12405252,W스크린골프,screen_golf,서울 노원구 월계동 18,서울 노원구 마들로 31,37.6157933301766,127.068266929915
1114036345,프렌즈스크린 제이제이골프,screen_golf,서울 노원구 중계동 434-1,서울 노원구 덕릉로 669,37.65737893458833,127.07464908224019
16065454,K스크린,screen_golf,서울 노원구 상계동 749,서울 노원구 동일로 1374,37.6513137521273,127.061785875337
1546513721,레저로파크골프 노원점,screen_golf,서울 노원구 상계동 733,서울 노원구 동일로217가길 17,37.6532791016942,127.059436079404
25826895,하라스포츠센터 골프연습장,screen_golf,서울 노원구 상계동 764-1,서울 노원구 동일로 1323,37.6467435228755,127.062625128567
10891748,파인힐스크린골프장,screen_golf,서울 노원구 공릉동 739,서울 노원구 동일로 1114,37.6293061596268,127.071605342394
1727348584,리드골프아카데미,screen_golf,서울 노원구 상계동 450,서울 노원구 한글비석로 444,37.663609344764,127.068505636542
230904204,메이저골프아카데미 중계점,screen_golf,서울 노원구 중계동 509-1,서울 노원구 동일로204가길 34,37.6407506673155,127.068239907464
16707278,J스크린골프존,screen_golf,서울 노원구 공릉동 230-16,서울 노원구 공릉로42길 103,37.62574737247834,127.08501652605038
943521595,GDR아카데미프렌즈스크린 노원점,screen_golf,서울 노원구 상계동 1038-2,서울 노원구 동일로231길 17,37.671904666491066,127.05471403629603
1314488193,엠브이짐 GDR골프아카데미,screen_golf,서울 노원구 상계동 764-1,서울 노원구 동일로 1323,37.6468156063374,127.062616124143
1345519622,골프존 다원실내골프연습장,screen_golf,서울 노원구 중계동 512,서울 노원구 동일로 1280,37.643486721641715,127.06547432583412
24374332,하이스크린골프,screen_golf,서울 노원구 공릉동 576-19,서울 노원구 동일로 1021,37.6212245139228,127.074189276022
1523125265,카카오프렌즈 스크린골프 태릉,screen_golf,서울 노원구 공릉동 617-18,서울 노원구 동일로174길 7,37.6189097047493,127.075876956187
24178418,버디앤버디,screen_golf,서울 노원구 중계동 358,서울 노원구 한글비석로 331,37.65672928724764,127.0775042693737
18960137,에이스스크린골프,screen_golf,서울 노원구 상계동 1279,서울 노원구 노원로28길 9,37.65302193114201,127.06846644563925
24371074,SN스크린골프,screen_golf,서울 노원구 상계동 1117-16,서울 노원구 동일로242가길 22,37.6768540203517,127.056048487701
26499637,공릉스크린골프GDR아카데미,screen_golf,서울 노원구 공릉동 754,서울 노원구 공릉로34길 118,37.6260166876644,127.07997586222449
172501253,마실파크골프,screen_golf,서울 노원구 공릉동 670-9,서울 노원구 화랑로 447,37.618424260586,127.076977434833
8070120,J스크린골프 노원구점,screen_golf,서울 노원구 중계동 152-11,서울 노원구 덕릉로 692,37.6593928770261,127.075673343741
644722806,브이스크린골프,screen_golf,서울 노원구 중계동 27,서울 노원구 중계로 90,37.6438798692645,127.083518868623
8270004,두타스크린골프,screen_golf,서울 노원구 중계동 360-9,서울 노원구 한글비석로 245,37.6497843556586,127.076366154586
832302894,프렌즈스크린 MV짐,screen_golf,서울 노원구 상계동 764-1,서울 노원구 동일로 1323,37.6468092976512,127.062619518201
1869031442,은사K스크린골프,screen_golf,서울 노원구 중계동 360-15,서울 노원구 노원로22길 71,37.64855842996058,127.07588217969834
1192713964,마스터골프아카데미,screen_golf,서울 노원구 상계동 173-1,서울 노원구 한글비석로 396,37.6614736827106,127.073553841541
8691328,그린피아 골프연습장,screen_golf,서울 도봉구 방학동 712-6,서울 도봉구 방학로 57-9,37.6625221533305,127.045533756983
754934709,창스크린,screen_golf,서울 도봉구 방학동 676-22,서울 도봉구 방학로3길 6,37.6625203611863,127.040569651903
567250014,창동골프존,screen_golf,서울 도봉구 창동 16-1,서울 도봉구 노해로 391,37.6528322904718,127.051617709127
16905285,GNC골프 도봉스크린골프,screen_golf,서울 도봉구 방학동 720-1,서울 도봉구 마들로 624,37.66578325696093,127.04667822300343
8393211,양용스크린골프,screen_golf,서울 도봉구 도봉동 636-20,서울 도봉구 마들로 664-11,37.6694807083463,127.047111254616
965558886,밥스골프아카데미 도봉점,screen_golf,서울 도봉구 도봉동 620-23,서울 도봉구 시루봉로 310,37.6710209764859,127.043480538104
1028327262,프렌즈스크린 쇼골프도봉점,screen_golf,서울 도봉구 도봉동 62-4,서울 도봉구 도봉로180길 6,37.6831424298929,127.04666869265
12776677,에이스스크린골프,screen_golf,서울 도봉구 방학동 703-17,서울 도봉구 도봉로 677,37.6649199250795,127.042416122603
1088030990,창동골프스쿨,screen_golf,서울 도봉구 창동 808,서울 도봉구 노해로69길 97,37.65679125626719,127.04939810735821
11646136,그린샷스크린골프,screen_golf,서울 도봉구 도봉동 563,서울 도봉구 도봉로 873,37.6824446335799,127.045486981627
16707662,한양스크린골프,screen_golf,서울 도봉구 도봉동 657,서울 도봉구 마들로 724,37.6746017376285,127.047459088614
1908514028,이안골프아카데미,screen_golf,서울 도봉구 방학동 720-33,서울 도봉구 마들로 650,37.6680283466912,127.047064998926
1218788003,미닛스크린골프,screen_golf,서울 도봉구 창동 33,서울 도봉구 노해로70길 81,37.6488315060792,127.052569051564
13604089,홀인원,screen_golf,서울 도봉구 창동 731-7,서울 도봉구 도봉로 602,37.6581343182669,127.040757657961
759542894,우리스포츠센터 스크린골프 마들점,screen_golf,서울 노원구 상계동 624,서울 노원구 동일로227길 26,37.66896292589441,127.05480255298568
409736563,행복골프훈련소 수락노원점,screen_golf,서울 노원구 상계동 1119-2,서울 노원구 동일로242길 5,37.6761044405377,127.055975375764
8949658,드림골프,screen_golf,서울 노원구 상계동 694,서울 노원구 노원로 547,37.6609814061249,127.058008552625
1933330077,골프존GDR 수락골프연습장,screen_golf,서울 노원구 상계동 1269,서울 노원구 동일로248길 16,37.6799001165524,127.05628543894
27442891,알바트로스 스크린골프,screen_golf,서울 노원구 상계동 1265,서울 노원구 동일로250길 18,37.6807896269682,127.055770307118
972917082,제이로터스골프,screen_golf,서울 노원구 상계동 591-3,서울 노원구 상계로1길 38-11,37.6579700495823,127.062090578934
548837375,골프존파크 을지로3가역24시점,screen_golf,서울 중구 입정동 277,서울 중구 을지로15길 31,37.5679945213313,126.993077156498
8074653,골프존파크 종로24시점,screen_golf,서울 종로구 종로1가 24,,37.570468939639696,126.97984543726591
19011718,골프존파크 충정로SK24시점,screen_golf,서울 서대문구 합동 116,서울 서대문구 서소문로 45,37.5612729732469,126.966249077329
1945478844,골프존파크 답십리오름골프점,screen_golf,서울 동대문구 답십리동 1012,서울 동대문구 사가정로 80,37.5752232446017,127.054926229568
453539420,골프존파크 청량리역24시점,screen_golf,서울 동대문구 청량리동 235-6,서울 동대문구 왕산로 239,37.5830648023951,127.048267014826
1012768003,골프존파크 장안지플렉스점,screen_golf,서울 동대문구 장안동 430-3,서울 동대문구 장한로 43,37.56509721151,127.066681284662
1764853462,골프존파크 용두포스빌점,screen_golf,서울 동대문구 용두동 788,서울 동대문구 왕산로 122,37.5778071047153,127.036882902573
836784222,골프존파크 휘경123점,screen_golf,서울 동대문구 휘경동 71-1,서울 동대문구 망우로 123,37.5917126214921,127.066596324867
1881429270,골프존파크 장안온천점,screen_golf,서울 동대문구 장안동 336,서울 동대문구 장안벚꽃로 107,37.57079425352845,127.07415507211262
1147558882,골프존파크 용두드림스크린골프점,screen_golf,서울 동대문구 용두동 726-10,서울 동대문구 무학로 197,37.5819727006299,127.029390224135
727793057,골프존파크 답십리보광타워점,screen_golf,서울 동대문구 답십리동 530-4,서울 동대문구 황물로 90,37.5703573105114,127.050112962113
1807507266,골프존파크 답십리힐스포파크점,screen_golf,서울 동대문구 답십리동 산 2-9,서울 동대문구 답십리로 209,37.5732906515551,127.063804244801
17669433,골프존파크 제기경동골프존점,screen_golf,서울 동대문구 제기동 797-5,서울 동대문구 약령시로13길 1,37.58311866091,127.03906831246
1396353410,골프존파크 장안새한점,screen_golf,서울 동대문구 장안동 310-8,서울 동대문구 장한로28가길 45,37.5750416235229,127.072575573937
1763602210,골프존파크 장안J스크린골프점,screen_golf,서울 동대문구 장안동 107-8,서울 동대문구 사가정로 207,37.5788527843601,127.06811431975
558733656,골프존파크 제기골프친구아띠점,screen_golf,서울 동대문구 제기동 504,서울 동대문구 약령시로 108,37.5828726425455,127.041835154952
1658802911,골프존파크 장안문스크린점,screen_golf,서울 동대문구 장안동 464-1,서울 동대문구 장한로 6,37.5618498200717,127.065429981584
144007944,골프존파크 용두스크린골프타운점,screen_golf,서울 동대문구 용두동 40-13,서울 동대문구 고산자로 399,37.5752768323012,127.037769168896
1468406620,골프존파크 전농SK점,screen_golf,서울 동대문구 전농동 10,서울 동대문구 사가정로 148,37.5776486133177,127.060667602798
829765878,JW GDR골프아카데미,screen_golf,서울 동대문구 휘경동 71-1,서울 동대문구 망우로 123,37.591715325099564,127.06659519499301
150863657,GDR아카데미 제기골프친구아띠,screen_golf,서울 동대문구 제기동 504,서울 동대문구 약령시로 108,37.5828726425455,127.041835154952
263165407,멀리건스크린골프존,screen_golf,서울 동대문구 장안동 295-6,서울 동대문구 답십리로 267,37.5727023515854,127.070072728153
1592519002,카카오VX 스크린골프&아카데미 동대문점,screen_golf,서울 동대문구 장안동 146-20,서울 동대문구 한천로 126,37.5722405180108,127.066300513264
24450835,대성스크린골프,screen_golf,서울 동대문구 장안동 387-12,서울 동대문구 장한로25길 50,37.5721022513174,127.068602848917
16080187,문스크린골프,screen_golf,서울 동대문구 장안동 464-1,서울 동대문구 장한로 6,37.5616127305525,127.065659535056
172353340,프렌즈스크린 장안사거리점,screen_golf,서울 동대문구 장안동 371-10,서울 동대문구 장한로25길 3,37.5715972275061,127.070917280085
9610678,골프존파크 힐스크린골프,screen_golf,서울 동대문구 답십리동 산 2-9,서울 동대문구 답십리로 209,37.5732474209524,127.063772511843
1285144047,샷 스크린골프 장안점,screen_golf,서울 동대문구 장안동 331-4,서울 동대문구 답십리로 309,37.5723543666368,127.074805248733
1022413997,지플렉스스크린골프,screen_golf,서울 동대문구 장안동 430-3,서울 동대문구 장한로 43,37.56510530448448,127.06670958886227
16878145,골프존 노블스크린골프,screen_golf,서울 동대문구 신설동 97-8,서울 동대문구 천호대로 23,37.57439875358381,127.02638173343888
8044730,월드스크린골프 동대문점,screen_golf,서울 동대문구 답십리동 12-266,서울 동대문구 한천로 43,37.5660444101725,127.061226401297
18823838,J스크린골프,screen_golf,서울 동대문구 장안동 107-8,서울 동대문구 사가정로 207,37.5788924848603,127.068015864247
469561578,이디 골프스튜디오,screen_golf,서울 동대문구 휘경동 42-23,서울 동대문구 망우로 101,37.5909750174418,127.064417177918
1779423518,더포인트골프아카데미,screen_golf,서울 동대문구 용두동 797,서울 동대문구 고산자로34길 70,37.5782927625513,127.042197121918
10689284,월드골프,screen_golf,서울 동대문구 휘경동 330,서울 동대문구 이문로 22,37.5896243387875,127.05574637002803
11559712,잼스크린골프,screen_golf,서울 동대문구 장안동 94-27,서울 동대문구 한천로46길 42,37.581301913307,127.070789497176
1714981584,MJ스크린골프 회기점,screen_golf,서울 동대문구 회기동 67-3,서울 동대문구 이문로 3,37.588670241901,127.053686120613
1584804546,MJ골프 제기점,screen_golf,서울 동대문구 제기동 615-1,서울 동대문구 홍릉로3길 55,37.581588875592935,127.04141328457263
15712612,파온스크린골프,screen_golf,서울 동대문구 청량리동 249,서울 동대문구 왕산로 211-1,37.5811771915199,127.046086459717
8228569,골프존 에스지스크린,screen_golf,서울 동대문구 답십리동 766,서울 동대문구 한천로 103,37.5707132670716,127.064793646837
13019808,스크린 골프타운,screen_golf,서울 동대문구 용두동 40-11,서울 동대문구 고산자로 399,37.5753272633347,127.0378461727
25826937,이문체육문화센터 골프연습장,screen_golf,서울 동대문구 이문동 189,서울 동대문구 한천로58길 81-49,37.6023466762135,127.06876650522
2105836325,경동골프존,screen_golf,서울 동대문구 제기동 797-5,서울 동대문구 약령시로13길 1,37.5831168694052,127.03903661126
7992672,언더파 스크린골프,screen_golf,서울 동대문구 전농동 10,서울 동대문구 사가정로 148,37.5773548273282,127.059012285536
10532494,스카이골프 동대문점,screen_golf,서울 동대문구 장안동 334-7,서울 동대문구 장한로26길 55,37.5716192863356,127.074597361539
14983624,SM스크린골프존 동대문점,screen_golf,서울 동대문구 장안동 310-8,서울 동대문구 장한로28가길 45,37.5750731548303,127.072581264689
1755264362,골프존파크 대방노블레스24점,screen_golf,서울 동작구 대방동 403-16,서울 동작구 상도로 36,37.4996089832713,126.924548134648
1169898586,골프존파크 노량진큐브점,screen_golf,서울 동작구 노량진동 267-6,서울 동작구 노량진로 80,37.5129128964314,126.934577699048
890091340,골프존파크 사당지현골프점,screen_golf,서울 동작구 사당동 1019-30,서울 동작구 동작대로13길 3,37.48159883798235,126.98132669957515
936419149,골프존파크 대방스크린점,screen_golf,서울 동작구 대방동 341-2,서울 동작구 노량진로 4,37.5123988064707,126.926063354617
980157631,골프존파크 신대방쉐르빌점,screen_golf,서울 동작구 신대방동 395-66,서울 동작구 보라매로5길 43,37.4914360922521,126.923365659064
2140123655,골프존파크 신대방스크린파크점,screen_golf,서울 동작구 신대방동 395-69,서울 동작구 보라매로5가길 16,37.4913320514128,126.924103024305
1396947976,골프존파크 신대방이차도골프점,screen_golf,서울 동작구 신대방동 707,서울 동작구 여의대방로 30,37.49468043033954,126.91149443350461
1861735210,프렌즈스크린 노량진점,screen_golf,서울 동작구 노량진동 40-14,서울 동작구 노량진로 114,37.5129708702642,126.93850819215369
94106952,블루스톤 야외스크린골프,screen_golf,서울 동작구 흑석동 26-220,서울 동작구 현충로 131,37.5068638641954,126.96816461951
1470850734,이수역골프존풀스크린,screen_golf,서울 동작구 사당동 105,서울 동작구 동작대로29길 91,37.487446126996524,126.97977165290641
8427916,서울숲골프존,screen_golf,서울 동작구 상도동 25-1,서울 동작구 상도로 213,37.50541173767371,126.94267978353064
1661809562,지현스크린골프,screen_golf,서울 동작구 사당동 1019-30,서울 동작구 동작대로13길 3,37.4815736018607,126.981276958644
16412750,대방스크린골프,screen_golf,서울 동작구 대방동 341-2,서울 동작구 노량진로 4,37.5124024981933,126.926203605276
13135107,테마골프&스크린,screen_golf,서울 동작구 상도동 414,서울 동작구 만양로 26,37.507405692668584,126.94862170488841
462855757,Qed골프아카데미 신대방점,screen_golf,서울 동작구 신대방동 565,서울 동작구 여의대방로 22,37.49371054007865,126.91095279352325
16088844,보라매스크린골프,screen_golf,서울 동작구 신대방동 395-65,서울 동작구 보라매로5길 35,37.4921352704192,126.923360421617
2132213586,베스트스크린골프,screen_golf,서울 동작구 대방동 401-7,서울 동작구 상도로 8,37.499718496084874,126.92116100381341
1765422820,이차도골프아카데미,screen_golf,서울 동작구 신대방동 707,서울 동작구 여의대방로 28,37.4952734402586,126.911691628006
2020079718,상도역스크린파크골프스테이션,screen_golf,서울 동작구 상도1동 702-1,서울 동작구 상도로 지하 272,37.5029111553734,126.9478840192
15525637,세븐스크린골프연습장,screen_golf,서울 동작구 상도동 324-43,서울 동작구 국사봉1길 31,37.499086264857276,126.93019063187594
1599586408,프렌즈스크린 사당남성역점,screen_golf,서울 동작구 사당동 318-8,서울 동작구 사당로 244,37.4831158539913,126.974931412801
25826961,BM스포츠센터 골프연습장,screen_golf,서울 동작구 사당동 1008-22,서울 동작구 동작대로 59,37.48180881015984,126.9815629473141
439979633,GDR더블원골프아카데미 동작점,screen_golf,서울 동작구 노량진동 325,서울 동작구 만양로 19,37.507137963186736,126.94435461121026
14597101,두영스크린골프,screen_golf,서울 동작구 신대방동 708,서울 동작구 보라매로3길 29,37.4912424738407,126.924921788012
863712617,티업스크린,screen_golf,서울 동작구 상도동 358-7,서울 동작구 상도로19길 39,37.5037279059725,126.93595077388
856379429,KJ골프아카데미,screen_golf,서울 동작구 사당동 127-50,서울 동작구 동작대로29길 59,37.4885794236347,126.978794401777
20558948,수진스크린골프,screen_golf,서울 동작구 상도동 325-21,서울 동작구 상도로 94,37.49977248894822,126.93114220457588
16421327,래미안골프클럽,screen_golf,서울 동작구 상도동 436,서울 동작구 상도로53길 13,37.4985046529333,126.952933039537
1882537087,GDRE스크린골프연습장,screen_golf,서울 동작구 신대방동 395-66,서울 동작구 보라매로5길 43,37.4916803983593,126.923571209695
38119122,트윈스2 골프아카데미골프존,screen_golf,서울 동작구 흑석동 97-1,서울 동작구 서달로 166,37.507795791325755,126.96297060858976
233162746,미래골프아카데미,screen_golf,서울 동작구 신대방동 395-70,서울 동작구 보라매로5길 15,37.49217550243037,126.92427178755337
25826924,보라매e편한세상휘트니스 골프연습장,screen_golf,서울 동작구 신대방동 720,서울 동작구 보라매로 70,37.4954290055065,126.928558860306
8084943,스크린S골프존 동작구점,screen_golf,서울 동작구 대방동 393-65,서울 동작구 상도로 69,37.4999952151311,126.928409755511
1303994277,SG골프 사당점,screen_golf,서울 동작구 사당동 120,서울 동작구 동작대로29길 77,37.4886477221124,126.977824220393
1681742332,구찌골프스튜디오,screen_golf,서울 동작구 대방동 341-2,서울 동작구 노량진로 4,37.5123943990542,126.926219448412
25826944,흑석한강센트레빌휘트니스 골프연습장,screen_golf,서울 동작구 흑석동 335,서울 동작구 흑석한강로 12,37.5057926224947,126.965161182132
16086307,SJ스크린골프존,screen_golf,서울 동작구 상도동 325-21,서울 동작구 상도로 94,37.4997733978631,126.931155774452
1114757911,서울레저,screen_golf,서울 동작구 상도동 25-1,서울 동작구 상도로 213,37.5055134929938,126.942559821934
494088390,골프존파크 여의도골프점,screen_golf,서울 영등포구 여의도동 53-12,서울 영등포구 국제금융로 110,37.51825715191565,126.93368506398076
1104298877,골프존파크 여의도리버스크린점,screen_golf,서울 영등포구 여의도동 61-5,서울 영등포구 63로 36,37.5194086017605,126.938626209197
12122362,골프존파크 공덕역점,screen_golf,서울 마포구 공덕동 371,서울 마포구 마포대로 115-12,37.545691241148,126.951151693462
128580354,골프존파크 노고산 신촌역점,screen_golf,서울 마포구 노고산동 107-17,서울 마포구 백범로 8,37.5540042142868,126.936731657072
442302456,골프존파크 서교점,screen_golf,서울 마포구 서교동 449-1,서울 마포구 월드컵북로7길 11,37.55816657523702,126.91737366259339
103079382,골프존파크 상암블랙점,screen_golf,서울 마포구 상암동 1590,서울 마포구 월드컵북로 434,37.5816825106901,126.885960504078
561361350,골프존파크 서교홍대입구역점,screen_golf,서울 마포구 서교동 353-2,서울 마포구 양화로 129,37.555048701117,126.920697592935
1760729106,골프존파크 상수로하스크린점,screen_golf,서울 마포구 상수동 93-45,서울 마포구 와우산로 48,37.5485308769749,126.923420407563
1484807805,골프존파크 신수광흥창역점,screen_golf,서울 마포구 신수동 103-4,서울 마포구 창전로 70,37.5485781917603,126.933078816892
134399011,골프존파크 성산오케이골프존점,screen_golf,서울 마포구 성산동 108-1,서울 마포구 월드컵북로 114,37.5634293906191,126.913726676214
1294182547,골프존파크 애오개아이파크점,screen_golf,서울 마포구 아현동 780,서울 마포구 굴레방로1길 25,37.55388772437511,126.95599006247865
886625822,골프존파크 상암DMC골프점,screen_golf,서울 마포구 상암동 115-11,서울 마포구 월드컵북로 347,37.57635175958543,126.89315941154202
12555968,골프존파크 성산아트스크린골프점,screen_golf,서울 마포구 성산동 266-1,서울 마포구 월드컵로 158,37.56198582931073,126.90528260955162
348663454,골프존파크 상암엠점,screen_golf,서울 마포구 상암동 1615,서울 마포구 매봉산로 80,37.5785439281572,126.894215908588
1571774384,GDR아카데미 마포상암점,screen_golf,서울 마포구 상암동 1615,서울 마포구 매봉산로 80,37.5785367830932,126.894286107809
423912324,공덕스크린골프존,screen_golf,서울 마포구 도화동 553,서울 마포구 독막로 331,37.5430019123445,126.949378053549
8663845,골드스크린골프존 마포구점,screen_golf,서울 마포구 도화동 556,서울 마포구 마포대로 73,37.5422376784008,126.948945192833
1962557803,디자인스크린골프,screen_golf,서울 마포구 염리동 150,서울 마포구 백범로 139,37.54564114809619,126.9477886548973
1968013336,GNC마포힐 스크린골프 마포점,screen_golf,서울 마포구 마포동 33-1,서울 마포구 마포대로 25,37.5393787591526,126.944834174025
1794427566,상암영스크린골프존,screen_golf,서울 마포구 상암동 1599,서울 마포구 월드컵북로54길 11,37.5808874538444,126.888390109866
27351681,P&G스크린골프,screen_golf,서울 마포구 신공덕동 5-27,서울 마포구 만리재옛길 32,37.5468501051927,126.956202415316
864168150,와이즈골프 상암점,screen_golf,서울 마포구 상암동 1605,서울 마포구 월드컵북로 396,37.57928097619845,126.89030574622592
19479203,성산스크린골프존,screen_golf,서울 마포구 성산동 604,서울 마포구 월드컵북로 216,37.5694065036334,126.90537395648
7864717,마포서강스크린골프존,screen_golf,서울 마포구 구수동 68-32,서울 마포구 창전로 32,37.5451483277772,126.931919752732
183128394,더시그니처골프스위트 상암점,screen_golf,서울 마포구 상암동 12,서울 마포구 월드컵북로48길 29-5,37.5772724601225,126.895039585306
939830299,골프존 디바 상암점,screen_golf,서울 마포구 성산동 592-3,서울 마포구 월드컵로34길 8,37.5648025402073,126.903302790205
14572415,드림실내골프연습장,screen_golf,서울 마포구 마포동 253,서울 마포구 마포대로4라길 30-7,37.536898779341,126.945857703121
9100848,서경골프클럽,screen_golf,서울 마포구 서교동 374-11,서울 마포구 잔다리로 58,37.5531475912323,126.918051432858
8352527,삼창스크린골프,screen_golf,서울 마포구 도화동 173,서울 마포구 마포대로 63-8,37.542273227733,126.947822686563
2064103263,온앤오프골프,screen_golf,서울 마포구 아현동 737,서울 마포구 마포대로 204,37.55202195921963,126.9565343668211
19593483,예인골프존,screen_golf,서울 마포구 상암동 34-51,서울 마포구 월드컵북로43길 38,37.574651835536585,126.89444102694296
18011253,한강골프스쿨,screen_golf,서울 마포구 용강동 179,서울 마포구 토정로31길 12,37.5414706553159,126.942473409092
2012516340,썬시티 스크린골프,screen_golf,서울 마포구 용강동 112-2,서울 마포구 토정로 295,37.5412038352103,126.942219022518
1445535779,더프라자 골프 마포점,screen_golf,서울 마포구 아현동 738,서울 마포구 마포대로 201,37.5522161886163,126.955497630891
445757988,이지골프,screen_golf,서울 마포구 공덕동 249-40,서울 마포구 마포대로10길 12,37.5470088995798,126.954399674191
1464711831,골프존GDR아카데미 서교점,screen_golf,서울 마포구 서교동 487,서울 마포구 월드컵북로5나길 18,37.5573354504624,126.916796250017
1095049981,마포골프아카데미,screen_golf,서울 마포구 용강동 50,서울 마포구 토정로 310,37.5399302172294,126.943033553034
1705466808,대홍골프아카데미,screen_golf,서울 마포구 성산동 208-1,서울 마포구 월드컵북로12길 20,37.5618235236292,126.915819017452
1616703979,프렌즈스크린,screen_golf,서울 마포구 상암동 12-90,서울 마포구 월드컵북로48길 29-5,37.5772030866968,126.89504307887
1850206784,더루틴 골프스튜디오,screen_golf,서울 마포구 아현동 780,서울 마포구 굴레방로1길 25,37.5538345604528,126.955976513233
9090895,서광스크린골프,screen_golf,서울 마포구 신수동 89-6,서울 마포구 광성로 36-1,37.5496345745773,126.937107662089
19534653,선스크린골프,screen_golf,서울 마포구 서교동 449-6,서울 마포구 월드컵북로 43,37.55801732500473,126.91782540448655
1509129073,골플러스,screen_golf,서울 마포구 염리동 532,서울 마포구 대흥로24길 24,37.552429754874986,126.94685367209793
1899024365,프렌즈스크린,screen_golf,서울 마포구 아현동 737,서울 마포구 마포대로 204,37.5522012503068,126.956513892379
8411183,시카고스크린,screen_golf,서울 마포구 아현동 737,서울 마포구 마포대로 204,37.5520255848656,126.956593212167
1005902593,이스트,screen_golf,서울 마포구 상수동 354-7,서울 마포구 토정로 127,37.5452640136456,126.925071329017
411933693,골프존파크 홍은한독스크린점,screen_golf,서울 서대문구 홍은동 426,서울 서대문구 연희로 286,37.5825971730375,126.936481038923
1765930761,골프존파크 북가좌케렌시아점,screen_golf,서울 서대문구 북가좌동 150,서울 서대문구 수색로 102,37.5727902883612,126.908353615692
963141914,골프존파크 충정로서대문스카이점,screen_golf,서울 서대문구 미근동 332,서울 서대문구 충정로 70,37.56484094196175,126.96632896273351
1945889323,골프존파크 북가좌N1스크린점,screen_golf,서울 서대문구 북가좌동 343-1,서울 서대문구 증가로 259,37.583664728001,126.911161629825
1364117135,GDR아카데미 서대문충정로점,screen_golf,서울 서대문구 합동 117,서울 서대문구 서소문로 37,37.56060239199627,126.96542089379845
20533126,골프존월드스크린골프,screen_golf,서울 서대문구 홍제동 469,서울 서대문구 통일로 397,37.5852289864962,126.947507408626
15513395,골프존파크 연희아시아나점,screen_golf,서울 서대문구 연희동 133-1,서울 서대문구 증가로 9,37.569208253803,126.9313952777
1310408347,골프존파크 홍은스크린점,screen_golf,서울 서대문구 홍은동 48-98,서울 서대문구 홍은중앙로 29,37.5941373503825,126.946069900435
492375186,골프존파크 홍제월드점,screen_golf,서울 서대문구 홍제동 469,서울 서대문구 통일로 397,37.585557691709894,126.94715506697891
1232833979,DMC가재울골프아카데미,screen_golf,서울 서대문구 북가좌동 68-3,서울 서대문구 증가로 193,37.5794735579583,126.916441048892
7998887,연희스크린골프,screen_golf,서울 서대문구 연희동 218-1,서울 서대문구 연희로 63,37.5643339055814,126.928425199347
266782970,SK24시스크린골프,screen_golf,서울 서대문구 합동 116,서울 서대문구 서소문로 45,37.5612873891924,126.966249070826
8482608,스카이원골프클럽,screen_golf,서울 서대문구 남가좌동 387,서울 서대문구 모래내로 151,37.56982485973383,126.91779771861967
1522112093,골드스윙,screen_golf,서울 서대문구 연희동 87-5,서울 서대문구 연희로 148,37.5702758728462,126.934460771925
12545121,서대문골프존,screen_golf,서울 서대문구 충정로3가 463,서울 서대문구 충정로 36,37.5619824405733,126.96448309877
1478199545,그린골프연습장,screen_golf,서울 서대문구 홍은동 277,서울 서대문구 연희로37길 3,37.5820184093077,126.935878102418
192834232,라싸스크린골프,screen_golf,서울 서대문구 남가좌동 105-1,서울 서대문구 모래내로 143,37.56950015385798,126.91730001928556
1821381726,홀인원스크린골프,screen_golf,서울 서대문구 홍제동 279-16,서울 서대문구 간호대로 15,37.5965890910906,126.948405314378
25826920,명지전문대학 골프연습장,screen_golf,서울 서대문구 홍은동 323-15,서울 서대문구 가좌로 134,37.5842192513867,126.926141827362
25826915,누리온가족건강센터 골프연습장,screen_golf,서울 서대문구 영천동 100,서울 서대문구 독립문로 10,37.5703128813669,126.95844806895
111210755,오골프,screen_golf,서울 서대문구 홍은동 455,서울 서대문구 세검정로1길 93,37.5944884847815,126.945520469677
25826952,도시관리공단체육회관 골프연습장,screen_golf,서울 서대문구 홍은동 산 26-155,서울 서대문구 백련사길 39,37.5808239473865,126.931520474829
807288675,이너스골프,screen_golf,서울 서대문구 홍제동 469,서울 서대문구 통일로 397,37.58558198046599,126.94707013559398
854448397,골프존파크 응암NH점,screen_golf,서울 은평구 응암동 397-95,서울 은평구 응암로 244,37.5935177263446,126.918293659271
924696519,골프존파크 증산베로니스점,screen_golf,서울 은평구 증산동 257,서울 은평구 증산로 315,37.58505176069503,126.9105044485606
955882032,골프존파크 교북경희궁점,screen_golf,서울 종로구 교북동 101,서울 종로구 송월길 147,37.57134576661099,126.96215244617183
1731398699,제이투스크린골프,screen_golf,서울 은평구 응암동 599-2,서울 은평구 응암로13길 11-2,37.5891499360977,126.916037344091
144399658,골프존파크 녹번우리스크린점,screen_golf,서울 은평구 녹번동 19-121,서울 은평구 통일로 636,37.6035166639674,126.935309278166
15637138,골프존파크 역촌아이원점,screen_golf,서울 은평구 역촌동 31-6,서울 은평구 진흥로1길 28,37.60284082734128,126.91908976879996
11974258,골프존파크 충정로지니점,screen_golf,서울 중구 충정로1가 58-3,서울 중구 새문안로 26,37.567451768064196,126.96865613699806
447934207,골프존파크 정동이화골프존점,screen_golf,서울 중구 정동 17-4,서울 중구 정동길 17,37.5671486431987,126.970642767041
367175997,골프존파크 사직스페이스본점,screen_golf,서울 종로구 사직동 9,서울 종로구 사직로8길 4,37.57464746771807,126.97001041815928
16049691,네오메트로 스크린골프,screen_golf,서울 은평구 응암동 600-9,서울 은평구 응암로13길 11-7,37.5892403116643,126.916426734764
1415866951,에시앙 경북궁점,screen_golf,서울 종로구 적선동 122-1,서울 종로구 새문안로5가길 32,37.574906898585,126.973546769537
115830275,더로얄골프클럽,screen_golf,서울 은평구 증산동 177-6,서울 은평구 증산로 253,37.5809972231238,126.905784965965
585763083,GDR아카데미 경복궁점,screen_golf,서울 종로구 적선동 122-1,서울 종로구 새문안로5가길 32,37.574906898585,126.973546769537
1708033836,골프존파크 서초강남역점,screen_golf,서울 서초구 서초동 1322-12,서울 서초구 서운로 133,37.49537594274149,127.02470629683528
2058502939,골프존파크 서초역점,screen_golf,서울 서초구 서초동 1502-12,서울 서초구 반포대로27길 13,37.4896947276818,127.007603101372
1711848687,골프존파크 잠원샤르망점,screen_golf,서울 서초구 잠원동 15-4,서울 서초구 나루터로 69,37.5156642752609,127.017428490187
1719894827,골프존파크 반포시티점,screen_golf,서울 서초구 잠원동 76-4,서울 서초구 반포대로 306,37.50636448881441,127.00089913881064
251491756,골프존파크 양재드래곤점,screen_golf,서울 서초구 양재동 70-2,서울 서초구 바우뫼로27길 7-11,37.47679688921313,127.0362147947396
25665445,골프존파크 방배이수역더스크린점,screen_golf,서울 서초구 방배동 1823,서울 서초구 동작대로 134,37.48859539896889,126.98284917441556
587882421,골프존파크 양재스크린점,screen_golf,서울 서초구 양재동 20-6,서울 서초구 바우뫼로37길 23-6,37.4798639364001,127.039009969216
1223973147,골프존파크 방배코발트나인점,screen_golf,서울 서초구 방배동 481-5,서울 서초구 남부순환로289길 5,37.4757567105212,126.988525112295
616289564,골프존파크 양재골프존점,screen_golf,서울 서초구 양재동 81-1,서울 서초구 바우뫼로 180,37.47830041861021,127.03980959934623
953184594,골프존파크 서초그린필드점,screen_golf,서울 서초구 서초동 1364-1,서울 서초구 서운로 20,37.4857700443803,127.029732405153
1064899627,골프존파크 양재핀하이스크린점,screen_golf,서울 서초구 양재동 2-22,서울 서초구 남부순환로 2640-11,37.48454356297854,127.03965009620666
1271464645,GDR아카데미 서초남부터미널점,screen_golf,서울 서초구 서초동 1445-13,서울 서초구 서초중앙로 18,37.4840479816486,127.017348781451
1539402146,골프존파크 방배역점,screen_golf,서울 서초구 방배동 1001-8,서울 서초구 효령로 182,37.4823859269018,127.003961729918
72516828,골프존파크 반포서래마을점,screen_golf,서울 서초구 반포동 93-1,서울 서초구 사평대로 126,37.499767317324505,126.99835228932919
430903457,골프존파크 서초교대JM점,screen_golf,서울 서초구 서초동 1623-3,서울 서초구 서초중앙로 58,37.4871531044431,127.015567512331
1045744669,골프존파크 서초스페이스점,screen_golf,서울 서초구 서초동 1629-3,서울 서초구 사임당로 86,37.4895392958513,127.01946905526735
1335217181,골프존파크 내곡청계점,screen_golf,서울 서초구 내곡동 391,서울 서초구 청계산로9길 70,37.4534628304574,127.059791842761
1814161603,골프존파크 방배블랙홀점,screen_golf,서울 서초구 방배동 1024-4,서울 서초구 방배로 28,37.4775691962666,127.00067720431
1901353978,골프존파크 서초뱅뱅사거리점,screen_golf,서울 서초구 서초동 1339-7,서울 서초구 효령로 431,37.489651351695,127.030652104462
1601686994,골프존파크 양재하이브랜드점,screen_golf,서울 서초구 양재동 215,서울 서초구 매헌로 16,37.4624678886656,127.03694824934
1131453499,골프존파크 서초교대역점,screen_golf,서울 서초구 서초동 1677-14,서울 서초구 서초대로 344,37.4950165842482,127.019070166369
2058812776,골프존파크 방배보아스점,screen_golf,서울 서초구 방배동 774,서울 서초구 방배로 245,37.4947653166116,126.988863711467
18843108,골프존파크 하일스크린점,screen_golf,서울 서초구 서초동 1449-10,서울 서초구 반포대로4길 54,37.4818731606216,127.015824198872
16326929,DK스크린골프,screen_golf,서울 서초구 방배동 453-24,서울 서초구 방배천로 36,37.4798006305822,126.982683857113
809095932,GDR골프아카데미 서래마을,screen_golf,서울 서초구 반포동 93-1,서울 서초구 사평대로 126,37.4997673173174,126.99835228932919
26844676,하늘채골프존,screen_golf,서울 서초구 양재동 138-4,서울 서초구 바우뫼로 101,37.47499603304324,127.03219606018939
1640753106,지원스크린,screen_golf,서울 서초구 서초동 1330-4,서울 서초구 서초대로74길 49,37.4934938757603,127.028125210251
8434723,조이스크린골프존,screen_golf,서울 서초구 서초동 1714-11,서울 서초구 법원로2길 17-8,37.49477507984556,127.01260748344414
1410182699,골프존파크 남부터미널역점,screen_golf,서울 서초구 서초동 1593-7,서울 서초구 효령로53길 45,37.4865263208064,127.01293060603
230779672,G2G 스크린골프,screen_golf,서울 서초구 반포동 54-10,서울 서초구 고무래로10길 10,37.5019013498375,127.010449745972
1648599360,QED골프아카데미 반포직영1호점,screen_golf,서울 서초구 잠원동 76-5,서울 서초구 반포대로 304,37.5061149097152,127.000982828963
20033004,뉴욕스크린골프,screen_golf,서울 서초구 양재동 83-2,서울 서초구 바우뫼로 206,37.4802306306054,127.041696461015
1244940052,더프라자 골프 서초교대점,screen_golf,서울 서초구 서초동 1554-4,서울 서초구 서초대로 264,37.4924479648768,127.010719816566
16327840,올리브스크린골프,screen_golf,서울 서초구 양재동 352-3,서울 서초구 강남대로2길 12,37.4662644715094,127.043094905691
20186764,우성스크린골프,screen_golf,서울 서초구 방배동 445-4,서울 서초구 방배천로 5-1,37.477006570637755,126.98248213343099
10868986,포디그린스크린골프 서초점,screen_golf,서울 서초구 서초동 1558-8,서울 서초구 서초대로48길 44,37.4909449669919,127.011945345256
609852632,골프에반하다 방배본점,screen_golf,서울 서초구 방배동 924-21,서울 서초구 방배로 105,37.48345632313889,126.9959748973426
1072872002,레인지엑스 서초,screen_golf,서울 서초구 서초동 1496-30,서울 서초구 명달로 95,37.4859250923562,127.003844325662
1466195516,더프라자 골프 신사점,screen_golf,서울 서초구 잠원동 28-1,서울 서초구 강남대로 581,37.5136672801833,127.019780718771
645222161,세븐투 골프아카데미,screen_golf,서울 서초구 내곡동 391,서울 서초구 청계산로9길 70,37.45345562464253,127.05978731624576
213099841,샷스크린골프 도곡본점,screen_golf,서울 서초구 양재동 3-14,서울 서초구 논현로 151,37.4828902800636,127.042059743194
1679116127,프렌즈스크린 서초,screen_golf,서울 서초구 서초동 1583-10,서울 서초구 반포대로 58,37.485960621246,127.011646050884
1657164003,라베골프존,screen_golf,서울 서초구 서초동 1457-1,서울 서초구 효령로 274,37.4843925855414,127.014214669086
937749515,스페이스지 골프아카데미,screen_golf,서울 서초구 서초동 1678-1,서울 서초구 서초대로 346,37.49510662522,127.019436575724
911996199,프렌즈스크린 내곡점,screen_golf,서울 서초구 신원동 612,서울 서초구 청계산로 203,37.44745830610112,127.05647359675127
889291698,골프존파크 용답M골프스크린,screen_golf,서울 성동구 용답동 182-11,서울 성동구 자동차시장길 42,37.5598889381085,127.055484266739
601687233,골프존파크 행당블랙점,screen_golf,서울 성동구 행당동 298-9,서울 성동구 왕십리로21나길 5,37.5602714556178,127.032354953481
369856320,골프존파크 성수테라스크린점,screen_golf,서울 성동구 성수동2가 289-290,서울 성동구 아차산로5길 26,37.547793940360194,127.05354023422649
142016301,골프존파크 성수센터점,screen_golf,서울 성동구 성수동1가 14-30,서울 성동구 상원길 36,37.54724910950493,127.04874860985642
7842794,골프존파크 행당돔스크린점,screen_golf,서울 성동구 행당동 168-151,서울 성동구 왕십리광장로 17,37.5620824361442,127.038441607463
799765912,골프존파크 옥수삼성스크린점,screen_golf,서울 성동구 옥수동 250-7,서울 성동구 한림말길 31,37.5410783121454,127.01462258594
2060847803,골프존파크 행당레몬스크린점,screen_golf,서울 성동구 행당동 140,서울 성동구 고산자로6길 40,37.5582595097116,127.035555878012
907666142,프렌즈아카데미 성수,screen_golf,서울 성동구 성수동2가 289-319,서울 성동구 성수이로 147,37.548072256044115,127.05756787576941
1136483186,프렌즈스크린 서울마장점,screen_golf,서울 성동구 마장동 768-11,서울 성동구 마장로35나길 37,37.5675480750003,127.043092065547
13607922,동방스크린골프,screen_golf,서울 성동구 마장동 517,서울 성동구 고산자로 300,37.5663031491668,127.037044750704
373082254,골프스타디움 성수본점,screen_golf,서울 성동구 성수동2가 289-20,서울 성동구 아차산로7길 21,37.547302274262854,127.05489442010644
1209939440,센트라스골프존,screen_golf,서울 성동구 하왕십리동 1070,서울 성동구 왕십리로 410,37.566355205994036,127.02384910317635
339860683,깨비스크린골프존,screen_golf,서울 성동구 금호동1가 172,서울 성동구 난계로 35,37.5555106712341,127.024520160503
1785843241,GDR골프아카데미 성수점,screen_golf,서울 성동구 성수동1가 33-5,서울 성동구 뚝섬로5길 11,37.541095388518,127.050642156252
1181986374,JS스크린골프 성수카페거리점,screen_golf,서울 성동구 성수동2가 323,서울 성동구 성수이로 66,37.5406171787483,127.056131915783
359880339,EOS프렌즈골프아카데미,screen_golf,서울 성동구 용답동 235-2,서울 성동구 천호대로 432,37.56077953809044,127.06685626313403
10897322,태종스크린골프,screen_golf,서울 성동구 마장동 776-3,서울 성동구 마장로 260,37.5654989411566,127.038665212601
898080905,TPZ골프스튜디오 옥수직영점,screen_golf,서울 성동구 옥수동 262-1,서울 성동구 독서당로 202,37.542997591951,127.013352235341
327291086,QED골프아카데미 성수점,screen_golf,서울 성동구 성수동2가 834,서울 성동구 성수이로 137,37.5466225721821,127.057520365325
840947013,키움골프GDR아카데미 센트라스점,screen_golf,서울 성동구 상왕십리동 816,서울 성동구 왕십리로 410,37.5673328035876,127.023764521353
10621169,온그린골프앤스크린,screen_golf,서울 성동구 옥수동 191-3,서울 성동구 한림말길 56,37.5409716331419,127.017294071409
16960095,성수골프존,screen_golf,서울 성동구 성수동2가 289-21,서울 성동구 아차산로7길 15-1,37.5464636364309,127.0544796404
10977871,SL스크린골프,screen_golf,서울 성동구 성수동2가 277-156,서울 성동구 아차산로 137,37.5438231532549,127.059370574408
1619487403,라이프짐골프아카데미,screen_golf,서울 성동구 성수동2가 308-4,서울 성동구 성수일로4길 25,37.5425039927811,127.051929667481
1607208282,JS골프GDR아카데미,screen_golf,서울 성동구 금호동3가 1331,서울 성동구 동호로 102,37.5488888355986,127.016439253183
775491790,g스윙스크린골프,screen_golf,서울 성동구 홍익동 1,서울 성동구 청계천로 484,37.5693403897218,127.030831883901
867603199,큐이디골프아카데미 장안평점,screen_golf,서울 성동구 용답동 235-8,서울 성동구 자동차시장1길 85,37.56050817444325,127.0671446321918
498291824,BJ골프아카데미,screen_golf,서울 성동구 성수동2가 573-7,서울 성동구 성덕정길 127,37.53673139308515,127.05753087022867
725444730,유한펍,screen_golf,서울 성동구 성수동1가 656-54,서울 성동구 성수일로 19,37.5423333333719,127.04856549491
9829853,무학골프존,screen_golf,서울 성동구 행당동 319-39,서울 성동구 고산자로10길 8,37.558616466878455,127.03501279252556
10029893,풀스윙골프클럽,screen_golf,서울 성동구 성수동2가 834,서울 성동구 성수이로 137,37.5466604069538,127.057535105204
1359920029,GT장한평골프연습장,screen_golf,서울 성동구 용답동 235-10,서울 성동구 자동차시장1길 81,37.5605454466117,127.066559519612
1661666788,바로골프스튜디오,screen_golf,서울 성동구 성수동2가 289-5,서울 성동구 아차산로7나길 18,37.5477019980794,127.057460087472
1455143529,골프존파크 월곡골프파크점,screen_golf,서울 성북구 하월곡동 71-53,서울 성북구 오패산로5길 9-14,37.60495057218163,127.03630401151598
12319190,골프존파크 하월곡매일스크린,screen_golf,서울 성북구 하월곡동 227,서울 성북구 화랑로11길 26,37.60329535337094,127.0420345769851
1121506254,골프존파크 종암버디스크린골프점,screen_golf,서울 성북구 종암동 132,서울 성북구 종암로 132,37.60220167263115,127.03316921026723
1146725304,골프존파크 석관꿈의숲스크린점,screen_golf,서울 성북구 석관동 242-1,서울 성북구 화랑로 254,37.61089579407,127.057691015604
1499546497,그린골프존스크린,screen_golf,서울 성북구 정릉동 1035-6,서울 성북구 북악산로 851,37.599140542939935,127.01894949910898
1667124116,정릉스크린,screen_golf,서울 성북구 정릉동 380-1,서울 성북구 정릉로 195,37.6072535060963,127.006410052208
15558060,챔프스크린골프,screen_golf,서울 성북구 종암동 133,서울 성북구 종암로23길 35,37.5995799096808,127.032739998497
12163123,동호골프클럽,screen_golf,서울 성북구 석관동 270-1,서울 성북구 돌곶이로22가길 27,37.60920519745082,127.06017791660003
26584349,라온스크린골프,screen_golf,서울 성북구 정릉동 1034,서울 성북구 정릉로 307,37.603108649472816,127.01803208441292
8112535,코오롱골프존,screen_golf,서울 성북구 삼선동4가 73,서울 성북구 삼선교로23길 23,37.59055754435933,127.0135056571458
1421377867,행복골프훈련소 성북점,screen_golf,서울 성북구 성북동 103,서울 성북구 성북로 105,37.5926575948173,126.997173787094
2092538020,구윤희골프아카데미 성북점,screen_golf,서울 성북구 하월곡동 230,서울 성북구 종암로 167,37.60464114682805,127.0313639903508
2058676832,TS GDR 골프아카데미 정릉,screen_golf,서울 성북구 정릉동 401-46,서울 성북구 보국문로 50,37.6088642186386,127.01008529078
1814314232,프렌즈아카데미 성신여대입구역점,screen_golf,서울 성북구 동선동1가 1-2,서울 성북구 동소문로 106,37.5925744013507,127.017088604785
1035284318,프렌즈스크린 월곡스크린골프,screen_golf,서울 성북구 상월곡동 57-3,서울 성북구 장월로1길 57,37.6060016532849,127.045213892012
102881483,명품스크린골프&아카데미,screen_golf,서울 성북구 하월곡동 77-221,서울 성북구 오패산로 98,37.61086306820873,127.03563980000025
10387884,버디 스크린골프 성북구점,screen_golf,서울 성북구 종암동 132,서울 성북구 종암로 132,37.6021493750094,127.033311874568
25826838,GMC골프연습장,screen_golf,서울 성북구 길음동 1080,서울 성북구 삼양로 22,37.6053121591909,127.024729021431
7912657,북악스크린골프,screen_golf,서울 성북구 성북동 132-3,서울 성북구 성북로 49,37.5920269118286,127.002300807758
24284554,샵비전골프존,screen_golf,서울 성북구 돈암동 609-1,서울 성북구 성북로4길 52,37.59655375490871,127.01250687059802
16556689,한진스크린골프연습장,screen_golf,서울 성북구 돈암동 609-1,서울 성북구 성북로4길 52,37.59658349037955,127.01248083137966
1011738473,성북청춘스크린파크골프,screen_golf,서울 성북구 하월곡동 222-5,서울 성북구 오패산로16길 23,37.6088451862715,127.037470157747
627189792,인골프연습장,screen_golf,서울 성북구 정릉동 1020,서울 성북구 북악산로 809,37.600783674782186,127.01454027249919
8075308,종암골프연습장,screen_golf,서울 성북구 종암동 3-1237,서울 성북구 종암로 120,37.6009526542328,127.034031561684
13296322,꿈의숲스크린골프,screen_golf,서울 성북구 석관동 242-1,서울 성북구 화랑로 254,37.6109011678715,127.057756709002
8058122,자스코 스크린골프클럽,screen_golf,서울 성북구 종암동 124-8,서울 성북구 정릉로52길 5,37.6037647764208,127.030241349473
546913604,강지만골프아카데미 성북점,screen_golf,서울 성북구 하월곡동 230,서울 성북구 종암로 167,37.6044600871766,127.031215560021
7989338,BM스크린골프,screen_golf,서울 성북구 보문동4가 8,서울 성북구 보문로 94,37.5837251888543,127.020618925737
19010386,B&B스크린골프 성북구점,screen_golf,서울 성북구 동선동4가 111-1,서울 성북구 동소문로 125,37.5940725966981,127.018121621625
2106389031,골프존네&노,screen_golf,서울 성북구 삼선동3가 116,서울 성북구 삼선교로16길 35,37.58639791477,127.011074067868
658470028,스포벡지디알아카데미 안암점,screen_golf,서울 성북구 안암동5가 86-132,서울 성북구 고려대로28길 16,37.5855538348408,127.030625718249
14515019,SM골프아카데미,screen_golf,서울 성북구 장위동 316-3,서울 성북구 월계로40길 7,37.6228957209053,127.048413960709
75514475,골프존파크 숭인임팩트골프점,screen_golf,서울 종로구 숭인동 200-6,서울 종로구 종로 394,37.5744376265154,127.021272936884
104589998,골프존파크 명륜성대스크린점,screen_golf,서울 종로구 명륜3가 127,서울 종로구 창경궁로29길 25,37.58385310023958,126.99740734565198
1887412223,백퍼센트헬스골프아카데미,screen_golf,서울 종로구 혜화동 90,서울 종로구 대학로 146,37.5842585573663,127.002079795576
72161910,골프존파크 창신동묘역점,screen_golf,서울 종로구 창신동 328-18,서울 종로구 지봉로 19,37.5717391836367,127.015201360308
25826956,스톤휘트니스 골프연습장,screen_golf,서울 종로구 창신동 23-76,서울 종로구 지봉로 81,37.5773794325772,127.015029300838
2017387096,골프존파크 연건대학로점,screen_golf,서울 종로구 연건동 195-10,서울 종로구 대학로 47,37.5754414348126,127.00184748293
1144093695,골프존파크 황학베네치아점,screen_golf,서울 중구 황학동 2545,서울 중구 청계천로 400,37.5713768993941,127.021533552425
2002789958,골프존파크 석촌호수점,screen_golf,서울 송파구 석촌동 1-1,서울 송파구 석촌호수로 188,37.5062249239007,127.097766165609
545215299,골프존파크 문정공간앤아지트점,screen_golf,서울 송파구 문정동 42-5,서울 송파구 동남로 104,37.4894723797323,127.122988029921
1539979359,골프존파크 송파JS골프존점,screen_golf,서울 송파구 송파동 48-13,서울 송파구 오금로 152,37.510300740513,127.111367846769
2009314862,골프존파크 잠실하이존점,screen_golf,서울 송파구 잠실동 196,서울 송파구 백제고분로 75,37.5099014178009,127.07919580479
303006462,브라보퍼블릭스크린골프 위례점,screen_golf,서울 송파구 장지동 904-6,서울 송파구 위례순환로 490,37.476679639441,127.133171352482
72993878,골프존파크 마천샤인스크린점,screen_golf,서울 송파구 마천동 22-3,서울 송파구 마천로 243,37.499626282357,127.144836508635
1095286402,골프존파크 석촌골프앤점,screen_golf,서울 송파구 석촌동 14-7,서울 송파구 백제고분로 275,37.5029285848335,127.097234849229
1232698382,골프존파크 문정테라스크린점,screen_golf,서울 송파구 문정동 642,서울 송파구 송파대로 201,37.4877591416484,127.120778073295
1013779323,골프존파크 위례위팍점,screen_golf,서울 송파구 거여동 604-2,서울 송파구 위례서로 244,37.4863108743444,127.142144634103
2035770004,골프존파크 석촌버디스크린골프점,screen_golf,서울 송파구 석촌동 175-11,서울 송파구 송파대로45길 3-24,37.5054654874346,127.105995303509
101588601,골프존파크 문정테라스크린별관점,screen_golf,서울 송파구 문정동 642,서울 송파구 송파대로 201,37.48735141387688,127.11947032205215
2065237354,골프존파크 방이모비딕점,screen_golf,서울 송파구 방이동 24-3,서울 송파구 오금로11길 7,37.514553031691904,127.10796724614161
1802360327,골프존파크 거여모비딕점,screen_golf,서울 송파구 거여동 42-3,서울 송파구 거마로 14,37.4941935992567,127.145259116225
1051679194,골프존파크 방이알파고스크린점,screen_golf,서울 송파구 방이동 39-2,서울 송파구 오금로11길 33,37.5155056089158,127.110653920151
191416517,골프존 파크 로얄,screen_golf,서울 송파구 삼전동 1-1,서울 송파구 석촌호수로 130,37.5071986093995,127.091389701622
1135262268,골프존파크 잠실스카이골프점,screen_golf,서울 송파구 잠실동 175-9,서울 송파구 올림픽로 82,37.51134982055872,127.07980811137278
1089161465,골프존파크 가락준스크린골프점,screen_golf,서울 송파구 가락동 76-2,서울 송파구 송파대로30길 39,37.49607773265377,127.12117369137556
938964340,골프존파크 오금에이원스크린점,screen_golf,서울 송파구 오금동 99-27,서울 송파구 동남로29길 8-10,37.5058029668851,127.138581664757
1800231411,골프존파크 잠실스크린점,screen_golf,서울 송파구 잠실동 195-10,서울 송파구 백제고분로7길 8-12,37.5099046565826,127.079738709977
374367840,골프존파크 가락상떼스크린점,screen_golf,서울 송파구 가락동 80,서울 송파구 송파대로28길 27,37.495018081161156,127.12035891942759
88273066,골프존 파크 가락지앤지점,screen_golf,서울 송파구 가락동 113,서울 송파구 중대로12길 6,37.49400716180378,127.12297398033334
746372444,골프존파크 방이프로탑스크린점,screen_golf,서울 송파구 방이동 164-5,서울 송파구 위례성대로12길 18,37.51216710071317,127.12193037480029
1729029142,골프존파크 문정가든파이브점,screen_golf,서울 송파구 문정동 632,서울 송파구 충민로 52,37.47763829457669,127.1232230090244
1656052679,골프존파크 가락MG송파스크린점,screen_golf,서울 송파구 가락동 8-1,서울 송파구 중대로23길 20,37.5026277218272,127.125791705899
1838903406,골프존파크 방이88점,screen_golf,서울 송파구 방이동 177-3,서울 송파구 위례성대로 48,37.51536200236854,127.11754227396955
2014835608,GDR아카데미 송파법조타운2호점,screen_golf,서울 송파구 문정동 644-2,서울 송파구 법원로11길 7,37.4853495562207,127.119290748988
1348777872,골프존파크 잠실신천스크린점,screen_golf,서울 송파구 잠실동 208-1,서울 송파구 백제고분로17길 56,37.5104774178209,127.085295056334
1151595393,골프존파크 가락가윤스크린점,screen_golf,서울 송파구 가락동 124-27,서울 송파구 송이로 157,37.49314168917041,127.12517195197525
449815526,SM GDR 플러스골프연습장,screen_golf,서울 송파구 가락동 78,서울 송파구 중대로 135,37.49509524433247,127.12242731594377
1062508445,GDR가락CC골프연습장,screen_golf,서울 송파구 가락동 98-7,서울 송파구 송파대로28길 13,37.494280198133,127.119430471658
275723495,GDR아카데미 송파법조타운점,screen_golf,서울 송파구 문정동 642-3,서울 송파구 법원로 128,37.486862053607936,127.12046907933474
1034387999,더스윙블랙 위례점,screen_golf,서울 송파구 장지동 881,서울 송파구 위례광장로 188,37.48119212279872,127.14224912873999
2005726706,더스윙 잠실점,screen_golf,서울 송파구 석촌동 24-11,서울 송파구 송파대로49길 52,37.506213116394896,127.09896160610808
773834855,선골프GDR아카데미,screen_golf,서울 송파구 석촌동 158-2,서울 송파구 석촌호수로 220,37.5070409465765,127.10131518298776
1339351308,GNC904스크린,screen_golf,서울 송파구 장지동 904-1,서울 송파구 위례순환로 472,37.4777703612031,127.134320806707
1397818241,하이존스크린골프,screen_golf,서울 송파구 잠실동 196,서울 송파구 백제고분로 75,37.5099699244096,127.079150635316
852808664,모비딕스크린골프 거여점,screen_golf,서울 송파구 거여동 42-3,서울 송파구 거마로 14,37.4941684045079,127.145231928054
1480924248,프렌즈스크린 평화의문점,screen_golf,서울 송파구 방이동 40-3,서울 송파구 올림픽로 374,37.5168776557826,127.111802932444
20355038,모비딕골프존,screen_golf,서울 송파구 방이동 24-5,서울 송파구 오금로11길 7,37.5145348999196,127.108089380438
1203019989,프렌즈스크린 퀀텀Q 송파문정점,screen_golf,서울 송파구 문정동 644-2,서울 송파구 법원로11길 7,37.485298998209025,127.11939129858067
1588698707,더원골프,screen_golf,서울 송파구 송파동 149-4,서울 송파구 가락로28길 11,37.5060946863186,127.11712850388
2138405967,GDR골프존아카데미 잠실점,screen_golf,서울 송파구 신천동 7-17,서울 송파구 송파대로 562,37.5152974938508,127.0994939187
1756088898,골프존 엠클럽 스크린,screen_golf,서울 송파구 석촌동 277,서울 송파구 가락로 99,37.501151506352876,127.10695952840264
1472321953,에이원스크린골프,screen_golf,서울 송파구 오금동 618-1,서울 송파구 동남로29길 8-10,37.50580116753351,127.13857939946557
1793115273,골프존파크 신정남부베스트점,screen_golf,서울 양천구 신정동 1009-6,서울 양천구 신월로 389,37.5226578030481,126.864322726919
1854220566,골프존파크 신정목동점,screen_golf,서울 양천구 신정동 1018-5,서울 양천구 신월로 358,37.52183218630218,126.86096674674116
2069523669,브라보퍼블릭스크린골프 서울목동점,screen_golf,서울 양천구 신정동 1023-12,서울 양천구 은행정로 5,37.520188010116,126.859572765596
1657115606,골프존파크 신월 투온스크린,screen_golf,서울 양천구 신월동 513-1,서울 양천구 오목로 52,37.52209414176461,126.84349443453453
2104096803,골프존파크 목동갤러리점,screen_golf,서울 양천구 목동 917-9,서울 양천구 목동동로 293,37.5281764645484,126.875812606896
847405616,골프존파크 신정NS골프점,screen_golf,서울 양천구 신정동 324-7,서울 양천구 목동서로 401,37.5154271493646,126.859604309367
1497746828,골프존파크 신정삼성스크린점,screen_golf,서울 양천구 신정동 1289,서울 양천구 신정로13길 22,37.5114312464699,126.843170594697
194612602,골프존파크 신월광영골프장점,screen_golf,서울 양천구 신월동 43-1,서울 양천구 남부순환로30길 17,37.5384529356689,126.824431096125
381401571,골프존파크 신정목동VIP점,screen_golf,서울 양천구 신정동 325,서울 양천구 목동동로 10,37.5133598515684,126.857766756222
886482002,GDR아카데미,screen_golf,서울 양천구 신월동 450-1,서울 양천구 국회대로 58,37.52634405759707,126.84138700845487
686620073,젠트리스크린골프,screen_golf,서울 양천구 신정동 319-26,서울 양천구 목동서로 293,37.5208525502521,126.869434540487
26646099,굿샷스크린골프존,screen_golf,서울 양천구 목동 406-4,서울 양천구 오목로 279,37.525928537448166,126.86839056702236
244716784,여유스크린골프,screen_golf,서울 양천구 신정동 1268,서울 양천구 중앙로 181,37.5128194279809,126.855685447507
1301973768,레인보우스크린파크골프연습실,screen_golf,서울 양천구 목동 933,서울 양천구 목동동로12길 45,37.5225863296169,126.876365997816
2074973321,블루골프존,screen_golf,서울 양천구 신월동 549-4,서울 양천구 신월로 156,37.5173472373447,126.841151542524
115267108,목동삼익프랜즈스크린골프장,screen_golf,서울 양천구 목동 933,서울 양천구 목동동로12길 45,37.5225854274389,126.876364868068
19010671,금강스크린골프,screen_golf,서울 양천구 신정동 1026-3,서울 양천구 신월로 344,37.521636479175804,126.85928498304659
13086373,M스크린골프,screen_golf,서울 양천구 신정동 1147-9,서울 양천구 중앙로 217,37.5157776966335,126.854441160112
76591531,그라운드 스크린골프,screen_golf,서울 양천구 신월동 1074,서울 양천구 곰달래로11길 56,37.5345606543316,126.834437418086
1912486935,T.A.G스크린골프연습장,screen_golf,서울 양천구 신월동 450-1,서울 양천구 국회대로 58,37.52634597351943,126.84147185134835
796118298,준스크린골프,screen_golf,서울 양천구 신월동 198-6,서울 양천구 남부순환로 396,37.5320529820381,126.830493318223
1848364028,화곡신월더원골프앤스크린,screen_golf,서울 양천구 신월동 64-1,서울 양천구 화곡로 98,37.539384234656325,126.83289471657646
1567167157,프렌즈스크린 목동J&B스크린,screen_golf,서울 양천구 신정동 1018-2,서울 양천구 신월로 354,37.521750048970155,126.86008001989923
17206967,남부베스트,screen_golf,서울 양천구 신정동 1009-6,서울 양천구 신월로 389,37.52267489995721,126.86430346492011
731114407,골핑머신 골프아카데미 목동직영점,screen_golf,서울 양천구 신정동 922-24,서울 양천구 오목로 157,37.5250008876858,126.854873488653
495209648,더 트랙맨 골프,screen_golf,서울 양천구 목동 907,서울 양천구 목동서로 77,37.5359633778402,126.877987896848
25612039,비바골프클럽,screen_golf,서울 양천구 신월동 228-1,서울 양천구 곰달래로 46,37.5297937864829,126.837918920346
27421218,제이골프아카데미,screen_golf,서울 양천구 신월동 1015-7,서울 양천구 남부순환로 614,37.5140223830479,126.840369077251
25826902,목동종합스포츠클럽,screen_golf,서울 양천구 목동 406-271,서울 양천구 오목로 337-10,37.525197272592074,126.87535598502626
16332388,칸타빌골프연습장스크린골프,screen_golf,서울 양천구 목동 808-5,서울 양천구 목동로 224,37.5284937144033,126.864430946558
13560797,트윈빌스크린골프,screen_golf,서울 양천구 목동 905-22,서울 양천구 목동동로 339,37.53193820332,126.87672957408
16092274,금강스크린골프 양천구점,screen_golf,서울 양천구 신정동 1026-3,서울 양천구 신월로 344,37.5216508466518,126.859244232071
16563180,OK스크린골프,screen_golf,서울 양천구 신정동 892-1,서울 양천구 국회대로 226,37.5289247419512,126.860094902632
23109321,삼양 스크린골프존,screen_golf,서울 양천구 목동 722-1,서울 양천구 등촌로 102-1,37.539150231912345,126.86398395348782
19009855,제이앤제이 스크린골프,screen_golf,서울 양천구 신월동 994-1,서울 양천구 남부순환로 578,37.517188327936,126.838909931347
673293771,목동골프아카데미,screen_golf,서울 양천구 신정동 321-6,서울 양천구 목동서로 349,37.5173970681548,126.865300523257
454476394,프렌즈아카데미 목동프리미엄점,screen_golf,서울 양천구 목동 405-276,서울 양천구 오목로 312,37.5246909380311,126.872012798927
19679006,SG골프 목동역스크린골프,screen_golf,서울 양천구 신정동 995-4,서울 양천구 목동로 181,37.52466350435055,126.86438470821946
19756892,NS골프클럽,screen_golf,서울 양천구 신정동 324-7,서울 양천구 목동서로 401,37.5154127333477,126.859604336373
679502165,목동현대스크린골프,screen_golf,서울 양천구 목동 907,서울 양천구 목동서로 77,37.5359633778402,126.877987896848
1645739062,갤러리골프아카데미 목동점,screen_golf,서울 양천구 신정동 1268,서울 양천구 중앙로 181,37.5128203303641,126.855686576858
571255736,더골드클래스 오목교점,screen_golf,서울 양천구 목동 406-28,서울 양천구 오목로 345,37.5247742910969,126.8758205092
542200816,이시스골프 목동지점,screen_golf,서울 양천구 신정동 992-2,서울 양천구 오목로 232,37.5257606796162,126.863390585912
13585742,목동필드골프존,screen_golf,서울 양천구 신정동 886-1,서울 양천구 신정중앙로 77,37.5270256660714,126.860293033536
1228714393,골프존파크 당산더스타24점,screen_golf,서울 영등포구 당산동6가 346-2,서울 영등포구 양평로12가길 2,37.536153174305014,126.90073295394853
2031957924,골프존파크 영등포골프존점,screen_golf,서울 영등포구 영등포동3가 2,서울 영등포구 영등포로 256,37.51866933738837,126.90984513071955
2012184322,골프존파크 신길시티점,screen_golf,서울 영등포구 신길동 4943,서울 영등포구 신길로 214,37.51130873223912,126.91062650305867
172305572,골프존파크 신길보라매역점,screen_golf,서울 영등포구 신길동 4217,서울 영등포구 대방천로 258,37.4984973735868,126.919441098516
1866767120,골프존파크 여의도파크힐점,screen_golf,서울 영등포구 여의도동 14-34,서울 영등포구 국회대로68길 17,37.528782355672,126.920091863619
682749441,골프존파크 당산클럽하우스점,screen_golf,서울 영등포구 당산동3가 555-1,서울 영등포구 양산로17길 17,37.52602756404804,126.89331493820754
1450624895,골프존파크 문래금강스크린점,screen_golf,서울 영등포구 문래동5가 2,서울 영등포구 선유로 27,37.516599962894,126.888002924713
11244833,골프존파크 문래SK스크린점,screen_golf,서울 영등포구 문래동3가 55-16,서울 영등포구 문래로 164,37.51764809427762,126.90036722108803
146635765,골프존파크 신길블랙점,screen_golf,서울 영등포구 신길동 4975,서울 영등포구 신풍로 28,37.4998138329641,126.909603176267
771217190,골프존파크 당산J스크린골프점,screen_golf,서울 영등포구 영등포동7가 94-49,서울 영등포구 버드나루로 88,37.526082278302006,126.90918345652817
2078066395,골프존파크 대림구로디지털점,screen_golf,서울 영등포구 대림동 1121,서울 영등포구 시흥대로173길 13,37.48655071376876,126.90243247479015
1770723743,GDR아카데미 영등포문래점,screen_golf,서울 영등포구 문래동3가 55-18,서울 영등포구 문래로28길 25,37.5156771854273,126.899876667674
1238895902,골프존파크 당산파워골프존점,screen_golf,서울 영등포구 당산동2가 45-9,서울 영등포구 당산로 77,37.52169816595605,126.89523513247113
103168961,골프존파크 대림홀인원스크린,screen_golf,서울 영등포구 대림동 667-12,서울 영등포구 가마산로 371,37.5017964906126,126.899028918807
2042127671,골프존파크 당산드림스크린점,screen_golf,서울 영등포구 당산동 121-108,서울 영등포구 버드나루로17길 2,37.5276131017982,126.908046894196
1151056923,골프존파크 여의도아이비골프점,screen_golf,서울 영등포구 여의도동 43-4,서울 영등포구 국제금융로 86,37.5201941032677,126.931743340561
16562644,골프존파크 여의도캐슬플레이점,screen_golf,서울 영등포구 여의도동 36,서울 영등포구 의사당대로 127,37.5203098941068,126.926508030171
89373680,골프존파크 여의도페트리어트점,screen_golf,서울 영등포구 여의도동 12-5,서울 영등포구 국회대로76길 33,37.52956791051441,126.92400773228702
1548921109,골프존파크 여의도클럽하우스점,screen_golf,서울 영등포구 여의도동 23-9,서울 영등포구 국제금융로2길 28,37.5240351941572,126.924531460955
408569704,골프존파크 도림야야점,screen_golf,서울 영등포구 도림동 139-8,서울 영등포구 도신로27길 1,37.5079153687962,126.903524380171
1782681354,GDR아카데미 오션골프,screen_golf,서울 영등포구 도림동 32-11,서울 영등포구 신길로 215,37.5113612232071,126.909747601223
1464006591,골프존파크 문래에버그린스크린점,screen_golf,서울 영등포구 문래동3가 55-20,서울 영등포구 경인로 775,37.514200239464834,126.89858465094991
1590757962,GDR아카데미,screen_golf,서울 영등포구 양평동3가 101,서울 영등포구 선유로 201,37.5312511138099,126.89380869426
830214689,골프존파크 여의도여백스크린점,screen_golf,서울 영등포구 여의도동 36-2,서울 영등포구 국제금융로6길 33,37.5207822719756,126.9269148023
1522989196,프렌즈스크린 당산필드점,screen_golf,서울 영등포구 당산동1가 3-1,서울 영등포구 영등포로30길 9,37.5197677768562,126.899920974683
828612390,GTR 파크 판테온 서울인천총판,screen_golf,서울 영등포구 당산동2가 16-1,서울 영등포구 영등포로 106,37.52152531758968,126.89338243494299
113828838,골프의 발견 여의도점,screen_golf,서울 영등포구 여의도동 14-5,서울 영등포구 국회대로72길 6,37.5300474310969,126.920194598201
65725766,선유로파크골프 선유도점,screen_golf,서울 영등포구 양평동5가 106-1,서울 영등포구 양평로22길 21,37.5397879610344,126.894668972244
10974456,지에스스크린골프존,screen_golf,서울 영등포구 양평동1가 9-4,서울 영등포구 영등포로 84,37.52192361343675,126.89048592832438
17151266,제이스크린골프,screen_golf,서울 영등포구 양평동4가 8-2,서울 영등포구 선유로45길 5,37.5341691002462,126.895430395257
16934170,에버그린스크린골프,screen_golf,서울 영등포구 문래동3가 55-20,서울 영등포구 경인로 775,37.514741740966656,126.89753876503055
15223333,SM골프아카데미&골프존,screen_golf,서울 영등포구 당산동1가 7-1,서울 영등포구 영등포로 162,37.520531318661,126.899322678346
885589077,탑스크린골프존,screen_golf,서울 영등포구 신길동 4662,서울 영등포구 신길로 42,37.4964784590293,126.908627886944
1063943858,프렌즈스크린 퀀텀 문래양평점,screen_golf,서울 영등포구 양평동2가 1-1,서울 영등포구 선유서로 67,37.5217647263735,126.884485016889
1148491727,버몬트 스크린골프,screen_golf,서울 영등포구 당산동1가 16-1,서울 영등포구 영등포로 130,37.5209823622369,126.895792689776
1529173781,더프라자 골프 여의도콘래드서울점,screen_golf,서울 영등포구 여의도동 23-1,서울 영등포구 국제금융로 10,37.52545026517232,126.92675300075425
1838967546,킹스스크린골프존,screen_golf,서울 영등포구 영등포동2가 29-69,서울 영등포구 국회대로54길 35,37.52237028768993,126.90936329718616
13320801,당산스크린G,screen_golf,서울 영등포구 당산동3가 558-2,서울 영등포구 당산로31길 33,37.5269233912762,126.893571599313
1050946420,PGA여의도,screen_golf,서울 영등포구 여의도동 36,,37.520320718795155,126.9265283812013
21407396,드림스크린골프,screen_golf,서울 영등포구 당산동 121-108,서울 영등포구 버드나루로17길 2,37.5276130877037,126.908028793212
753547943,골프존파크 한남리버점,screen_golf,서울 용산구 한남동 110-1,서울 용산구 독서당로 23,37.5306201844732,127.007168286568
1011390305,골프존파크 원효로루미니점,screen_golf,서울 용산구 원효로1가 134,서울 용산구 원효로97길 15,37.541417625759415,126.96937310814228
1163078826,골프존파크 후암아펠스크린점,screen_golf,서울 용산구 후암동 249-7,서울 용산구 후암로 14,37.5472652958014,126.978346645122
14103894,골프존파크 이태원에이치원점,screen_golf,서울 용산구 한남동 737-28,서울 용산구 이태원로 217,37.5351596271917,126.997918174442
1166670269,골프존파크 한강로써밋스크린점,screen_golf,서울 용산구 한강로2가 420,서울 용산구 한강대로 69,37.5273374693421,126.96533104294507
11701079,골프존파크 이촌다온스크린점,screen_golf,서울 용산구 이촌동 302-88,서울 용산구 이촌로64길 24,37.520004554817696,126.96987167121219
1153942648,GDR아카데미 용산서울역점,screen_golf,서울 용산구 동자동 56,서울 용산구 한강대로 366,37.5510862102149,126.972912403552
740744125,티에스스크린골프,screen_golf,서울 용산구 한강로2가 426,서울 용산구 백범로99길 40,37.5358265840729,126.971637137335
1709462542,프렌즈아카데미 한남점,screen_golf,서울 용산구 한남동 726-82,서울 용산구 한남대로 130,37.5400213619675,127.004390221521
803226467,골프존GDR골프연습장,screen_golf,서울 용산구 원효로1가 133-3,서울 용산구 백범로 341,37.5379754323251,126.967965836601
705820788,골프존 신용산스크린골프,screen_golf,서울 용산구 남영동 120-2,서울 용산구 한강대로 256,37.5411924317339,126.973316540669
1959797810,용산스크린파크골프 한남점,screen_golf,서울 용산구 한남동 108,서울 용산구 독서당로11길 16,37.5313356203664,127.006461249309
1443604470,용산스크린파크 골프 삼각지점,screen_golf,서울 용산구 한강로1가 228-1,서울 용산구 한강대로 185,37.5356451436218,126.974081104002
25826941,하나은행골드클럽 골프연습장,screen_golf,서울 용산구 이촌동 302-44,서울 용산구 이촌로64길 14,37.520483948728,126.97010903156
1710894459,원효스크린골프,screen_golf,서울 용산구 원효로4가 179,서울 용산구 원효로 51,37.5338462427844,126.950068743862
2120793748,디브이엘피 용산브이에스이골프연습장,screen_golf,서울 용산구 도원동 23,서울 용산구 새창로 70,37.5386207903637,126.954910553958
158202755,효창스크린골프,screen_golf,서울 용산구 청파동3가 132-54,서울 용산구 효창원로 164,37.54247516319522,126.96232546048047
15787138,사이버골프존비전플러스,screen_golf,서울 용산구 신계동 24-8,서울 용산구 새창로45길 30,37.5346640079499,126.963980131134
10526810,신용산스크린,screen_golf,서울 용산구 남영동 120-2,서울 용산구 한강대로 256,37.5412870830591,126.973522443485
503630031,내셔널짐피티앤골프스튜디오,screen_golf,서울 용산구 원효로1가 133-3,서울 용산구 백범로 341,37.537980844455994,126.9679884636758
415397003,티브레이브골프,screen_golf,서울 용산구 한강로2가 420,서울 용산구 한강대로 69,37.52704091008903,126.96489223414233
1025837320,한남스포렉스,screen_golf,서울 용산구 한남동 96-3,,37.5315193868488,127.007118592259
925985767,용산JY골프아카데미,screen_golf,서울 용산구 산천동 202,서울 용산구 원효로 51,37.5338633622677,126.950069863856
15860669,PGA골프스쿨,screen_golf,서울 용산구 한강로1가 215-5,서울 용산구 한강대로62길 41,37.5330808083486,126.973688265819
1211004033,GDR골프아카데미 이촌점,screen_golf,서울 용산구 용산동6가 69-167,서울 용산구 이촌로 352,37.5173837457227,126.985176167919
1450770272,디브이엘피 용산SE골프연습장,screen_golf,서울 용산구 도원동 23,서울 용산구 새창로 70,37.5396307406962,126.957140121272
1610363948,TPZ골프 용산점,screen_golf,서울 용산구 산천동 194,서울 용산구 효창원로13길 7,37.5353898915169,126.952830667494
866628011,용산스크린파크골프 용산2가점,screen_golf,서울 용산구 용산동2가 47-2,서울 용산구 신흥로2길 74,37.5429499888349,126.988046362328
26952269,펜타클휘트니스,screen_golf,서울 용산구 동자동 12,서울 용산구 후암로 107,37.5534073258582,126.973549843808
1620500939,골프존파크 진관뉴타운점,screen_golf,서울 은평구 진관동 67-1,서울 은평구 진관3로 37,37.64047485157882,126.92009701709695
1258448103,브라보스크린골프 갈현점,screen_golf,서울 은평구 갈현동 548,서울 은평구 갈현로 300,37.6236047551807,126.917421360527
8000127,골프존 연신내스크린골프,screen_golf,서울 은평구 갈현동 405-22,서울 은평구 통일로83길 6-29,37.6214903070072,126.918964217224
24663674,J스크린골프존,screen_golf,서울 은평구 대조동 179-12,서울 은평구 서오릉로 82,37.60773249016037,126.92204828835662
56485705,청원골프아카데미,screen_golf,서울 은평구 응암동 98-65,서울 은평구 은평로 136,37.6002189147468,126.923086622331
12756658,SH스크린골프,screen_golf,서울 은평구 구산동 2-1,서울 은평구 서오릉로 151,37.6117575428393,126.915971160853
12670895,로데오스크린골프,screen_golf,서울 은평구 갈현동 460-8,서울 은평구 연서로 209,37.61729795478036,126.91888155172616
251234951,짱스크린골프,screen_golf,서울 은평구 대조동 231,서울 은평구 서오릉로 94,37.6095198222518,126.921699862028
2102016975,GTR파크골프 은평점,screen_golf,서울 은평구 응암동 96-1,서울 은평구 은평로 170,37.6010978472706,126.926650589804
656867469,SG골프 SDR아카데미 은평점,screen_golf,서울 은평구 구산동 1-1,서울 은평구 연서로 137,37.6111617000566,126.916834854931
108472883,불광2동 파크골프장,screen_golf,서울 은평구 불광동 81-2,서울 은평구 연서로41길 18,37.6263727815299,126.927303179303
16995169,하나골프스쿨,screen_golf,서울 은평구 증산동 158-17,서울 은평구 증산서길 153,37.58826663254222,126.91187512664885
2108956442,M2골프,screen_golf,서울 은평구 진관동 59-18,서울 은평구 통일로 1080,37.6392062509252,126.917458479647
659221213,해성실내골프연습장,screen_golf,서울 은평구 응암동 85-52,서울 은평구 은평로11길 12-10,37.6018186893387,126.923883342365
15801768,G스크린골프,screen_golf,서울 은평구 녹번동 160-36,서울 은평구 은평로11길 11-2,37.6018188389824,126.922727125661
27321587,써니골프아카데미,screen_golf,서울 은평구 불광동 105-114,서울 은평구 연서로 320,37.6238534222604,126.928449730118
1889694838,문스크린,screen_golf,서울 은평구 응암동 85-52,서울 은평구 은평로11길 12-10,37.601725864742015,126.92384833148368
1315029085,SG골프 불광스크린골프,screen_golf,서울 은평구 녹번동 141-60,서울 은평구 진흥로 134,37.607709215280174,126.92506309341975
2007415945,GDR레슨파크,screen_golf,서울 은평구 진관동 60,서울 은평구 통일로 1080,37.6392342321336,126.917530960885
1683418713,골프존파크 향동DMC점,screen_golf,경기 고양시 덕양구 향동동 522,경기 고양시 덕양구 꽃마을로 68,37.60094038861109,126.89377200426998
2070891993,골프존파크 향동아미스크린점,screen_golf,경기 고양시 덕양구 향동동 427,경기 고양시 덕양구 향동로 194,37.606411543022475,126.89315493659198
25826954,로제우스레포츠센터 골프연습장,screen_golf,서울 종로구 구기동 105-1,서울 종로구 진흥로 446,37.6074082802117,126.957707158975
1877255135,카카오골프 프렌즈아카데미&스크린 향동점,screen_golf,경기 고양시 덕양구 향동동 473,경기 고양시 덕양구 꽃마을로 42,37.600932897468155,126.89147999334304
170582280,제이앤케이골프,screen_golf,서울 종로구 평창동 331,서울 종로구 평창11길 3,37.60600380693213,126.96667394913206
1686751537,골프존파크 종로종각스크린점,screen_golf,서울 종로구 관철동 155,서울 종로구 청계천로 67,37.5688109862983,126.985093538099
1165187771,골프존파크 평창동네24스크린점,screen_golf,서울 종로구 평창동 76,서울 종로구 평창24길 12,37.6085376514632,126.975028680221
2061064490,GDR아카데미 종로광화문점,screen_golf,서울 종로구 중학동 14,서울 종로구 율곡로 6,37.5753928623268,126.979759207628
280555960,프렌즈 스크린 광화문점,screen_golf,서울 종로구 신문로2가 171,서울 종로구 새문안로2길 10,37.56870228531,126.971982367222
1945003025,QED골프아카데미 광화문 직영3호점,screen_golf,서울 종로구 내수동 95,서울 종로구 사직로8길 20,37.574324208181366,126.97079843312503
1182761007,GDR골프존아카데미,screen_golf,서울 종로구 종로1가 24,서울 종로구 종로 19,37.57084286521813,126.97991891432667
1016743027,GDR플러스아카데미 동묘점,screen_golf,서울 종로구 창신동 328-18,서울 종로구 지봉로 19,37.5717391836367,127.015201360308
18685821,재림골프존 스크린골프,screen_golf,서울 종로구 인의동 28-36,서울 종로구 창경궁로 112-11,37.5725978995117,126.998451433485
2134803740,올림픽기념국민생활관 실내스크린파크골프장,screen_golf,서울 종로구 혜화동 1-21,서울 종로구 성균관로 91,37.5903321616733,126.998781686511
216336164,보이스캐디골프아카데미 경복궁점,screen_golf,서울 종로구 적선동 122-1,서울 종로구 새문안로5가길 32,37.574906898591,126.973546769536
525274782,핑피팅스튜디오,screen_golf,서울 종로구 재동 84-2,서울 종로구 계동길 31,37.5786986698618,126.986473843425
23256436,대학로스크린골프,screen_golf,서울 종로구 연건동 195-10,서울 종로구 대학로 47,37.5754414348126,127.00184748293
25826938,종로골프센터,screen_golf,서울 종로구 창신동 222-8,서울 종로구 지봉로5길 7-5,37.5734727892079,127.014476096641
12960368,스페이스본 스크린골프,screen_golf,서울 종로구 사직동 9,서울 종로구 사직로8길 4,37.5745329685972,126.969725194452
25826871,JW메리어트동대문스퀘어서울 골프레인지,screen_golf,서울 종로구 종로6가 289-3,서울 종로구 청계천로 279,37.5702405790977,127.008788517158
1996657634,골프존파크 다동무교스크린점,screen_golf,서울 중구 다동 92,서울 중구 다동길 46,37.5678770927981,126.981798700401
812516043,골프존파크 무교오즈점,screen_golf,서울 중구 무교동 95,서울 중구 무교로 20,37.5676298547403,126.979566618533
972941893,골프존파크 충무로솔라고점,screen_golf,서울 중구 충무로4가 308,서울 중구 충무로2길 9,37.5628012252113,126.993902751947
350322223,골프존파크 회현새로나골프점,screen_golf,서울 중구 남창동 1-2,서울 중구 남대문로 30,37.56095428339691,126.97905346508766
1381616649,골프존파크 신당홀인원스크린점,screen_golf,서울 중구 신당동 102-5,서울 중구 다산로 232,37.563608470124,127.01616291839903
1610800228,골프존파크 신당약수골프점,screen_golf,서울 중구 신당동 360-3,서울 중구 동호로 191,37.55488030581911,127.00985279796106
1329917616,골프존파크 약수남산골프존점,screen_golf,서울 중구 신당동 366-126,서울 중구 다산로 56,37.54894108391348,127.00772906848796
614579150,골프존파크 광희동대문고은손점,screen_golf,서울 중구 을지로6가 23,서울 중구 을지로 254,37.5660078592025,127.006320492392
815632401,골프존파크 신당우일스크린점,screen_golf,서울 중구 흥인동 3-1,서울 중구 마장로 62,37.5677962362246,127.016621119067
1224495627,골프존파크 장충힐사이드점,screen_golf,서울 중구 장충동2가 201-6,서울 중구 장충단로 72,37.5515632157194,127.002506659805
1965375672,골프존파크 광희굿모닝고은손점,screen_golf,서울 중구 을지로6가 18-21,서울 중구 장충단로 247,37.56679887360374,127.00735738448564
729856143,골프존파크 광희조이스크린점,screen_golf,서울 중구 광희동2가 360,서울 중구 장충단로 213,37.5636958791486,127.006750403237
1073132557,골프존파크 신당약수하이츠점,screen_golf,서울 중구 신당동 842,서울 중구 동호로10길 30,37.55479718897927,127.01225656826706
28882032,솔라고GDR골프아카데미,screen_golf,서울 중구 충무로4가 308,서울 중구 충무로2길 9,37.56273545653039,126.99398198637451
12684492,클럽JL,screen_golf,서울 중구 중림동 200,서울 중구 중림로 10,37.55826008504,126.966408884982
1738538650,프렌즈스크린 종각퍼스트라운지,screen_golf,서울 중구 장교동 1,서울 중구 삼일대로 363,37.567156989200406,126.98705207324358
13604362,1872더핀스크린골프,screen_golf,서울 중구 명동1가 38-1,서울 중구 명동9길 21,37.5647798580785,126.984529535868
1008045252,GDR 골프아카데미 동대문점,screen_golf,서울 중구 황학동 2545,서울 중구 청계천로 400,37.571018384625916,127.0210829254881
612643993,에이피엠스크린골프,screen_golf,서울 중구 을지로6가 18-35,서울 중구 장충단로 253,37.5674871872896,127.008078482499
1074569645,제이골프,screen_golf,서울 중구 필동2가 19-11,서울 중구 필동로 14,37.5603749274344,126.995902854614
2136025946,마이트리GDR아카데미 시청점,screen_golf,서울 중구 순화동 151,서울 중구 칠패로 27,37.5602725760239,126.972030796334
1677632584,동대문골프존고은손,screen_golf,서울 중구 을지로6가 23,서울 중구 을지로 254,37.56599164248999,127.0062978531603
13058620,무교스크린골프,screen_golf,서울 중구 다동 92,서울 중구 다동길 46,37.5678284250348,126.981708158574
13602997,새로나스크린골프,screen_golf,서울 중구 남창동 1-1,서울 중구 남대문로 30,37.5608254374462,126.979034260305
858920998,에이투엠골프아카데미,screen_golf,서울 중구 다동 92,서울 중구 다동길 46,37.56782749920296,126.98154855795964
843134035,플라이비,screen_golf,서울 중구 신당동 112-10,서울 중구 퇴계로78길 17,37.5645255829535,127.016887513914
1878660407,스크린골프남산타운,screen_golf,서울 중구 신당동 844,서울 중구 다산로 32,37.5478724494075,127.008458852437
1231081569,을지골프존,screen_golf,서울 중구 저동2가 77-2,서울 중구 수표로 45,37.56529308899284,126.98969760529536
23122347,우일스크린골프연습장,screen_golf,서울 중구 흥인동 3-1,서울 중구 마장로 62,37.5677962362246,127.016621119067
8528878,중부골프앤헬스,screen_golf,서울 중구 오장동 127-1,서울 중구 동호로33길 24,37.56565663683179,127.00085570734545
1733392697,피트니스온 골프아카데미 서울시청점,screen_golf,서울 중구 무교동 19,서울 중구 무교로 16,37.567341529232,126.979527080321
282082180,GDR골프존스크린,screen_golf,서울 중구 신당동 112-10,서울 중구 퇴계로78길 17,37.5645526095998,127.016910157441
26921307,장교휘트니스센타,screen_golf,서울 중구 장교동 1,서울 중구 삼일대로 363,37.5672236627674,126.987050929791
335704158,충무스포츠센터 스크린파크골프장,screen_golf,서울 중구 흥인동 131,서울 중구 퇴계로 387,37.5658908793913,127.014742887622
8221957,뉴캐슬스크린골프,screen_golf,서울 중구 황학동 2545-2,서울 중구 청계천로 370,37.5705493524904,127.018795097987
27077599,더현스크린골프,screen_golf,서울 중구 황학동 688,서울 중구 퇴계로 447,37.5659105846254,127.021392756129
728731769,프렌즈스크린,screen_golf,서울 중구 황학동 2487,서울 중구 퇴계로 461,37.5654192252626,127.023073463962
15529404,원스크린골프,screen_golf,서울 중구 인현동2가 192-30,서울 중구 마른내로 72,37.5637644737393,126.995816647678
1208100428,골프창고,screen_golf,서울 중구 순화동 217,서울 중구 서소문로9길 28,37.5637066872227,126.970041969031
354008242,정동스크린골프,screen_golf,서울 중구 충정로1가 58-3,서울 중구 새문안로 26,37.567512166867,126.968777226708
270948797,남산골프 프라이빗 아카데미,screen_golf,서울 중구 장충동2가 201-6,서울 중구 장충단로 72,37.5515433938845,127.002501000768
141862374,프렌즈스크린24시 파티골프 다산점,screen_golf,경기 남양주시 다산동 6124-2,경기 남양주시 다산중앙로82번길 80,37.6196623599778,127.16349476412994
282743529,골프존파크 묵동비원스크린점,screen_golf,서울 중랑구 묵동 164-4,서울 중랑구 숙선옹주로 6-9,37.6146818546215,127.077895538056
597710444,골프존파크 망우망우역파크점,screen_golf,서울 중랑구 망우동 563-16,서울 중랑구 용마산로115길 108,37.5980674793635,127.094140301694
1759060165,골프존파크 망우양원역점,screen_golf,서울 중랑구 망우동 618,서울 중랑구 양원역로10길 3,37.60664695796604,127.10656114054359
938539912,골프존파크 면목벤틀리골프점,screen_golf,서울 중랑구 면목동 499-4,서울 중랑구 면목로 357,37.5840040847308,127.088059843646
2072147856,GDR골프아카데미 신내점,screen_golf,서울 중랑구 신내동 666,서울 중랑구 봉화산로 194,37.6064516387111,127.094709192372
743621251,골프존파크 면목정이든스크린점,screen_golf,서울 중랑구 면목동 56-4,서울 중랑구 용마산로 382,37.58568260703611,127.09506442103763
1678436585,골프존파크 면목사가정수피아점,screen_golf,서울 중랑구 면목동 649-4,서울 중랑구 면목로39길 18,37.57994546694175,127.08635690741737
1109055376,골프존파크 신내아지트점,screen_golf,서울 중랑구 신내동 502-5,서울 중랑구 봉화산로56길 153,37.6017566568745,127.096835614091
744918056,골프존파크 신내신아골프존점,screen_golf,서울 중랑구 신내동 666,서울 중랑구 봉화산로 194,37.6064227925328,127.094727275878
1216301851,GDR골프아카데미,screen_golf,서울 중랑구 묵동 164-4,서울 중랑구 숙선옹주로 6-9,37.6148096706176,127.078083688359
847135891,현대야외스크린골프,screen_golf,서울 중랑구 신내동 413-1,서울 중랑구 용마산로129나길 6,37.6069007968391,127.09961580511211
1974794946,행복골프훈련소 면목점,screen_golf,서울 중랑구 면목동 20-40,서울 중랑구 용마산로 413,37.5885595305074,127.096109735496
60664175,프렌즈스크린골프 신내점,screen_golf,서울 중랑구 신내동 808,서울 중랑구 신내역로3길 8,37.6194230423384,127.10648535819
12745058,슈퍼비전W스크린골프,screen_golf,서울 중랑구 신내동 542-2,서울 중랑구 신내로 48,37.603190709249255,127.09612968787677
16764231,삼부스크린 골프연습장,screen_golf,서울 중랑구 신내동 387-1,서울 중랑구 용마산로 623,37.60670176293077,127.10057817253995
8569394,HJ스크린골프,screen_golf,서울 중랑구 상봉동 128,서울 중랑구 망우로 244,37.5946020456639,127.079765587164
16081001,삼보골프스쿨,screen_golf,서울 중랑구 면목동 184-88,서울 중랑구 중랑천로10길 76,37.5922430589703,127.07734449730447
15645468,비원스크린골프,screen_golf,서울 중랑구 묵동 164-4,서울 중랑구 숙선옹주로 6-9,37.6149584234502,127.077947927748
16648762,J스크린&골프스쿨,screen_golf,서울 중랑구 중화동 307-1,서울 중랑구 동일로143길 19,37.6050044939941,127.077647624194
62329080,GDR골프아카데미 면목정이든스크린점,screen_golf,서울 중랑구 면목동 56-4,서울 중랑구 용마산로 382,37.585678097518,127.095070076256
15617791,천지골프,screen_golf,서울 중랑구 상봉동 495,서울 중랑구 신내로7가길 31,37.6022680759593,127.093915708866
8036296,유진스크린골프존 중랑구점,screen_golf,서울 중랑구 망우동 360-4,서울 중랑구 망우로 448,37.5998399587178,127.101472594137
303593111,지니스크린골프,screen_golf,서울 중랑구 면목동 72-36,서울 중랑구 겸재로 226-3,37.5893864513659,127.092972210433
12075398,OK스크린골프,screen_golf,서울 중랑구 묵동 2,서울 중랑구 신내로25가길 2,37.6195418482091,127.084354756427
465156878,구립용마경로복지관 스크린파크골프장,screen_golf,서울 중랑구 면목동 27,서울 중랑구 용마산로94길 98,37.5873879400369,127.101840641582
965575280,랑데부골프존,screen_golf,서울 중랑구 신내동 807,서울 중랑구 신내역로 213,37.619818503731125,127.10656521178193
7970241,신아골프존,screen_golf,서울 중랑구 신내동 666,서울 중랑구 봉화산로 194,37.60642279616878,127.0947227458628
1458191941,써븐골프&스크린,screen_golf,서울 중랑구 묵동 20,서울 중랑구 신내로21길 6,37.6173914282454,127.090126686111
340647741,썬골프,screen_golf,서울 중랑구 묵동 13,서울 중랑구 숙선옹주로 85,37.6159875095583,127.085525299256
187232638,세븐골프,screen_golf,서울 중랑구 묵동 20,서울 중랑구 신내로21길 6,37.6173914282454,127.090126686111
7841337,동경골프 중랑구점,screen_golf,서울 중랑구 신내동 661,서울 중랑구 봉화산로 189,37.60670449495052,127.09398470699485
1839576489,케이제이골프스쿨,screen_golf,서울 노원구 공릉동 90,서울 노원구 노원로1길 21,37.6209328290681,127.084555687682
15107200,태릉스크린골프,screen_golf,서울 노원구 공릉동 670-3,서울 노원구 동일로 986,37.61821772327256,127.07591249886295
1196333519,GDR 태릉연습장,screen_golf,서울 노원구 공릉동 670-6,서울 노원구 화랑로 441,37.6182426966849,127.076306698447
955910547,골프존파크 갈매더스크린점,screen_golf,경기 구리시 갈매동 636-1,경기 구리시 갈매순환로 5,37.62603173525885,127.1114145459629
1620939298,골프존파크 갈매위너스크린점,screen_golf,경기 구리시 갈매동 658,경기 구리시 갈매순환로 96,37.62837080007595,127.11959146227662
