id,name,category,address,road_address,lat,lon
1989327162,나이스샤워 역삼점,pub,서울 강남구 역삼동 828-21,서울 강남구 테헤란로10길 25,37.49758410889806,127.0329193277531
13573425,기세끼 논현점,pub,서울 강남구 논현동 199-17,서울 강남구 강남대로118길 8,37.5061628327659,127.02448365341
875073447,도톤보리 서울,pub,서울 강남구 신사동 513-2,서울 강남구 강남대로152길 14,37.517150403346,127.020699004796
21395249,은실이회전포차,pub,서울 강남구 논현동 192,서울 강남구 봉은사로25길 18,37.508337767031605,127.03235514548517
246340029,요리가있는술집,pub,서울 강남구 대치동 896-47,서울 강남구 선릉로86길 44-5,37.5037744520577,127.053629682917
2002999416,한신VIP일번지포차,pub,서울 서초구 서초동 1439-1,서울 서초구 남부순환로339길 72,37.486186290395,127.021514730274
27543636,김숙수가게,pub,서울 서초구 반포동 710-13,서울 서초구 주흥길 72-9,37.5092415823753,127.019566916163
1377171218,헤우,pub,서울 성동구 성수동2가 566-35,서울 성동구 성덕정17길 4,37.53755143195112,127.05537719481676
217580079,작야,pub,서울 성동구 성수동2가 501-1,서울 성동구 성덕정길 82-1,37.5377752589303,127.052576981193
1040615354,지금이밤 성수본점,pub,서울 성동구 성수동2가 289-8,서울 성동구 성수이로 127,37.546290162629944,127.05739902924647
19632829,아무거나소주방,pub,서울 서초구 방배동 836-1,서울 서초구 서초대로23길 74,37.49079837566112,126.99115634582031
878116054,엔진룸,pub,서울 용산구 한남동 657-189,서울 용산구 대사관로31길 7-6,37.5339035195392,127.005558607292
24374990,심야식당,pub,서울 서초구 양재동 10-56,서울 서초구 남부순환로356길 58,37.4824446402976,127.03835554461
1054595541,너에게,pub,서울 강남구 신사동 619-6,서울 강남구 언주로173길 19,37.5278617330848,127.031895211262
1085302298,심야식당 후타리,pub,서울 광진구 화양동 49-4,서울 광진구 동일로22길 32,37.5420212088989,127.066054227331
566331693,삼동심야식당 성수점,pub,서울 광진구 자양동 52-218,서울 광진구 동일로4길 31,37.5361539252671,127.062696589828
146394588,현심야식당,pub,서울 성동구 성수동1가 8,서울 성동구 왕십리로4길 24-7,37.546825587543,127.046648078647
399881056,추엌,pub,서울 송파구 석촌동 23-4,서울 송파구 송파대로49길 49,37.5059091562754,127.099344608756
12250697,한잔의추억,pub,서울 강남구 신사동 549-9,서울 강남구 논현로175길 68,37.52400834370954,127.02334917546781
14535331,마코토 청담점,pub,서울 강남구 청담동 92-18,서울 강남구 압구정로80길 37,37.5243612084358,127.043585332039
544200314,네기다이닝라운지,pub,서울 강남구 신사동 540,서울 강남구 도산대로15길 18,37.51948246836569,127.02403892231487
1137715451,수다 대치점,pub,서울 강남구 대치동 890-45,서울 강남구 선릉로86길 37,37.5041137515496,127.052670986216
18835270,이치에,pub,서울 강남구 신사동 656-7,서울 강남구 선릉로155길 23-3,37.5253723624154,127.037680643756
27587532,나즈드라비 본점,pub,서울 강남구 역삼동 817-15,서울 강남구 테헤란로1길 28-6,37.50024424973272,127.02798751037518
1232109211,멕시타이거,pub,서울 강남구 역삼동 619-18,서울 강남구 테헤란로1길 42,37.501130134367,127.027148703417
14480921,수다 삼성1호점,pub,서울 강남구 삼성동 153-34,서울 강남구 테헤란로87길 53,37.51110341107394,127.05726575341517
418495008,센도수산,pub,서울 강남구 대치동 900-9,서울 강남구 역삼로65길 15,37.5022613873809,127.052438975201
137451961,춘식당 가로수길본점,pub,서울 강남구 신사동 559-10,서울 강남구 도산대로23길 17,37.520124476721165,127.02596103681117
27296186,요술포차 역삼점,pub,서울 강남구 역삼동 647-13,서울 강남구 테헤란로19길 5,37.50040769003451,127.03353238545199
1988784873,아낙 본점,pub,서울 강남구 논현동 134-9,서울 강남구 학동로20길 30,37.511493285785654,127.02804600147053
1211307526,수다 삼성2호점,pub,서울 강남구 삼성동 153-5,서울 강남구 삼성로100길 23-13,37.5108693587122,127.056833509668
24787743,이자카야나무 강남2호점,pub,서울 강남구 역삼동 831-3,서울 강남구 강남대로78길 8,37.4947908282044,127.030143075245
1309217753,오레노유메,pub,서울 강남구 신사동 515,서울 강남구 압구정로2길 59,37.518117021621705,127.02158384637757
1207564995,아카라,pub,서울 강남구 논현동 272-31,서울 강남구 봉은사로43길 14,37.510094191886,127.039984825259
119258632,버번바이츠,pub,서울 강남구 신사동 525-2,서울 강남구 압구정로4길 11,37.52200238895392,127.02021504822369
255156070,미라이,pub,서울 강남구 신사동 557-25,서울 강남구 논현로153길 24,37.52105696852104,127.02617063446856
832441144,광주육전,pub,서울 강남구 논현동 162,서울 강남구 학동로4길 45,37.5085415212617,127.024312514489
478360598,신사전,pub,서울 강남구 신사동 536-3,서울 강남구 도산대로11길 18,37.518605168024436,127.0226382438624
22676778,와쏘골뱅이탕 압구정본점,pub,서울 강남구 논현동 64-1,서울 강남구 논현로150길 34,37.51968260848672,127.03123789983003
519935750,이자카야고코,pub,서울 강남구 역삼동 810-5,서울 강남구 봉은사로2길 21,37.5033414333597,127.026124866493
1392970811,아리계곡,pub,서울 강남구 역삼동 817-23,서울 강남구 테헤란로1길 28-14,37.50037837522209,127.02850777530298
25978142,난지당,pub,서울 강남구 도곡동 957-1,서울 강남구 강남대로42길 16,37.4852567705228,127.035195618023
1874065715,골뱅이신사,pub,서울 강남구 신사동 516-6,서울 강남구 강남대로156길 32,37.5186512693532,127.021840777575
504236629,왕스펍,pub,서울 강남구 역삼동 619-28,서울 강남구 강남대로98길 11,37.5008246112399,127.02750369810458
375799906,구스아일랜드 브루하우스,pub,서울 강남구 역삼동 833,서울 강남구 역삼로 118,37.49348749552262,127.0319563513853
1212558291,이자카야나무 논현점,pub,서울 강남구 논현동 167-1,서울 강남구 봉은사로1길 40,37.507358531158864,127.02416962391838
7885177,백세주 마을 삼성점,pub,서울 강남구 삼성동 110-3,서울 강남구 봉은사로 641,37.5154023587222,127.065442572114
15500067,이자카야나무 대치점,pub,서울 강남구 대치동 890-45,서울 강남구 선릉로86길 37,37.504102943522,127.052661930959
7835959,더블린,pub,서울 강남구 역삼동 814-5,서울 강남구 강남대로 442,37.5020285926583,127.026463687098
27417408,고우 청담점,pub,서울 강남구 청담동 83-7,서울 강남구 도산대로55길 40,37.52609383759073,127.04106582611332
18837920,시라카와,pub,서울 강남구 신사동 664-24,서울 강남구 선릉로161길 7,37.52696829641723,127.03964086352325
1169321500,루307,pub,서울 강남구 신사동 524-21,서울 강남구 압구정로10길 30-7,37.5219309733168,127.021552139417
2016997121,밤을걷는선비,pub,서울 강남구 논현동 182-29,서울 강남구 강남대로118길 11,37.5066349467384,127.02454488139446
1721267212,다슬음,pub,서울 강남구 역삼동 836-24,서울 강남구 강남대로62길 23,37.49081468674443,127.0334772124984
1967158657,콘유,pub,서울 강남구 신사동 517-25,서울 강남구 도산대로11길 31-7,37.51919727057277,127.02187713466301
2096953444,모요,pub,서울 강남구 삼성동 9-8,서울 강남구 선릉로122길 12,37.5148865681835,127.042742792037
883629409,타츠로바타쇼,pub,서울 강남구 신사동 512-3,서울 강남구 강남대로154길 16,37.5176171474055,127.02056000079
1602357460,오레노유메 강남역점,pub,서울 강남구 역삼동 831-29,서울 강남구 역삼로3길 17-4,37.49475012492635,127.03075596170383
17665721,자주식당,pub,서울 강남구 신사동 510-8,서울 강남구 강남대로156길 17,37.518410033477,127.020542119547
1866857586,롱타임노씨 신사점,pub,서울 강남구 신사동 512-17,서울 강남구 강남대로152길 15,37.5174270191197,127.020654965994
6410688,야키토리묵 신사점,pub,서울 강남구 신사동 512-11,서울 강남구 강남대로152길 23,37.5176927116044,127.021238719408
1669979708,데블스도어 코엑스점,pub,서울 강남구 삼성동 159,서울 강남구 영동대로 513,37.51165700748023,127.06012778830689
1878431824,포사로,pub,서울 강남구 신사동 517-8,서울 강남구 강남대로156길 27,37.5187270505325,127.021310276827
12790631,홍매,pub,서울 강동구 암사동 511-3,서울 강동구 상암로 20,37.550665494922704,127.12581241679493
529807699,쿠모,pub,서울 강동구 길동 456-2,서울 강동구 진황도로 100,37.53555821022775,127.13734461221404
800834647,의탄리심야식당,pub,서울 강동구 천호동 340-21,서울 강동구 올림픽로77길 11,37.5427493297925,127.124102933309
1980850673,연풍민락 천호점,pub,서울 강동구 천호동 453-8,서울 강동구 천호대로157길 18,37.53849661326007,127.12748578884576
1660147516,와카노키친,pub,서울 강동구 암사동 469-19,서울 강동구 암사길 23,37.5517419654121,127.131797401603
10822766,8번가,pub,서울 강동구 천호동 453-21,서울 강동구 천호대로157길 18,37.53848398951573,127.12749481916526
16648082,청사초롱,pub,서울 강동구 천호동 408-11,서울 강동구 진황도로 4,37.5400528518278,127.128122078525
1711652605,우보,pub,서울 강동구 성내동 562-14,서울 강동구 성안로3길 88,37.5275428877128,127.125204522822
1622183651,유미벅스,pub,서울 강동구 천호동 166-101,서울 강동구 진황도로27길 4,37.538524435266,127.131690404817
942271406,이심전심,pub,서울 강동구 천호동 410-159,서울 강동구 진황도로 32,37.53872390739757,127.13056267004528
591211798,하시라도,pub,서울 강동구 성내동 555-8,서울 강동구 올림픽로48길 31-25,37.5292328421466,127.122071282098
18776568,스키마야,pub,서울 강동구 천호동 454-48,서울 강동구 올림픽로70길 56-14,37.5384723493371,127.126589618337
2141469738,수작,pub,서울 강동구 명일동 343-3,서울 강동구 상암로 201,37.54671606925158,127.14497735882154
27325252,휘스펍,pub,서울 강동구 성내동 416-28,서울 강동구 풍성로58길 12,37.5283964895757,127.135496472752
204205639,역전할머니맥주 서울천호점,pub,서울 강동구 천호동 413-6,서울 강동구 천호대로157길 31,37.5391869632289,127.12731497815572
770513226,용용선생 천호점,pub,서울 강동구 천호동 454-60,서울 강동구 천호대로157길 19,37.5387926283323,127.127033700377
2044155438,감동다이닝,pub,서울 강동구 길동 341-23,서울 강동구 천중로53길 13,37.541405285873616,127.14521940397434
1162423971,팔월팔일,pub,서울 강동구 천호동 409-27,서울 강동구 진황도로 10,37.539901159734264,127.1284205343958
386903611,월하,pub,서울 강동구 길동 413-1,서울 강동구 양재대로111길 15,37.5369704511965,127.138566909117
436040139,일층,pub,서울 강동구 성내동 429-8,서울 강동구 양재대로89가길 14,37.5259576075702,127.134596082118
445770790,라파,pub,서울 강동구 천호동 452-15,서울 강동구 천호대로159길 22-24,37.53843805972228,127.12830714054034
838100633,월가,pub,서울 강동구 천호동 550-12,서울 강동구 진황도로 9,37.5400809452238,127.128801026928
20486965,만게츠 천호점,pub,서울 강동구 천호동 454-23,서울 강동구 천호대로155길 24,37.5391070153131,127.126251245521
2101918512,더상추,pub,서울 강동구 명일동 346-9,서울 강동구 양재대로130길 11,37.545878890170115,127.14362688463227
1856085448,토라 천호직영점,pub,서울 강동구 천호동 454-59,서울 강동구 올림픽로70길 60,37.5389784297367,127.126851846678
791758054,히모,pub,서울 강동구 암사동 675,서울 강동구 올림픽로91길 30,37.54934991607726,127.12592676450444
325839339,아케루,pub,서울 강동구 명일동 351-30,서울 강동구 양재대로128길 41,37.544581507686566,127.14505582958684
1525995985,즈믄,pub,서울 강동구 천호동 410-18,서울 강동구 천호대로159길 37,37.5392511281837,127.127969087331
700079020,하나미치,pub,서울 강동구 성내동 319-33,서울 강동구 올림픽로 552,37.53088267290241,127.12110099982281
2136761257,수지상회 천호점,pub,서울 강동구 천호동 453-22,서울 강동구 천호대로157길 22,37.5386552133341,127.127463429284
16081435,동촌,pub,서울 강동구 성내동 412-6,서울 강동구 풍성로 209,37.52936200778342,127.13501966304185
1912647590,교동전선생 천호역점,pub,서울 강동구 천호동 427-35,서울 강동구 올림픽로70길 33,37.5393528491106,127.125536558598
2091161718,와카이,pub,서울 강동구 천호동 427-40,서울 강동구 구천면로24길 20-23,37.5399224336583,127.125392681765
1389975120,에어포트,pub,서울 강동구 암사동 675,서울 강동구 올림픽로91길 30,37.54906155497745,127.12596588665639
1456136152,보쿠노사카바,pub,서울 강동구 천호동 289-18,서울 강동구 상암로 62,37.5489058249177,127.129990846529
1118702171,단풍관,pub,서울 강동구 성내동 83-16,서울 강동구 올림픽로62길 28,37.5363239931263,127.124396642872
16649028,마추피추,pub,서울 강동구 둔촌동 513-2,서울 강동구 양재대로96길 20,37.5294853435663,127.13822270998
1433500802,생활맥주 강동명일점,pub,서울 강동구 명일동 312-136,서울 강동구 고덕로38길 62,37.5518467226174,127.14245120559
12006473,사바사바 암사역점,pub,서울 강동구 암사동 500-12,서울 강동구 올림픽로100길 6,37.5522983973226,127.128880896979
82319898,소금강청학동민속주점,pub,서울 강동구 천호동 411-47,서울 강동구 천호대로157길 38,37.53932974532202,127.12775650171737
351948180,달래꼬치,pub,서울 강동구 성내동 36-2,서울 강동구 천호옛12길 25,37.53489338461902,127.12592734363879
15200219,헤븐스키,pub,서울 강동구 천호동 453-8,서울 강동구 천호대로157길 18,37.5383883517333,127.127616855629
1148005242,케그104 명일역점,pub,서울 강동구 명일동 312-81,서울 강동구 고덕로38길 69,37.5514535879855,127.142699425256
24184591,수리아,pub,서울 강동구 성내동 38-8,서울 강동구 천호옛길 81,37.536062855166065,127.12510562189965
22252254,신사호프 길동점,pub,서울 강동구 길동 415-18,서울 강동구 진황도로 93,37.53613101630526,127.13676636506413
1930450758,암사구르메,pub,서울 강동구 암사동 466-9,서울 강동구 고덕로10길 25,37.5535368968372,127.130041894578
228124816,소로소로,pub,서울 강동구 천호동 550-9,서울 강동구 진황도로 5,37.5402227285243,127.128501422605
591291247,간소,pub,서울 강동구 성내동 534-25,서울 강동구 성내로9길 49,37.5308071234453,127.124438391172
343047112,번동상회,pub,서울 강북구 번동 444-23,서울 강북구 오패산로 387,37.6359269644337,127.02810176867
1094571324,칠석객잔,pub,서울 강북구 번동 444-3,서울 강북구 오패산로 393,37.6362910172741,127.027870782222
1008497143,치치 성신여대점,pub,서울 성북구 동선동1가 68,서울 성북구 동소문로20길 37-12,37.5909624560979,127.017568319183
1822250642,신비주가,pub,서울 성북구 보문동4가 116,서울 성북구 고려대로2길 37,37.58410803645067,127.02104132973743
1752921671,신술동,pub,서울 동대문구 신설동 80-4,서울 동대문구 한빛로 3,37.57652468247588,127.02412517080288
143595247,달로와,pub,서울 중랑구 신내동 648,서울 중랑구 신내로 225,37.6169670149357,127.091360778687
654257910,칠성포차 신설동역점,pub,서울 동대문구 신설동 76,서울 동대문구 왕산로 11,37.5764083312558,127.024719459893
455241891,오로촌,pub,서울 중랑구 상봉동 104-101,서울 중랑구 봉우재로33길 31,37.5940289265277,127.087519084322
1883086540,심야잡화점,pub,서울 노원구 상계동 327-1,서울 노원구 노해로83길 15,37.6559327232838,127.064159342623
461811439,백수씨심야식당,pub,서울 동대문구 회기동 42-49,서울 동대문구 경희대로1길 8-15,37.5923975942546,127.051786546179
1234609715,짱구네심야식당,pub,서울 동대문구 제기동 585-1,서울 동대문구 경동시장로8길 33,37.5810884256985,127.04253380768
1181367768,심야식당 대학로혜화점,pub,서울 종로구 명륜4가 60-1,서울 종로구 대명길 39-5,37.5828007678805,126.999633184199
1448950035,심야포차,pub,서울 중랑구 상봉동 84-33,서울 중랑구 상봉로 95,37.594390577004,127.092950127687
21232703,틈,pub,서울 종로구 명륜3가 82-3,서울 종로구 성균관로5길 9,37.58426934684488,126.99689785481779
27588021,치치 대학로점,pub,서울 종로구 동숭동 1-57,서울 종로구 대학로8가길 36,37.582537653024,127.002445430068
15383538,흥부전놀부전,pub,서울 강북구 수유동 221-55,서울 강북구 노해로 42-1,37.63936985461346,127.02288444271404
17664320,주막,pub,서울 강북구 미아동 54-259,서울 강북구 월계로7나길 30-3,37.6127669943617,127.032020913837
25589906,쿠시,pub,서울 강북구 수유동 223-27,서울 강북구 노해로8길 9-20,37.638688583089035,127.02353004091465
2074090835,분코,pub,서울 강북구 수유동 192-38,서울 강북구 도봉로87길 34-4,37.6392002262563,127.024105767692
1505581196,이씨부엌,pub,서울 강북구 수유동 222-73,서울 강북구 노해로8가길 32,37.6394129540125,127.02363450592
720138282,느자구,pub,서울 강북구 미아동 75-62,서울 강북구 오패산로31길 32,37.6138355367313,127.032132368558
495001314,민지네,pub,서울 강북구 수유동 190-63,서울 강북구 한천로139가길 18,37.64025861420985,127.02538868701056
16935377,쿨호프 미아점,pub,서울 강북구 미아동 226-50,서울 강북구 솔매로 85,37.6252173815932,127.021758640667
16052040,왕빈자삼파전 미아사거리본점,pub,서울 강북구 미아동 860-23,서울 강북구 도봉로8길 25,37.61241208036004,127.03174101038972
895094504,대동집 서울미아사거리점,pub,서울 강북구 미아동 35-1,서울 강북구 도봉로6길 8,37.612547532284246,127.03059148069222
349859861,나고미,pub,서울 강북구 수유동 229-49,서울 강북구 노해로8길 22,37.63800189228736,127.02422321092483
449513382,금잔화,pub,서울 강북구 미아동 52-12,서울 강북구 월계로7길 43,37.61210797635654,127.03344543153312
1029585850,오아,pub,서울 강북구 미아동 75-183,서울 강북구 도봉로10다길 20,37.614682522788065,127.03192319633456
15925640,쿄우,pub,서울 강북구 번동 444-22,서울 강북구 오패산로 389,37.6360206712119,127.028083676689
1935183866,51구역,pub,서울 강북구 수유동 223-6,서울 강북구 노해로8길 1,37.6378984922008,127.023161572264
1044239398,역전할머니맥주 서울수유리점,pub,서울 강북구 수유동 174-35,서울 강북구 한천로140길 18,37.6406662836543,127.027514380732
964516240,야키토리잔잔 수유점,pub,서울 강북구 수유동 192-51,서울 강북구 도봉로87길 26,37.63882894612525,127.02446707382481
801143223,아카,pub,서울 강북구 미아동 50-1,서울 강북구 월계로7길 34,37.61156472714454,127.03327869849207
2040981867,대동집 서울수유점,pub,서울 강북구 수유동 229-26,서울 강북구 도봉로87길 9-8,37.638222519488245,127.02477278170403
414703972,히솝,pub,서울 강북구 미아동 55-37,서울 강북구 도봉로10가길 16-4,37.61284380912634,127.03115903605325
580262642,만탁,pub,서울 강북구 수유동 46-23,서울 강북구 수유로 54,37.63548626596859,127.01979937152647
973756674,물망초,pub,서울 강북구 수유동 194-20,서울 강북구 한천로143길 34,37.6407410370071,127.023476302979
899763381,이츠,pub,서울 강북구 수유동 222-1,서울 강북구 한천로143길 31,37.640527498254,127.023503428334
892901589,화수브루어리 서울강북점,pub,서울 강북구 수유동 521-55,서울 강북구 인수봉로 238,37.6402832624942,127.01197827961
1233336441,정술,pub,서울 강북구 수유동 39-30,서울 강북구 노해로 57,37.6407719076256,127.022252643901
440600208,청담부엌,pub,서울 강북구 미아동 55-17,서울 강북구 도봉로10가길 5-4,37.6133258571935,127.031086750136
824081166,목로주점 키맨,pub,서울 강북구 수유동 124-3,서울 강북구 삼양로92길 48,37.6356107022867,127.01919214426
193387659,풍림소월,pub,서울 강북구 미아동 837-911,서울 강북구 솔샘로31길 6,37.6205768102853,127.012768021294
260567791,골목집,pub,서울 강북구 미아동 773-9,서울 강북구 솔매로 73-4,37.6250887343898,127.020680188446
1472986816,고메즈 번동점,pub,서울 강북구 번동 159-7,서울 강북구 오현로32길 30-16,37.6276271528686,127.040292394045
8541930,술익는고을,pub,서울 강북구 우이동 182-5,서울 강북구 삼양로173길 42,37.662600784104384,127.01012089031198
1419096361,와라이,pub,서울 강북구 미아동 54-51,서울 강북구 도봉로10나길 9-4,37.6137979462377,127.03119681053
247348403,남도술상 수유역점,pub,서울 강북구 수유동 191-25,서울 강북구 도봉로89길 5,37.638884493787,127.02593432444
1051890422,금복주류 미아사거리점,pub,서울 강북구 미아동 55-19,서울 강북구 도봉로10가길 11,37.61310417749992,127.03122483587902
1444474513,56st 미아사거리점,pub,서울 강북구 미아동 54-14,서울 강북구 월계로7나길 31,37.612554330231,127.032134082492
1926388659,이자카야토라 미아사거리점,pub,서울 강북구 미아동 55-47,서울 강북구 월계로7나길 39,37.6126931961693,127.031713947458
1850313827,야경,pub,서울 강북구 수유동 224-30,서울 강북구 노해로8가길 20,37.6389119951263,127.023690997148
311001047,역전할머니맥주 서울미아사거리점,pub,서울 강북구 미아동 55-20,서울 강북구 도봉로10가길 15,37.613000531070206,127.03134824650543
1131394187,청춘문방구 수유점,pub,서울 강북구 수유동 193-7,서울 강북구 한천로139가길 29,37.640493906012246,127.02475427451941
549341671,검정고무신 수유점,pub,서울 강북구 수유동 279-5,서울 강북구 삼양로139길 5,37.64919205618,127.013248843398
911960824,술속의밤 수유점,pub,서울 강북구 수유동 229-35,서울 강북구 도봉로87길 7,37.6381819189631,127.025039020245
1487678822,진한담,pub,서울 강북구 수유동 365-1,서울 강북구 삼양로107길 25,37.6412847854324,127.015206455599
450038952,별난아재맥주 서울화계점,pub,서울 강북구 수유동 119-5,서울 강북구 덕릉로 41,37.6344431885551,127.018159744233
1510378137,마로니에,pub,서울 강북구 번동 448-2,서울 강북구 덕릉로 99,37.63495200302049,127.0244861954566
16880295,상희네24시포장마차,pub,서울 양천구 신정동 1032-9,서울 양천구 중앙로 256,37.5193231738722,126.853737462187
1454491881,쿠바포차 하바나24시,pub,서울 마포구 합정동 383-31,서울 마포구 월드컵로1길 11,37.5494637852164,126.912302194153
915232307,홍심야식당 목동역직영점,pub,서울 양천구 신정동 886-6,서울 양천구 신정중앙로 85,37.5268539658563,126.861389584036
531468007,뒷골목 고강점,pub,경기 부천시 오정구 고강동 318,경기 부천시 오정구 고강로92번길 41,37.528450192214564,126.81508831055822
1364999091,성광대도 망원,pub,서울 마포구 망원동 399-34,서울 마포구 희우정로16길 54-5,37.554701061463824,126.90502361213134
21410105,달리,pub,서울 마포구 합정동 410-10,서울 마포구 양화로6길 86,37.548264741458745,126.91886249550726
1010870677,문래종점,pub,서울 영등포구 문래동2가 14-30,서울 영등포구 도림로125가길 14,37.5136646888616,126.894074541312
1260896715,더펍지번,pub,서울 구로구 신도림동 694,서울 구로구 경인로61길 21,37.5077213542224,126.884144736211
1233961814,세모식당,pub,서울 마포구 상수동 334-13,서울 마포구 와우산로3길 16,37.54611806520935,126.92213851861705
943092768,끝집,pub,서울 서대문구 남가좌동 385,서울 서대문구 가재울미래로 2,37.574883393649365,126.91700879560003
756421467,무명요리사,pub,서울 마포구 연남동 260-52,서울 마포구 동교로32길 3,37.560837430873015,126.92455321013905
15608348,느리네,pub,서울 마포구 상수동 341-5,서울 마포구 와우산로3길 13,37.54600552765997,126.92227103176067
1333987516,모모키친,pub,서울 마포구 연남동 260-31,서울 마포구 동교로34길 3,37.561062687110095,126.9245643011798
501964537,모모,pub,서울 마포구 연남동 260-23,서울 마포구 동교로 242-6,37.5613943619813,126.924733740267
2061508633,심야식당밤,pub,서울 마포구 서교동 331-7,서울 마포구 와우산로29바길 16,37.55576207339106,126.92591075433945
21084985,에도,pub,서울 구로구 구로동 83-9,서울 구로구 구로중앙로19길 22,37.494305457741,126.887959329772
1129825371,심야식당 우사기,pub,서울 강서구 화곡동 370-54,서울 강서구 가로공원로76길 45,37.5350608814688,126.837807956454
233719604,심야회관 본점,pub,서울 강서구 화곡동 1112-6,서울 강서구 공항대로46길 47,37.5539755243338,126.852209859716
162087054,심야곰식당,pub,서울 강서구 화곡동 98-235,서울 강서구 화곡로 194-52,37.5422763551607,126.8433481556249
561616761,심야식당 화곡점,pub,서울 강서구 화곡동 354-88,서울 강서구 가로공원로76가길 12,37.5330649416611,126.83962250948
226588328,홍심야식당,pub,서울 강서구 화곡동 1115-26,서울 강서구 화곡로58길 25,37.55290722881934,126.85243943982799
155678766,심야슈퍼,pub,서울 강서구 방화동 281-36,서울 강서구 양천로24길 20,37.5723336793165,126.815355686046
2014785747,심야마곡,pub,서울 강서구 마곡동 757,서울 강서구 마곡중앙로 161-8,37.5689380414796,126.826788701203
1687163888,홍심야식당 염창직영점,pub,서울 양천구 목동 527-3,서울 양천구 목동중앙북로16길 2,37.5461562628831,126.873590891572
104530223,심야식당정,pub,서울 양천구 신월동 513,서울 양천구 월정로 22,37.521894140891,126.843510689451
555977887,심야식당텐조,pub,서울 서대문구 북가좌동 310-6,서울 서대문구 거북골로20길 71,37.58105552882245,126.9112643568405
385016373,심야식당 츠키,pub,서울 영등포구 영등포동7가 63-30,서울 영등포구 국회대로46길 6,37.5250929886243,126.904624488272
1366518382,김봉환의1984심야살롱,pub,서울 구로구 오류동 33-49,서울 구로구 경인로 226-3,37.4967000440715,126.846080538121
1446600243,심야식당 흠스홈,pub,서울 마포구 상수동 310-25,서울 마포구 독막로15길 5,37.5481883629254,126.92183987985
4418452,심야상회 1.5호점,pub,서울 은평구 응암동 323-8,서울 은평구 응암로14길 8,37.58985690033728,126.91815499734362
60435894,슈퍼샤이위드아웃비어,pub,서울 영등포구 문래동1가 96-4,서울 영등포구 경인로 706,37.5109972540944,126.892563819473
10975275,헤라클레스,pub,서울 강서구 화곡동 98-59,서울 강서구 화곡로 194-48,37.5427678633431,126.843018980404
318117335,묭,pub,서울 강서구 화곡동 1120-1,서울 강서구 화곡로58길 30,37.5526793831111,126.852524765858
972714015,도쿄화로 본점,pub,서울 강서구 화곡동 1129-22,서울 강서구 까치산로 180,37.5530456689224,126.853635369869
224568719,안주공방,pub,서울 강서구 화곡동 911-2,서울 강서구 국회대로 85-41,37.5281480784527,126.844257872605
2017568603,선주가 마곡본점,pub,서울 강서구 마곡동 760-2,서울 강서구 마곡중앙로 161-1,37.567707711104546,126.82769708436976
1779667933,레츠펍 발산마곡본점,pub,서울 강서구 마곡동 797-11,서울 강서구 마곡중앙6로 76-3,37.55989131101644,126.83572822629418
16296153,일번지호프,pub,서울 강서구 공항동 49-2,서울 강서구 공항대로 18-1,37.56095052326285,126.8091305022136
16502306,다케,pub,서울 강서구 화곡동 98-155,서울 강서구 초록마을로2길 50,37.5430712048923,126.84347548871
16271313,맛거리,pub,서울 강서구 화곡동 1065,서울 강서구 화곡로25길 8,37.5415830090037,126.838314329569
2022165546,이름없는달밤,pub,서울 강서구 마곡동 738-3,서울 강서구 마곡서로 157,37.5681197582786,126.82483463149607
1226450303,코끼리탭룸,pub,서울 강서구 마곡동 773-3,서울 강서구 공항대로 195,37.5599367285711,126.82962998690157
1140170780,코지로 오모테나시 마곡나루점,pub,서울 강서구 마곡동 365-19,서울 강서구 마곡서로 152,37.56777921063746,126.82607261619373
612189564,마모루,pub,서울 강서구 내발산동 708-9,서울 강서구 강서로47가길 28,37.551335920039214,126.83542108434152
1633389524,슈코다이닝,pub,서울 강서구 마곡동 797-4,서울 강서구 공항대로 261,37.5591824090973,126.836508453384
964670258,타다이마,pub,서울 강서구 화곡동 1115-36,서울 강서구 까치산로 173,37.5528036740108,126.853210326688
1222637598,근린주옥,pub,서울 강서구 마곡동 727-1198,서울 강서구 마곡중앙6로 89,37.5601709828509,126.837291765183
1293389224,일본요리집 정화,pub,서울 강서구 마곡동 760,서울 강서구 마곡중앙5로 6,37.5671951254415,126.82713570581531
2118174844,써스티몽크 마곡점,pub,서울 강서구 마곡동 772-5,서울 강서구 마곡중앙6로 45,37.56062364839778,126.83240022694649
2137078575,야키토리잔잔 마곡나루점,pub,서울 강서구 마곡동 757,서울 강서구 마곡중앙로 161-8,37.568978298623215,126.82659278288851
2031323465,오호리준 발산역점,pub,서울 강서구 마곡동 793-8,서울 강서구 강서로 399,37.5612892144821,126.838674682049
1028697420,대동집 마곡나루역점,pub,서울 강서구 마곡동 757-2,서울 강서구 마곡중앙로 171,37.56914219704744,126.82776735604803
1909095301,닭장맥주 마곡발산점,pub,서울 강서구 마곡동 797-7,서울 강서구 마곡중앙6로 66,37.55979440404799,126.83408167278711
1272392964,랜돌프비어 마곡나루,pub,서울 강서구 마곡동 738-3,서울 강서구 마곡서로 157,37.568313468085684,126.82483191401953
16561924,어쩌라고,pub,서울 강서구 화곡동 98-59,서울 강서구 화곡로 194-48,37.542668118844844,126.84321947199355
145889477,신사펍,pub,서울 강서구 마곡동 796,서울 강서구 마곡중앙6로 69,37.5603643609648,126.835101298586
969270194,모미지 프리미엄 이자카야 마곡발산점,pub,서울 강서구 마곡동 794-1,서울 강서구 강서로 385,37.5600930855042,126.838303766172
618638788,온기,pub,서울 강서구 화곡동 107-13,서울 강서구 화곡로 194-26,37.54208336239244,126.84253612055788
1965462934,야키토리 우마이,pub,서울 강서구 마곡동 796-5,서울 강서구 마곡중앙6로 63,37.5605156149052,126.834376607463
141606540,마담주안상,pub,서울 강서구 마곡동 797-7,서울 강서구 마곡중앙6로 66,37.56000056097635,126.8346018442044
1982001854,한식주점 조선별 마곡점,pub,서울 강서구 마곡동 772-5,서울 강서구 마곡중앙6로 45,37.56063495143794,126.83274653573179
337848445,부엉이산장 마곡점,pub,서울 강서구 마곡동 797-1,서울 강서구 공항대로 247,37.55941595942491,126.83535011944424
143533327,올펍,pub,서울 강서구 화곡동 927-6,서울 강서구 강서로5나길 118,37.5284256571323,126.841600946489
1938862980,아키,pub,서울 강서구 공항동 45-70,서울 강서구 방화동로 18-7,37.562645733231406,126.80996034419003
370694391,마곡관,pub,서울 강서구 마곡동 289-1,서울 강서구 마곡중앙로 161-8,37.5685556377226,126.827142749058
2135529131,아토,pub,서울 강서구 마곡동 773-1,서울 강서구 마곡중앙6로 10,37.560386967167645,126.82820741212943
2018127233,모로미 강서구청점,pub,서울 강서구 화곡동 1120-13,서울 강서구 화곡로58길 22-3,37.55272039018036,126.85217386072885
2032930945,쇼쿠,pub,서울 강서구 마곡동 771-3,서울 강서구 마곡중앙6로 11,37.5609446946855,126.828835420933
1879346885,호호방,pub,서울 강서구 마곡동 760-2,서울 강서구 마곡중앙로 161-1,37.56771769896802,126.82713336625956
746163103,오복집 강서점,pub,서울 강서구 등촌동 655-27,서울 강서구 공항대로45길 24,37.5560339492703,126.854830303143
121609288,로바타 소노 마곡나루직영점,pub,서울 강서구 마곡동 760-2,서울 강서구 마곡중앙로 161-1,37.5678799487223,126.827181663875
204641135,맛있는오칠구 공항점,pub,서울 강서구 공항동 55,서울 강서구 송정로 44-1,37.5587980318987,126.810801977069
375018074,불새술집,pub,서울 강서구 화곡동 910-33,서울 강서구 강서로5나길 53,37.5282187580603,126.845248762861
16269985,강강수월래,pub,서울 강서구 마곡동 1550,서울 강서구 양천로30길 62,37.5704031715897,126.822617437168
907128111,구루메키친,pub,서울 관악구 봉천동 1620-30,서울 관악구 봉천로 544-10,37.477952785582595,126.95803912211998
15970288,오뎅집모이,pub,서울 관악구 신림동 1432-2,서울 관악구 신림동길 9,37.48723557098458,126.92761348044662
866227164,품앗이,pub,서울 동작구 사당동 708-457,서울 동작구 동작대로27다길 41,37.485792886070456,126.98041884877439
19699778,용구비어 노량진점,pub,서울 동작구 노량진동 118-18,서울 동작구 만양로14가길 1,37.51161993716259,126.94516113111375
64191274,심연,pub,서울 용산구 한강로2가 116-2,서울 용산구 한강대로 130-2,37.5309715772091,126.969964557694
1495488216,산와쇼텐,pub,서울 마포구 용강동 40-1,서울 마포구 토정로35길 6,37.54009012466133,126.94393297490137
912802868,심야포차,pub,서울 관악구 신림동 1695,서울 관악구 신원로 26,37.481191515200564,126.92894665042633
701287102,심야포차심연 구로디지털단지역점,pub,서울 구로구 구로동 1124-37,서울 구로구 디지털로32나길 16,37.4837533259253,126.900561493454
1774775459,심야식당와인보우,pub,서울 마포구 도화동 250-11,서울 마포구 삼개로 8,37.539638522533,126.947412658561
27272547,크래프트라인,pub,서울 관악구 남현동 1061-23,서울 관악구 과천대로 947,37.4750971606606,126.981369016057
16044048,동학주점,pub,서울 관악구 신림동 244-62,서울 관악구 대학5길 29,37.4693743512114,126.939521747237
1714588996,야키토리잔잔 샤로수길점,pub,서울 관악구 봉천동 1611-31,서울 관악구 남부순환로230길 22,37.47910509962107,126.9553703062462
1500944707,이자카야 혼네,pub,서울 관악구 봉천동 855-9,서울 관악구 관악로14길 6-4,37.47904104753772,126.9528434976094
278517151,쑥고개,pub,서울 관악구 봉천동 1598-5,서울 관악구 관악로14길 16,37.4790755074634,126.953401982824
23717312,오술차 사당역점,pub,서울 관악구 남현동 1060-11,서울 관악구 과천대로 955,37.47594047359085,126.9811653106715
26351095,크래프트한스 신림점,pub,서울 관악구 신림동 1639-29,서울 관악구 남부순환로176길 10,37.4834851220582,126.928348627488
12151638,동명 IZAKAYA,pub,서울 관악구 남현동 1062-23,서울 관악구 남현1길 42,37.4757240164698,126.979862994086
388974911,술이남,pub,서울 관악구 신림동 1431-43,서울 관악구 신림동길 5,37.4873269115702,126.928168568425
2007039892,우마,pub,서울 관악구 신림동 1695,서울 관악구 신원로 26,37.48094477739485,126.92917752824661
24944419,링고,pub,서울 관악구 봉천동 1601-29,서울 관악구 봉천로 518-4,37.47950880070653,126.95550008368649
8093049,진화로 신림본점,pub,서울 관악구 신림동 1430-49,서울 관악구 신림동길 10,37.4874571765111,126.92754429350191
15980835,우드스탁,pub,서울 관악구 신림동 1639-65,서울 관악구 신림로59길 24,37.4829832839178,126.92838754845747
577607416,오술차 신림점,pub,서울 관악구 신림동 1639-38,서울 관악구 남부순환로 1594-8,37.4834849626917,126.928086317533
1163462582,역전할머니맥주 서울사당점,pub,서울 관악구 남현동 602-17,서울 관악구 승방4길 20,37.47460692445523,126.98082649128132
1310234228,삐딱,pub,서울 관악구 봉천동 1611-37,서울 관악구 남부순환로230길 28,37.478859143786,126.955422459084
1903108718,지금보고싶다 사당점,pub,서울 관악구 남현동 602-22,서울 관악구 남현3길 74,37.4753673561962,126.980699678226
1502395791,사케바히토리,pub,서울 관악구 봉천동 1625-4,서울 관악구 낙성대로 22-11,37.477024897759605,126.95846924986046
23956689,등마루,pub,서울 관악구 봉천동 946-14,서울 관악구 장군봉2길 13,37.4824930397014,126.939497607379
1719002931,코젤다크하우스 샤로수길점,pub,서울 관악구 봉천동 1619-1,서울 관악구 관악로14길 70,37.4782368896707,126.956341980563
1454895833,타누키,pub,서울 관악구 봉천동 944-7,서울 관악구 봉천로 360-2,37.4838042729706,126.940018911224
364751880,21C호프치킨,pub,서울 관악구 남현동 1064-1,서울 관악구 남부순환로272길 15,37.47581207643762,126.97850633250921
2067766762,신스이,pub,서울 관악구 남현동 602-17,서울 관악구 승방4길 20,37.4746060241715,126.980831013565
26777491,엘리펀트키친,pub,서울 관악구 봉천동 1599-4,서울 관악구 관악로14길 15,37.4792161182974,126.953537565451
21582611,서울대입구 토모,pub,서울 관악구 봉천동 868-9,서울 관악구 관악로15길 24,37.4804116444666,126.951026891369
19314035,모이세왕노가리,pub,서울 관악구 남현동 1058-18,서울 관악구 남부순환로272길 8,37.4762391087112,126.978252969688
305109302,닭장맥주 서울대입구점,pub,서울 관악구 봉천동 1619-1,서울 관악구 관악로14길 70,37.4782224760299,126.956348772356
1672371529,초록문,pub,서울 관악구 봉천동 1626-1,서울 관악구 관악로14길 94,37.47788324235511,126.95757563027038
1276153767,청남,pub,서울 관악구 신림동 1655-14,서울 관악구 조원로2길 16,37.48292324497845,126.90242023234751
42933958,골든너겟 텍사스 바베큐 펍,pub,서울 관악구 남현동 602-1,서울 관악구 남현3길 78,37.47539982561416,126.98090316445197
1442036276,밀담,pub,서울 관악구 신림동 1637-6,서울 관악구 신원로 40-11,37.4816946818007,126.929621154133
177923726,이진칸 샤로수길점,pub,서울 관악구 봉천동 1601-2,서울 관악구 남부순환로226길 9,37.4801930206237,126.954070602631
1556246526,오뉴,pub,서울 관악구 봉천동 1621-9,서울 관악구 관악로14길 88,37.47804259871815,126.95723637063551
27505140,히토리더야끼니꾸,pub,서울 관악구 봉천동 1601-19,서울 관악구 남부순환로 1848-7,37.4797970262095,126.955242137885
15882247,현쇼쿠도,pub,서울 관악구 신림동 1429-2,서울 관악구 봉천로 236,37.48918261221288,126.92755393430429
1196077786,맨프롬오키나와 서울대입구,pub,서울 관악구 봉천동 1605-7,서울 관악구 관악로12길 30,37.4779224901497,126.954103648042
1961278829,이자카야나무 사당2호점,pub,서울 관악구 남현동 1062-15,서울 관악구 남현1길 58,37.4757556747612,126.980597830597
2034037013,경자식당,pub,서울 관악구 신림동 1640-33,서울 관악구 남부순환로 1600-12,37.4834205474085,126.928841650829
894798546,안다미로,pub,서울 관악구 봉천동 1598-6,서울 관악구 남부순환로226길 36,37.4790683452591,126.953518437074
733131300,이자카야토라 신림점,pub,서울 관악구 신림동 1640-38,서울 관악구 신림로59길 12,37.483360391804,126.929194469164
2044762970,히토리더사까나,pub,서울 관악구 신림동 1639-58,서울 관악구 관천로 36,37.483136037313585,126.92770110312102
260060013,숯토리 서울신림점,pub,서울 관악구 신림동 1587-17,서울 관악구 관천로 37,37.48276975858859,126.92693827660032
1792178629,키라키라윤 샤로수길점,pub,서울 관악구 봉천동 1598-2,서울 관악구 관악로 154-5,37.4789653560023,126.952826586488
14045045,어부의오두막,pub,서울 관악구 남현동 1061-9,서울 관악구 남현1길 68-10,37.47538634263008,126.98110327084586
13301689,레드제플린,pub,서울 관악구 신림동 1641-50,서울 관악구 신림로 296,37.4808554054914,126.930404321628
870066681,일단닭치고뜯어 용답본점,pub,서울 성동구 용답동 4-11,서울 성동구 용답중앙15길 18,37.56479003018087,127.05425302613496
1112016309,대광,pub,서울 성동구 행당동 158-58,서울 성동구 마조로3길 5,37.5584491001354,127.039997068598
1991024750,슺슺,pub,서울 중랑구 면목동 409-37,서울 중랑구 면목로56가길 4,37.5843512260826,127.088916173581
255782287,오오키이,pub,서울 중구 신당동 369-23,서울 중구 다산로12길 6,37.55562617202957,127.01161161435375
2093293112,심야식당쿠난,pub,서울 광진구 군자동 45,서울 광진구 군자로 168,37.5557391860353,127.077461801484
1686503084,심야식당 히로,pub,서울 광진구 중곡동 115-3,서울 광진구 천호대로127길 8,37.553455807051826,127.08930044825507
1242664601,현심야식당,pub,서울 광진구 중곡동 115-6,서울 광진구 자양로43길 61,37.5532652432886,127.089897758598
539430935,심야식당 행당,pub,서울 성동구 행당동 376,서울 성동구 고산자로 177,37.555671473766715,127.03375179141499
57514194,동네 심야식당,pub,서울 중구 무학동 22,서울 중구 다산로 225,37.563395051097096,127.01528342189293
1461937142,백수씨심야식당,pub,서울 중구 충무로5가 85-2,서울 중구 서애로 12-4,37.5613210272138,126.997940083178
1773072813,후토,pub,서울 광진구 화양동 8-59,서울 광진구 동일로24길 98,37.5423359282837,127.070268341933
25068327,조선주막 건대점,pub,서울 광진구 화양동 5-59,서울 광진구 아차산로33길 28-4,37.5414419239299,127.070625063743
1785160279,노을집,pub,서울 광진구 군자동 51-24,서울 광진구 군자로 159,37.5552820187617,127.076635164771
26922594,사월식당,pub,서울 광진구 자양동 627-24,서울 광진구 자양로11길 4,37.534865040017486,127.08377051287961
58027342,새로이,pub,서울 광진구 화양동 94-1,서울 광진구 능동로17길 5,37.5460535838422,127.073019335119
1970735652,신선술집도원,pub,서울 광진구 화양동 8-19,서울 광진구 아차산로33길 33,37.5417483960492,127.070403573679
1966216348,미주류,pub,서울 광진구 군자동 469-12,서울 광진구 면목로 31,37.5569572610159,127.076189836678
1706802828,코후쿠,pub,서울 광진구 화양동 9-36,서울 광진구 아차산로29길 24,37.5418863607989,127.068683780303
1755477653,야키토리 루왁,pub,서울 광진구 군자동 49-1,서울 광진구 면목로 26,37.55641128624461,127.0761440108829
426302862,짱구야학교가자 건대점,pub,서울 광진구 화양동 9-9,서울 광진구 아차산로31길 19,37.5420191973442,127.069557443606
16732329,수 숯불직화꼬치바베큐,pub,서울 광진구 중곡동 141-22,서울 광진구 천호대로111길 35,37.55785304514977,127.08260222404154
236352360,도키도키,pub,서울 광진구 화양동 8-1,서울 광진구 아차산로33길 43,37.542223993805,127.070621275318
1184245817,서울낙업,pub,서울 광진구 화양동 5-35,서울 광진구 동일로22길 117-23,37.5416129822658,127.070844740795
16417730,안주나라,pub,서울 광진구 자양동 16-37,서울 광진구 동일로18길 23,37.5398057666802,127.064210195884
1746508155,일양전,pub,서울 광진구 화양동 8-58,서울 광진구 동일로24길 96,37.5423792569556,127.070132598301
1372094521,전여친 군자본점,pub,서울 광진구 군자동 474-39,서울 광진구 군자로 177,37.55651650282261,127.07783268818744
697826658,질서정연,pub,서울 광진구 화양동 46-1,서울 광진구 동일로24길 50,37.5431915199805,127.06779784392
943021157,코이,pub,서울 광진구 구의동 667,서울 광진구 아차산로 431,37.53904963649125,127.0906161546248
1829759776,노크 건대직영점,pub,서울 광진구 화양동 9-86,서울 광진구 동일로22길 89,37.5411905227094,127.0691402752
8790206,겨울나그네,pub,서울 광진구 화양동 2-47,서울 광진구 능동로 147-1,37.54403583986256,127.07221622204587
186240744,야키토리 시오,pub,서울 광진구 구의동 220-35,서울 광진구 구의로 16,37.5392793024539,127.089551701582
1073251554,아쿠슈,pub,서울 광진구 구의동 257-105,서울 광진구 아차산로55길 27,37.5385518573207,127.086377036271
983705211,아쉬트리,pub,서울 광진구 구의동 252-117,서울 광진구 아차산로49길 22,37.5379189289095,127.08447543945
2143252748,토리광,pub,서울 광진구 화양동 45-72,서울 광진구 동일로22길 33,37.542176117393,127.066167517273
1330731064,야키토리나루토 건대,pub,서울 광진구 화양동 5-50,서울 광진구 아차산로33길 24,37.541333923641545,127.07042468283007
12139704,좋은사람들,pub,서울 광진구 구의동 257-72,서울 광진구 아차산로51길 36-1,37.5386428447444,127.085155143657
1604189854,아리계곡 건대점,pub,서울 광진구 화양동 5-63,서울 광진구 아차산로33길 30,37.541539296742116,127.07051652937245
1676926090,용용선생 건대점,pub,서울 광진구 화양동 8-91,서울 광진구 아차산로33길 25,37.5414601572181,127.070267520018
1635880231,민지슈퍼 건대본점,pub,서울 광진구 화양동 10-9,서울 광진구 아차산로31길 37,37.5426451757859,127.069923512525
973719223,러브러브디럭스,pub,서울 광진구 중곡동 647-24,서울 광진구 능동로 335,37.55960867858714,127.08058730125386
1506137605,한사바리,pub,서울 광진구 화양동 16-86,서울 광진구 군자로 29,37.5458641556134,127.070411970523
1834985580,쿠시카츠 츠키,pub,서울 광진구 군자동 467-12,서울 광진구 동일로60길 47,37.5577917121869,127.075991494988
772741012,역전할머니맥주 서울건대점,pub,서울 광진구 화양동 45-82,서울 광진구 아차산로25길 13,37.5420244746353,127.06665620442
1298788395,이오리,pub,서울 광진구 자양동 249-5,서울 광진구 동일로12길 2,37.53905701754493,127.06256550518482
1058598819,하루,pub,서울 광진구 화양동 47-67,서울 광진구 동일로22길 59,37.5416815364933,127.067638063057
1983209215,탐라육해,pub,서울 광진구 화양동 5-51,서울 광진구 아차산로33길 36,37.5418383432076,127.070659383501
631927765,이자카야시선 건대점,pub,서울 광진구 화양동 5-28,서울 광진구 아차산로33길 40-1,37.5420382958798,127.07077498833
21801734,폼프리츠 세종대점,pub,서울 광진구 화양동 114-5,서울 광진구 능동로19길 41,37.5472474307592,127.071508669508
1717728637,이이토모 군자역본점,pub,서울 광진구 중곡동 161-41,서울 광진구 능동로 324-1,37.5585365741628,127.080467309702
1624684471,야키도리모모,pub,서울 광진구 군자동 48-6,서울 광진구 면목로 27,37.5565825660351,127.076003848103
15450428,오가야,pub,서울 광진구 군자동 48-37,서울 광진구 면목로 5-1,37.554836972479286,127.07516120425096
32456466,감칠,pub,서울 광진구 군자동 474-28,서울 광진구 능동로31길 22,37.55601581208198,127.07743153079143
291472633,오사카로,pub,서울 구로구 신도림동 338,서울 구로구 경인로67길 23,37.510579039781,126.889473244854
603837185,생앤맥주판,pub,서울 구로구 구로동 197-28,서울 구로구 디지털로31길 41,37.48544676503,126.892826553615
24529262,라꾸긴,pub,서울 구로구 구로동 98-4,서울 구로구 가마산로 268,37.4956158994029,126.890282357662
16558417,상하이포차,pub,서울 구로구 구로동 26,서울 구로구 새말로 102,37.50551724727526,126.89147123054157
437298471,한국술집무근지,pub,서울 구로구 구로동 27-8,서울 구로구 새말로18길 36,37.5050992596938,126.892542866674
22547852,구씨네매운집 본점,pub,서울 구로구 구로동 31-11,서울 구로구 공원로6나길 17-2,37.5040066607871,126.890926034442
85802679,이자카야나무 구로디지털단지점,pub,서울 구로구 구로동 1124-42,서울 구로구 디지털로32나길 38,37.48455033614564,126.90118004038979
1687759770,호요 구디점,pub,서울 구로구 구로동 187-4,서울 구로구 도림천로 452,37.4853967424861,126.899470474715
1823219940,닭장맥주 구로디지털단지점,pub,서울 구로구 구로동 1125-3,서울 구로구 시흥대로 565,37.483585694315,126.901584952349
419679336,신도림문균,pub,서울 구로구 구로동 42,서울 구로구 새말로18길 64,37.50365707052718,126.89190594645234
27436247,도림상회,pub,서울 구로구 구로동 26,서울 구로구 새말로 102,37.50558299456162,126.89144286086757
1669818931,로바다야끼소담 구로디지털역점,pub,서울 구로구 구로동 1124-20,서울 구로구 디지털로32길 97-3,37.4832586358126,126.900518053973
883859571,역전할머니맥주 신도림점,pub,서울 구로구 신도림동 338,서울 구로구 경인로67길 23,37.5107717304827,126.88934062692
1964565909,용용선생 구로디지털단지점,pub,서울 구로구 구로동 1124-38,서울 구로구 디지털로32나길 22,37.4839949593844,126.900755645783
1530452948,청담이상 신도림점,pub,서울 구로구 신도림동 337,서울 구로구 경인로 661,37.5097455647948,126.888465583751
23920089,삼성호프,pub,서울 구로구 고척동 52-223,서울 구로구 경인로47길 44,37.50120020717694,126.86572996821509
1404554191,역전할머니맥주 구로디지털단지점,pub,서울 구로구 구로동 1124-47,서울 구로구 디지털로32나길 29,37.4844526064253,126.900678155455
199781946,대작 구로디지털점,pub,서울 구로구 구로동 1124-52,서울 구로구 디지털로32나길 17-26,37.484758181153,126.899768695484
209746724,코젤다크하우스 신도림점,pub,서울 구로구 신도림동 337,서울 구로구 경인로 661,37.5094493630189,126.887755732489
1455721302,라운지목화 구로디지털역관,pub,서울 구로구 구로동 1124-83,서울 구로구 디지털로32나길 23,37.4842848640223,126.900494080117
1803919327,신도림피맥,pub,서울 구로구 구로동 33-3,서울 구로구 공원로6다길 10,37.504578641078766,126.88978518986058
16768025,몽로주점,pub,서울 구로구 구로동 27,서울 구로구 새말로18길 20-11,37.5054170513157,126.892254011944
1231952569,소우주,pub,서울 구로구 오류동 36-7,서울 구로구 경인로25길 9,37.4968328561104,126.844295788381
765238333,느린마을양조장 구로디지털역점,pub,서울 구로구 구로동 1124-41,서울 구로구 디지털로32나길 34,37.4843240574703,126.901029960715
2044067274,이자카야춘 구로디지털단지점,pub,서울 구로구 구로동 1124-23,서울 구로구 디지털로32길 87,37.48325469313801,126.90011668082006
535855674,부엉이산장 구로디지털단지점,pub,서울 구로구 구로동 1124-47,서울 구로구 디지털로32나길 29,37.4844885868017,126.900606876124
1571354099,크래프트한스 구로디지털단지점,pub,서울 구로구 구로동 1124-21,서울 구로구 디지털로32길 93,37.48313788178076,126.90049560124596
27028702,생활맥주 신도림역점,pub,서울 구로구 신도림동 338,서울 구로구 경인로67길 23,37.5104961348196,126.889459794452
270982390,우식당,pub,서울 구로구 구로동 572-22,서울 구로구 새말로 18-53,37.5011640256489,126.883417513263
755118554,용나로매 본점,pub,서울 구로구 구로동 28-4,서울 구로구 새말로18길 36-9,37.5052773193737,126.892170520589
1866701620,산쥬로쿠,pub,서울 구로구 구로동 27-9,서울 구로구 새말로18길 36-6,37.50519197868053,126.89244999391161
1588890955,금별맥주 구로디지털단지점,pub,서울 구로구 구로동 1124,서울 구로구 디지털로32나길 22,37.4840138520391,126.90072170115
1887683064,금별맥주 신도림점,pub,서울 구로구 구로동 30,서울 구로구 새말로16길 15,37.50496055925901,126.89063851113859
2011734764,안주다방,pub,서울 구로구 구로동 28,서울 구로구 공원로6나길 43-16,37.5051751149393,126.89174315951
1893691146,혼술집려,pub,서울 구로구 구로동 33-9,서울 구로구 공원로6나길 11-1,37.5037899970878,126.890469444696
803972331,이자카야오름,pub,서울 구로구 개봉동 345,서울 구로구 개봉로15길 25,37.4897865708974,126.854574153236
1964232714,광부맥주 신도림점 4광구,pub,서울 구로구 구로동 29-25,서울 구로구 공원로6나길 35-10,37.5046811490622,126.891508631782
1832564164,공양,pub,서울 구로구 고척동 52-215,서울 구로구 경인로47길 36,37.5009754170691,126.866136367472
26583898,생활맥주 구로디지털점,pub,서울 구로구 구로동 1124-54,서울 구로구 디지털로32나길 17-12,37.48448610386332,126.89980071749015
1312432260,야키토리잔잔 구로디지털역점,pub,서울 구로구 구로동 1124-84,서울 구로구 디지털로32나길 19,37.4840992022482,126.900429878953
918913931,도쿄달밤,pub,서울 구로구 개봉동 203-14,서울 구로구 남부순환로95길 8-3,37.4940191326779,126.857975324249
710577569,휘게소,pub,서울 구로구 개봉동 279-8,서울 구로구 개봉로12길 26,37.4881039252157,126.857893804983
362352316,구도로통닭 서울구로디지털점,pub,서울 구로구 구로동 1124-44,서울 구로구 디지털로32나길 35,37.4847122370319,126.90084515022
1879345509,요리토리,pub,서울 구로구 구로동 187-3,서울 구로구 도림천로 448,37.4858486487325,126.899001766667
511621580,이자카야토라 오류동점,pub,서울 구로구 오류동 11,서울 구로구 고척로6길 58-1,37.4961621103234,126.84196087125
25449227,술속의밤 가산디지털점,pub,서울 금천구 가산동 60-11,서울 금천구 디지털로9길 99,37.4820884222203,126.884861570419
26603606,텐마루 가산점,pub,서울 금천구 가산동 143-44,서울 금천구 디지털로12길 21,37.4777611506697,126.88987433137
1013358409,술까락 가산직영점,pub,서울 금천구 가산동 60-19,서울 금천구 벚꽃로 278,37.4794716545627,126.884616856551
1474339259,미요리포차,pub,서울 금천구 독산동 296-24,서울 금천구 시흥대로123길 38,37.47118952442692,126.89622020995493
20305216,복숭아꽃살구꽃,pub,서울 금천구 가산동 83-26,서울 금천구 벚꽃로38길 32-53,37.4824131763001,126.885263576548
1036575949,모아래 로바다야끼,pub,서울 금천구 가산동 143-37,서울 금천구 디지털로12길 21-8,37.4779181870244,126.890154480509
1099354434,평일주점,pub,서울 금천구 가산동 83-13,서울 금천구 벚꽃로38길 32-39,37.4826833113806,126.885091307018
292711085,모모하나,pub,서울 금천구 가산동 371-41,서울 금천구 가산디지털1로 171,37.480754316693,126.880612540894
2093555104,국제맥주,pub,서울 금천구 가산동 60-11,서울 금천구 디지털로9길 99,37.481695763674864,126.88504759456562
1335517741,진케이,pub,서울 금천구 가산동 233-5,서울 금천구 디지털로10길 69,37.47508281652336,126.89124279916926
777444929,역전할머니맥주 서울가산점,pub,서울 금천구 가산동 142-42,서울 금천구 가산로 146,37.47831813228815,126.89101651913681
2019264014,군오,pub,서울 금천구 가산동 459-11,서울 금천구 가산디지털1로 186,37.48231998231797,126.88122172010803
665043032,1호집,pub,서울 금천구 가산동 83-10,서울 금천구 벚꽃로38길 38,37.4826596044426,126.884803031601
27386646,생활맥주 가산디지털점,pub,서울 금천구 가산동 50-3,서울 금천구 벚꽃로 298,37.4814351460181,126.883894765749
163366470,미혜네옛집,pub,서울 금천구 독산동 151-11,서울 금천구 가산로 58,37.47185121978599,126.89662400391424
438719331,경성주막1929 독산시티렉스점,pub,서울 금천구 독산동 291-6,서울 금천구 시흥대로 399,37.4693593571858,126.897003870006
284481205,2도비어 금천시흥점,pub,서울 금천구 시흥동 890-2,서울 금천구 시흥대로56길 8,37.45239410709441,126.90218866262019
2035380815,꽃히다,pub,서울 금천구 가산동 371-28,서울 금천구 가산디지털1로 168,37.4808782935429,126.882045953741
1775251531,광부맥주 시흥사거리점 제31광구,pub,서울 금천구 시흥동 883-11,서울 금천구 시흥대로 224,37.4539386861272,126.901396640149
1242981062,역전할머니맥주 서울독산점,pub,서울 금천구 독산동 285,서울 금천구 시흥대로122길 29,37.4693546820182,126.899952048095
1097440157,개돼지펍,pub,서울 금천구 가산동 83-27,서울 금천구 벚꽃로38길 32-67,37.4823302177592,126.885195865647
27273053,통파이브 가산디지털점,pub,서울 금천구 가산동 50-3,서울 금천구 벚꽃로 298,37.4815072576908,126.883926311441
1216273386,일렁일렁,pub,서울 금천구 시흥동 987,서울 금천구 시흥대로 179,37.4499133195115,126.901829117399
1515974195,객주현 가산디지털단지역점,pub,서울 금천구 가산동 43-1,서울 금천구 벚꽃로38길 5,37.4818697610503,126.883314084017
2027839231,만선호프 가산디지털점,pub,서울 금천구 가산동 50-3,서울 금천구 벚꽃로 298,37.4814405298308,126.883872145103
512142178,오늘의디스크조각모음,pub,서울 금천구 시흥동 999,서울 금천구 시흥대로 257,37.456618454852524,126.89944458443884
496293755,토리키치 가산점,pub,서울 금천구 가산동 60-9,서울 금천구 디지털로10길 37,37.4766454253398,126.889578635598
13336313,잔,pub,서울 금천구 시흥동 888-6,서울 금천구 시흥대로52길 38,37.45302485105015,126.90223078843745
22300665,펀비어킹 금천독산시티렉스점,pub,서울 금천구 독산동 291-5,서울 금천구 시흥대로 399,37.46953133362683,126.89687024253583
1520985996,꼬지사께 독산점,pub,서울 금천구 독산동 1013-16,서울 금천구 시흥대로122길 30,37.4691744073579,126.89986637558
1883988995,펀비어킹 금천시흥은행나무사거리점,pub,서울 금천구 시흥동 910-9,서울 금천구 금하로24길 8,37.4505664577521,126.908444168926
1809052267,노군꼬치 서울가산디지털단지점,pub,서울 금천구 가산동 233-5,서울 금천구 디지털로10길 69,37.474916755902726,126.89094458314804
238604713,상신상회,pub,서울 금천구 시흥동 892,서울 금천구 시흥대로56길 22,37.452561404667584,126.9029287134486
1195450589,펀비어킹 금천독산3동점,pub,서울 금천구 독산동 959-23,서울 금천구 독산로 359,37.47879493774498,126.90365792867594
1106374768,백스비어 금천롯데캐슬점,pub,서울 금천구 독산동 1155,서울 금천구 시흥대로 291,37.46019587787982,126.89677907740399
1163591336,펀비어킹 금천독산역점,pub,서울 금천구 가산동 691-3,서울 금천구 가산디지털1로 1,37.4662797360598,126.887173723172
284275915,크라운호프 가산점,pub,서울 금천구 가산동 142-41,서울 금천구 가산로 144,37.4781948411436,126.891176108132
400432743,펀비어킹 금천가산W센터점,pub,서울 금천구 가산동 371-106,서울 금천구 가산디지털1로 181,37.4814244463952,126.8803943965
19292053,치어스 가산디지털점,pub,서울 금천구 가산동 50-3,서울 금천구 벚꽃로 298,37.48163746301613,126.88347838498277
16792157,멍석깔고,pub,서울 금천구 가산동 43-1,서울 금천구 벚꽃로38길 5,37.4819212311708,126.883428196906
1278106639,교맥동 서울 가산점,pub,서울 금천구 가산동 152-30,서울 금천구 가산로7길 12,37.4755532285806,126.892319509945
783409895,한술가락,pub,서울 금천구 시흥동 825-40,서울 금천구 금하로23길 32,37.4526607668195,126.908902730834
300068819,역전할머니맥주 서울금천독산2동점,pub,서울 금천구 독산동 1043-12,서울 금천구 독산로 189,37.4639097244346,126.903015775556
2073269615,이선생맥주 독산역점,pub,서울 금천구 가산동 691,서울 금천구 가산디지털1로 5,37.4667451232193,126.886718605186
919448330,만월,pub,서울 금천구 시흥동 903-11,서울 금천구 시흥대로50길 10,37.4512411829079,126.902639968057
16329163,동학,pub,서울 노원구 공릉동 439-15,서울 노원구 공릉로51길 6,37.6290390796039,127.07652957773378
16999919,브로이하우스바네하임,pub,서울 노원구 공릉동 240-19,서울 노원구 공릉로32길 54,37.6216986282432,127.082060003017
1332590568,하토상의술방,pub,서울 노원구 상계동 593-3,서울 노원구 상계로3길 10,37.6567048272547,127.062551898896
1250481954,곳 노원본점,pub,서울 노원구 상계동 330-29,서울 노원구 노해로85길 10-55,37.65632353910444,127.06617122032642
66453010,호텔마드리드,pub,서울 노원구 상계동 617,서울 노원구 노해로79길 6-19,37.6554939654846,127.062442091082
1853413171,테츠로주방,pub,서울 노원구 공릉동 644-24,서울 노원구 공릉로 120,37.6206414756289,127.078520221192
455859409,낙원스낵 노원점,pub,서울 노원구 상계동 331-8,서울 노원구 노해로81길 12-20,37.6555579758557,127.064046828307
1376591946,소우주,pub,서울 노원구 상계동 591-3,서울 노원구 상계로1길 38-11,37.6579772431141,127.062117783835
729436411,섬사나이,pub,서울 노원구 공릉동 351-1,서울 노원구 공릉로39길 21,37.6236004518636,127.078318302833
1387633845,태릉역전,pub,서울 노원구 공릉동 670-11,서울 노원구 화랑로 449-7,37.6186891951338,127.076909746501
651994998,중계의밤,pub,서울 노원구 중계동 503,서울 노원구 동일로 1279,37.64321702830482,127.06438068271993
1853800715,관동식당,pub,서울 노원구 상계동 348-4,서울 노원구 노해로85길 15-5,37.65638256343407,127.06534512349704
399344303,테판유키,pub,서울 노원구 공릉동 644-1,서울 노원구 공릉로 114,37.6203786476023,127.078128024741
22080142,잔월,pub,서울 노원구 공릉동 393-15,서울 노원구 동일로192길 38,37.6263703000421,127.075218448442
1899913594,코방,pub,서울 노원구 공릉동 670-20,서울 노원구 동일로 986,37.61820143038759,127.07602914873281
1811274562,수을독,pub,서울 노원구 상계동 725-1,서울 노원구 동일로218길 29,37.65404785471091,127.06250660735806
1312653889,쿠마,pub,서울 노원구 공릉동 388-4,서울 노원구 동일로192길 37,37.6266011829821,127.07485618149
1615142340,미라쥬펍,pub,서울 노원구 공릉동 506-32,서울 노원구 동일로184길 69-9,37.6251066996348,127.07725846022
19032274,시골막걸리,pub,서울 노원구 상계동 649-7,서울 노원구 동일로 1530,37.6650420933158,127.05807858295395
1976990014,인생한밤,pub,서울 노원구 공릉동 379-34,서울 노원구 동일로195길 7,37.62730608101855,127.07142217209038
160750101,후타고,pub,서울 노원구 공릉동 412-32,서울 노원구 공릉로 164,37.6245175473033,127.079825861935
27501802,커피파는술집,pub,서울 노원구 상계동 349-28,서울 노원구 노해로85길 15-7,37.65636895757019,127.06550943477464
1874922847,인생꼬치479,pub,서울 노원구 월계동 64-18,서울 노원구 석계로 15,37.61614513955888,127.06430409972943
961805263,핫텐,pub,서울 노원구 공릉동 661-3,서울 노원구 화랑로 449-8,37.6187537722663,127.077359491827
260149239,회장님댁 서울노원점,pub,서울 노원구 상계동 332-3,서울 노원구 노해로81길 22-22,37.6559113178506,127.063757018144
1157269360,미소,pub,서울 노원구 공릉동 670-20,서울 노원구 동일로 986,37.61821592129808,127.07591249703087
2113079415,몽당,pub,서울 노원구 상계동 349-26,서울 노원구 노해로85길 10-33,37.656468869485,127.065684045363
1171970646,이리모,pub,서울 노원구 공릉동 633-17,서울 노원구 공릉로 105,37.61957151233427,127.07790177190974
26985002,치치 노원역점,pub,서울 노원구 상계동 332-3,서울 노원구 노해로81길 22-22,37.6558824521189,127.063820455802
1069660792,키라키라윤 공릉점,pub,서울 노원구 공릉동 506-32,서울 노원구 동일로184길 69-9,37.6251066951844,127.077265256947
16082172,사카나,pub,서울 노원구 중계동 142-14,서울 노원구 한글비석로20길 33,37.66070934474792,127.07404268571074
33565585,루맨틱,pub,서울 노원구 공릉동 644-17,서울 노원구 공릉로 104,37.6196397647827,127.078238256701
544334420,마실자리,pub,서울 노원구 공릉동 350-102,서울 노원구 공릉로39길 28,37.6236366736943,127.078043078626
876896950,키라키라윤 월계인덕점,pub,서울 노원구 월계동 942,서울 노원구 광운로 132,37.629441078202994,127.05899566885381
1648050966,역전할머니맥주 서울노원역점,pub,서울 노원구 상계동 616-4,서울 노원구 노해로81길 16,37.6555612602163,127.062966842741
774439517,스무하루,pub,서울 노원구 공릉동 411-9,서울 노원구 공릉로41길 4,37.6245862516685,127.079486101199
695042590,룸의정석 노원점,pub,서울 노원구 상계동 616-1,서울 노원구 노해로81길 12-15,37.6557458966903,127.063088256838
1042396228,춘타운 노원점,pub,서울 노원구 상계동 332-8,서울 노원구 노해로81길 12-21,37.6557799663013,127.063401063911
13560270,을지로골뱅이 노원원조1호점,pub,서울 노원구 상계동 726-1,서울 노원구 동일로218길 17,37.65394453648585,127.0619478400242
152912710,개기일식,pub,서울 노원구 공릉동 338-21,서울 노원구 공릉로35길 10,37.6228956128978,127.07871969142
421042962,김복남맥주 공릉점,pub,서울 노원구 공릉동 653-3,서울 노원구 화랑로 463,37.6190033938615,127.078649891195
450021877,술잔에타,pub,서울 노원구 공릉동 440-11,서울 노원구 공릉로51길 7,37.6287947638659,127.076758161827
1598617292,공야,pub,서울 노원구 공릉동 340-17,서울 노원구 공릉로 152,37.623508576615635,127.07962654925463
656719069,좋은날,pub,서울 노원구 공릉동 411-16,서울 노원구 공릉로41길 5,37.6244287474532,127.079235589484
27224016,비어셀러,pub,서울 노원구 공릉동 208-5,서울 노원구 공릉로 198,37.6274312540795,127.07860892665
1530679778,독채,pub,경기 의정부시 의정부동 129-10,경기 의정부시 시민로146번길 23,37.7365812250316,127.050484590217
152278842,쉐프마인드,pub,서울 도봉구 창동 5-1,서울 도봉구 마들로11가길 16,37.652565827280846,127.04897035608184
1602362477,즐거운술상,pub,서울 도봉구 창동 338,서울 도봉구 노해로 341,37.6515147118322,127.04590552069392
17537523,전초전 쌍문역점,pub,서울 도봉구 창동 655-5,서울 도봉구 도봉로110나길 13,37.6467965305182,127.03455103939322
669896181,브롱스 창동점,pub,서울 도봉구 창동 6,서울 도봉구 마들로11가길 15,37.6526567066768,127.04925825037
1608455458,아카리,pub,서울 도봉구 창동 658-61,서울 도봉구 도봉로118길 18-2,37.6487620119925,127.036102096355
16060304,굽모닝숯불바베큐,pub,서울 도봉구 방학동 658-52,서울 도봉구 도당로27길 5,37.6676306436092,127.04080365409
1223187859,쿠리야 쌍문점,pub,서울 도봉구 쌍문동 88-26,서울 도봉구 도봉로117길 11,37.64945360400014,127.03429957594487
1892893120,주접단,pub,서울 도봉구 쌍문동 88-116,서울 도봉구 도봉로 473,37.6480004063137,127.033994093949
108052840,무무,pub,서울 도봉구 창동 661-3,서울 도봉구 도봉로 506,37.650399107564496,127.03607229315956
1522925593,기린쿠시,pub,서울 도봉구 쌍문동 103-16,서울 도봉구 우이천로24길 72,37.6464061045751,127.032434204929
23556861,호감,pub,서울 도봉구 도봉동 622-80,서울 도봉구 도봉로152길 27,37.669476006783185,127.04531357959426
654935106,기름냄새,pub,서울 도봉구 쌍문동 672,서울 도봉구 도봉로129길 23,37.6551803682972,127.036895075801
1729481978,야키토리쿠시에,pub,서울 도봉구 방학동 717-2,서울 도봉구 도봉로150다길 28,37.6672823576972,127.044689993115
405824094,고메즈 2호점,pub,서울 도봉구 쌍문동 679,서울 도봉구 해등로17길 44,37.655109893658,127.037522858356
766942559,찰리네맥주집 창동역점,pub,서울 도봉구 창동 262-18,서울 도봉구 노해로63가길 29,37.65405673352987,127.04499823636284
8581078,취바,pub,서울 도봉구 창동 805,서울 도봉구 노해로63다길 24,37.653947201470146,127.0463240455638
1900156202,해로,pub,서울 도봉구 창동 655-6,서울 도봉구 도봉로110나길 11,37.6467262697163,127.034496617227
16441734,스카이호프,pub,서울 도봉구 방학동 705,서울 도봉구 도봉로 730,37.6694242925013,127.043878585196
621109860,역전할머니맥주 서울솔밭공원역점,pub,서울 도봉구 쌍문동 507-4,서울 도봉구 삼양로 590,37.65565839217294,127.01340411465883
1011394258,생활맥주 창동역점,pub,서울 도봉구 창동 13,서울 도봉구 마들로11길 65,37.653371940898204,127.04960662074419
1870725475,만선호프 도봉산점,pub,서울 도봉구 도봉동 572-17,서울 도봉구 도봉로187길 63,37.6861271744923,127.042413458478
413183307,우마이 신창동점,pub,서울 도봉구 창동 647-1,서울 도봉구 도봉로106길 22,37.64432454063405,127.03347686706168
222482199,얼맥당 방학점,pub,서울 도봉구 방학동 698-42,서울 도봉구 방학로4길 39,37.6647390608635,127.03913598666
1529760655,주해장집 창동점,pub,서울 도봉구 창동 6-1,서울 도봉구 마들로11가길 13-6,37.6526971322466,127.049541579007
1669049278,이자카야 우규 쌍문역점,pub,서울 도봉구 쌍문동 103-45,서울 도봉구 도봉로109길 25,37.64686576853475,127.03183838411127
869576794,방학동이야기,pub,서울 도봉구 방학동 713-1,서울 도봉구 도봉로146길 40,37.6641440964574,127.045072327975
772541665,옥마카세,pub,서울 도봉구 방학동 660-15,서울 도봉구 도당로 95,37.665955968856,127.037334504764
634705450,영철아,pub,서울 도봉구 창동 292-5,서울 도봉구 해등로16길 42,37.6552254320594,127.042224754972
737569769,바이젠비어,pub,서울 도봉구 쌍문동 217,서울 도봉구 해등로26길 25,37.6592189146145,127.032669839485
2006860393,역전할머니맥주 서울쌍문역점,pub,서울 도봉구 쌍문동 100-30,서울 도봉구 도봉로109길 16,37.646934092448,127.032392509072
371809948,금별맥주 도봉점,pub,서울 도봉구 도봉동 63,서울 도봉구 도봉로180나길 19,37.68306424015816,127.04841902945523
180079662,무지개맥주 서울창동역점,pub,서울 도봉구 창동 6-1,서울 도봉구 마들로11가길 13-6,37.6526971322466,127.049541579007
396625197,2번출구호프,pub,서울 도봉구 창동 135-14,서울 도봉구 노해로63다길 6,37.65320370678639,127.0467904684602
1600218123,오사카데스 서울창동점,pub,서울 도봉구 창동 826,서울 도봉구 도봉로136가길 73,37.655516329954715,127.04255696213022
19553374,호프왕노가리 창동점,pub,서울 도봉구 창동 657-137,서울 도봉구 도봉로114길 30,37.64743038985934,127.03599947030243
1783727653,김복남맥주 서울창동점,pub,서울 도봉구 창동 9,서울 도봉구 노해로67길 2,37.6524473525514,127.05003322357958
1947619611,역전할머니맥주 서울도봉보건소사거리점,pub,서울 도봉구 쌍문동 651,서울 도봉구 해등로 157,37.6567853004067,127.038821295534
2031121094,오늘도,pub,서울 도봉구 창동 568,서울 도봉구 덕릉로 260,37.6404860704502,127.040140714672
16875456,징기스칸,pub,서울 도봉구 쌍문동 81-171,서울 도봉구 노해로 249,37.6515011065332,127.035754399909
20553372,꼬꼬가취한날,pub,서울 도봉구 방학동 689-25,서울 도봉구 방학로2길 7,37.66325188190907,127.04078992345275
1208607157,곰돌이맥주&카페,pub,서울 도봉구 방학동 703-48,서울 도봉구 도봉로149길 15,37.666152630242195,127.04195892551496
12587644,빈대떡신사 창동본점,pub,서울 도봉구 창동 331-2,서울 도봉구 노해로65길 17,37.65211198906375,127.04609626576602
503379104,맥주맛을아는남자,pub,서울 도봉구 방학동 736,서울 도봉구 방학로 210,37.66209316355748,127.02875650602697
194995792,늘,pub,서울 도봉구 창동 6,서울 도봉구 마들로11가길 15,37.652604478066394,127.04919022349154
24285110,별난주점 쌍문역점,pub,서울 도봉구 쌍문동 88-104,서울 도봉구 도봉로117길 5,37.6493390947801,127.034588478259
23487112,버들이야기,pub,서울 중구 중림동 200,서울 중구 중림로 10,37.5587247039845,126.96538554448
892356725,오동술 서대문점,pub,서울 서대문구 충정로2가 19-2,서울 서대문구 통일로9안길 39,37.56586162107701,126.965808965325
24581095,철판남&심야식당,pub,서울 종로구 필운동 155-2,서울 종로구 자하문로1길 53,37.57693135276577,126.96947969879065
21235804,이모네왕파전,pub,서울 동대문구 휘경동 335-20,서울 동대문구 회기로28길 12-3,37.5892385570598,127.056077830055
243138433,청량회관,pub,서울 동대문구 전농동 152-11,서울 동대문구 서울시립대로 164,37.58330069632241,127.05483706251121
16379581,부산슈퍼,pub,서울 동대문구 전농동 270-42,서울 동대문구 전농로17길 37,37.5791550954594,127.055114780858
1948105658,크래프트한스 답십리점,pub,서울 동대문구 답십리동 21-8,서울 동대문구 전농로 36,37.5680105000569,127.057406636863
2125135897,코테사키,pub,서울 동대문구 청량리동 728,서울 동대문구 홍릉로5길 7,37.5825493475796,127.043871700461
817931663,술고래,pub,서울 동대문구 전농동 602-22,서울 동대문구 왕산로 262,37.5840000750466,127.050324763544
261249629,몽월,pub,서울 동대문구 장안동 417-5,서울 동대문구 천호대로83길 3,37.5625379874516,127.064141416909
26977956,골뱅이나라 청량리역 1호점,pub,서울 동대문구 청량리동 281,서울 동대문구 홍릉로 8,37.58100366723335,127.0451353717632
412620333,해피디쉬클럽,pub,서울 동대문구 전농동 152-11,서울 동대문구 서울시립대로 164,37.5832925936962,127.05482347071
12014256,블루호프치킨,pub,서울 동대문구 장안동 367-2,서울 동대문구 장한로 120,37.57099068580597,127.07120309300667
1477320382,호텔글로리,pub,서울 동대문구 회기동 60-47,서울 동대문구 경희대로1길 9,37.5916336346346,127.0516003227
1684941616,부오상회,pub,서울 동대문구 신설동 396-11,서울 동대문구 한빛로 33,37.5783198974242,127.026309531665
613680376,타일러,pub,서울 동대문구 신설동 92-126,서울 동대문구 하정로 46,37.57512394213186,127.02687895099768
19338477,만원의행복,pub,서울 동대문구 장안동 341-3,서울 동대문구 장한로24길 30-1,37.5702293621909,127.072653537101
1120759836,회기호프,pub,서울 동대문구 휘경동 319-1,서울 동대문구 회기로 194,37.5898361976482,127.057364518939
1614446139,12.5도,pub,서울 동대문구 답십리동 36-62,서울 동대문구 전농로 55,37.5699028287796,127.056914558077
2033691756,신설동사람들,pub,서울 동대문구 신설동 396-7,서울 동대문구 한빛로 33-2,37.5784514030616,127.026486182673
300778346,여울,pub,서울 동대문구 청량리동 51-9,서울 동대문구 제기로38길 62,37.58377282163376,127.04866033221148
1808316108,킹스비어,pub,서울 동대문구 휘경동 191-3,서울 동대문구 회기로 195,37.5902000704207,127.057627482407
643180958,누쿠모리,pub,서울 동대문구 장안동 426-6,서울 동대문구 천호대로83길 71-2,37.5652957564224,127.066101937864
2122175697,이찌방이야기,pub,서울 동대문구 장안동 367-2,서울 동대문구 장한로 120,37.57110506224711,127.07128583572101
13309380,노천파전,pub,서울 동대문구 휘경동 319-17,서울 동대문구 회기로28길 3,37.5896673710968,127.056200434933
1532547516,곰배곰배,pub,서울 동대문구 장안동 218-5,서울 동대문구 장한로5길 75,37.565976149682356,127.0625348133735
843622304,상상주막,pub,서울 동대문구 용두동 27-28,서울 동대문구 왕산로28길 37,37.5764828306174,127.039099938888
1327239471,주한상,pub,서울 동대문구 장안동 376-4,서울 동대문구 한천로14길 83,37.5664421153743,127.067180519353
1674726670,역전할머니맥주 서울경희대점,pub,서울 동대문구 회기동 60-46,서울 동대문구 경희대로1길 7,37.5916227711954,127.051718072427
21531332,다사리아,pub,서울 동대문구 전농동 103-285,서울 동대문구 전농로 239,37.5851174199566,127.052139272094
1129458181,별밤 회기역점,pub,서울 동대문구 회기동 60-190,서울 동대문구 회기로 160-2,37.5906208297963,127.053818864534
336075805,진정,pub,서울 동대문구 답십리동 530-15,서울 동대문구 고미술로 71,37.5661627317362,127.055151614833
1564057829,량리,pub,서울 동대문구 전농동 127-222,서울 동대문구 전농로37길 101,37.58094171173295,127.05123519303905
1302599654,오토나,pub,서울 동대문구 장안동 387-5,서울 동대문구 답십리로68길 10,37.571894488874015,127.0695150360034
894062163,동래파전,pub,서울 동대문구 답십리동 465-137,서울 동대문구 천호대로 231,37.5703714926148,127.048515777097
15424766,도모다찌,pub,서울 동대문구 회기동 19,서울 동대문구 경희대로4길 15,37.5924869195834,127.05352128268
1032659907,훈,pub,서울 동대문구 제기동 137-297,서울 동대문구 안암로24길 15,37.5883589449774,127.03588721587
1909280134,일관,pub,서울 동대문구 용두동 39-355,서울 동대문구 왕산로32길 43,37.577101791049536,127.04179570018144
2081553974,느린마을양조장 청량리역점,pub,서울 동대문구 전농동 620-47,서울 동대문구 답십리로 27,37.5791176242054,127.045818016607
361082829,후루사토,pub,서울 동대문구 휘경동 294-165,서울 동대문구 망우로18마길 16-1,37.5863277174291,127.060989397766
20943829,명동이발관,pub,서울 동대문구 전농동 103-88,서울 동대문구 서울시립대로27길 49,37.58478941454345,127.05223867494493
17317741,온달파전,pub,서울 동대문구 휘경동 319-31,서울 동대문구 회기로28길 17,37.5893104767225,127.056413028826
12898447,호매호,pub,서울 동대문구 답십리동 64-41,서울 동대문구 답십리로 173-1,37.572994626091536,127.05958729634239
21394298,씨썬쌘드,pub,서울 동대문구 회기동 42-45,서울 동대문구 경희대로1길 8-7,37.5920120095355,127.051695696043
15788803,불타는왕십리,pub,서울 동대문구 제기동 1145-1,서울 동대문구 회기로 16,37.5911269500889,127.03825726128
16931403,쏘스치킨호프 신설점,pub,서울 동대문구 신설동 92-12,서울 동대문구 하정로 42,37.5747860588528,127.0269241106
828010347,청량0408,pub,서울 동대문구 제기동 635-16,서울 동대문구 경동시장로2길 31,37.5802251879928,127.042771059377
251321963,호요,pub,서울 동작구 사당동 1008-10,서울 동작구 동작대로13길 6-7,37.4820493107938,126.981127597365
1190793153,신사펍 이수점,pub,서울 동작구 사당동 86-9,서울 동작구 동작대로 129,37.48832044779743,126.98188586374513
1354880646,여정막걸리,pub,서울 동작구 사당동 1031-24,서울 동작구 동작대로3길 10,37.4784380182836,126.980830034786
15727417,장독대,pub,서울 동작구 흑석동 182-5,서울 동작구 흑석로 112,37.5083612022397,126.961653819369
1581672438,이자카야 잔잔 사당직영점,pub,서울 동작구 사당동 1046-32,서울 동작구 남부순환로269길 21,37.4775671188987,126.977833147825
932891056,아리계곡 이수역점,pub,서울 동작구 사당동 138,서울 동작구 동작대로27나길 21,37.486590317050904,126.98065382500161
490006660,시시비비,pub,서울 동작구 사당동 1042-6,서울 동작구 사당로30길 163,37.4774865447807,126.980783925
1863042448,호멜맥주,pub,서울 동작구 노량진동 16-1,서울 동작구 노들로2길 7,37.514322808338584,126.93934410592412
67840938,용용선생 이수역점,pub,서울 동작구 사당동 138-3,서울 동작구 동작대로27다길 26,37.486491159539,126.980371177438
1822548282,밀짚모자,pub,서울 동작구 상도1동 638-1,서울 동작구 양녕로 284,37.50441879152526,126.95057126967858
21766974,전원일기,pub,서울 동작구 사당동 708-447,서울 동작구 동작대로25길 32,37.4857505547584,126.980516098421
1191397487,혼미 상도직영점,pub,서울 동작구 상도1동 677,서울 동작구 양녕로 271,37.5041216544627,126.948911218837
1287974675,소람,pub,서울 동작구 사당동 1019-17,서울 동작구 사당로30길 91,37.4807265933621,126.980901808905
1206622245,사랑방,pub,서울 동작구 흑석동 8-30,서울 동작구 현충로 96-1,37.5078899189441,126.96434587654
428594902,천잔 1호점,pub,서울 동작구 사당동 1038-33,서울 동작구 동작대로7길 66,37.4780700820219,126.978925125668
1164158785,CCR수제맥주,pub,서울 동작구 사당동 1031-1,서울 동작구 동작대로7길 11,37.4798219868059,126.980942740446
1358637783,혼미 신대방삼거리직영점,pub,서울 동작구 신대방동 724,서울 동작구 여의대방로22길 121,37.49900752762659,126.92663973878615
1614573420,사당우물,pub,서울 동작구 사당동 1038-26,서울 동작구 동작대로7길 76,37.477901505136,126.97843676975
1700181947,소라노호시,pub,서울 동작구 사당동 132-20,서울 동작구 동작대로27길 16-5,37.48777069809506,126.98102665550583
1914730719,우미노식탁,pub,서울 동작구 사당동 1041-24,서울 동작구 사당로30길 158,37.477841510549,126.980588246849
409486500,코쵸,pub,서울 동작구 사당동 1029-38,서울 동작구 사당로30길 100,37.4804094036226,126.980689336666
24637190,행복한맥주,pub,서울 동작구 사당동 128-26,서울 동작구 동작대로27길 49,37.4879344285002,126.979511456954
123602729,도담 이수역 본점,pub,서울 동작구 사당동 145-5,서울 동작구 동작대로27가길 32,37.4861227494247,126.980996543728
15531690,청송얼음막걸리 신대방삼거리역점,pub,서울 동작구 대방동 407-31,서울 동작구 여의대방로24길 133,37.4992882667876,126.927492151613
803242145,마쯔리,pub,서울 동작구 상도동 363-164,서울 동작구 상도로15길 131,37.5049777594866,126.937936822392
1244817044,흑석동선술집 키코,pub,서울 동작구 흑석동 52-17,서울 동작구 서달로14나길 17,37.5074121171932,126.963465048584
15657756,쇼보,pub,서울 동작구 사당동 708-447,서울 동작구 동작대로25길 32,37.48575775983969,126.98049800564574
468348040,남도술상 보라매역점,pub,서울 동작구 대방동 416-4,서울 동작구 여의대방로24가길 22,37.49919952153656,126.92116833474442
12517591,아지트 사당본점,pub,서울 동작구 사당동 130-25,서울 동작구 동작대로27길 32,37.4876101942117,126.980266859383
1271284068,히쿠,pub,서울 동작구 사당동 1032-45,서울 동작구 동작대로7길 49,37.4786441407126,126.979584089264
717441496,진달래실비 사당점,pub,서울 동작구 사당동 1038-30,서울 동작구 동작대로7길 70,37.4779835630655,126.978801918452
123133732,리버풀펍,pub,서울 동작구 흑석동 184-9,서울 동작구 흑석로 101-10,37.5081266918522,126.96089389474
1221356082,윤공,pub,서울 동작구 사당동 1044-37,서울 동작구 동작대로1길 27,37.4772016727043,126.979864858711
11692852,이수치막,pub,서울 동작구 사당동 139-54,서울 동작구 동작대로27나길 12,37.487069662605,126.980710236453
26590855,콘크리트,pub,서울 동작구 사당동 139-57,서울 동작구 동작대로27나길 14,37.4869507310175,126.980719312629
18461617,사이야 신대방점,pub,서울 동작구 신대방동 350-9,서울 동작구 보라매로 99,37.4981639697722,126.927751076665
949041563,휘야,pub,서울 동작구 사당동 1033-22,서울 동작구 동작대로7길 36,37.4791658920456,126.979975128743
1003201279,전망좋은집,pub,서울 동작구 노량진동 15-26,서울 동작구 노들로2길 9-4,37.5144900950504,126.940525985357
1152368856,미사키혼술 이수본점,pub,서울 동작구 사당동 708-454,서울 동작구 동작대로25길 24,37.4860064789098,126.980746691743
847014242,부엉이산장 이수점,pub,서울 동작구 사당동 137-8,서울 동작구 동작대로27가길 26,37.4865002548871,126.980891293687
1509967585,슈보요단,pub,서울 동작구 사당동 1007-33,서울 동작구 사당로30길 43,37.4828971437286,126.981025626665
1363299478,단쇼우이자카야,pub,서울 동작구 사당동 1019-19,서울 동작구 동작대로9길 4,37.4806960207363,126.981287353061
236051879,요코즈롯지,pub,서울 동작구 신대방동 347-31,서울 동작구 여의대방로24길 140,37.4989767203916,126.927821539092
1579236629,이자카야 우규 이수역점,pub,서울 동작구 사당동 140-20,서울 동작구 동작대로27다길 14,37.4869470658801,126.980348444166
439049297,우니꾸,pub,서울 동작구 상도동 328-10,서울 동작구 국사봉1길 4,37.4987016226642,126.928827152999
18579319,돈부리돈 본점,pub,서울 은평구 역촌동 43-77,서울 은평구 진흥로 29,37.600634063272,126.918742241684
494097955,취금찬옥,pub,서울 은평구 대조동 68-2,서울 은평구 역말로10길 32,37.6090851489402,126.923847624105
1811060000,심야식당 상상,pub,서울 은평구 역촌동 34-43,서울 은평구 연서로4길 13,37.6026621992343,126.917453574673
1731049107,심야종점,pub,서울 은평구 구산동 339-18,서울 은평구 서오릉로 217-2,37.61442864999309,126.90944309385762
677911355,야키토리묵,pub,서울 마포구 연남동 223-102,서울 마포구 성미산로 165-1,37.56465767525135,126.92458444562307
668594192,미스터리브루잉컴퍼니,pub,서울 마포구 염리동 168-9,서울 마포구 독막로 311,37.543974175725026,126.94750919056997
2036183426,산울림1992,pub,서울 마포구 창전동 5-138,서울 마포구 서강로9길 60,37.55464224823846,126.93054626122678
19452143,너랑나랑호프 망원점,pub,서울 마포구 망원동 386-3,서울 마포구 월드컵로 61,37.554696770835825,126.91108398813803
1212742526,멜드바이기치조지,pub,서울 마포구 합정동 369-15,서울 마포구 성지길 55,37.54617017796392,126.91290127060502
1525886780,기노,pub,서울 마포구 도화동 204-1,서울 마포구 삼개로3길 6-1,37.5385864113682,126.947992714479
760859476,카시,pub,서울 마포구 연남동 260-41,서울 마포구 동교로34길 12,37.56090975583422,126.92493795463363
747903409,야키토리 나루토,pub,서울 마포구 서교동 403-23,서울 마포구 독막로9길 26,37.5493540644272,126.920207967712
157940566,공감 합정점,pub,서울 마포구 서교동 396-33,서울 마포구 양화로6길 49,37.548897731778595,126.9169742434433
27337907,카에루,pub,서울 마포구 합정동 392-1,서울 마포구 양화로1길 31,37.5501362042863,126.910268957662
27272826,요코쵸,pub,서울 마포구 연남동 240-1,서울 마포구 성미산로 161-15,37.5653219290818,126.923525465661
1492992408,썬키친,pub,서울 마포구 합정동 412,서울 마포구 양화로6길 50,37.5486490595911,126.916979045786
24166931,야키토리 쿠이신보 합정점,pub,서울 마포구 합정동 413-16,서울 마포구 양화로6길 38,37.54880352297685,126.91625915599515
1671949372,소점,pub,서울 마포구 연남동 487-278,서울 마포구 성미산로17길 99,37.56585095804841,126.9170663566287
14536745,이박사의신동막걸리,pub,서울 마포구 용강동 494-41,서울 마포구 토정로 263,37.54297023850897,126.93950760951351
15659552,미로식당,pub,서울 마포구 창전동 6-99,서울 마포구 와우산로30길 80,37.5520151534055,126.927898301176
13050578,당인리극장,pub,서울 마포구 서교동 394-20,서울 마포구 양화로6길 21,37.5491994299031,126.91551183147
44763750,연주방,pub,서울 마포구 연남동 387-19,서울 마포구 동교로46길 7,37.5626921983887,126.925366266672
735318451,깊은숲,pub,서울 마포구 합정동 412-4,서울 마포구 독막로 27,37.54849740803598,126.91657635434606
390038812,불나방,pub,서울 마포구 서교동 327-43,서울 마포구 와우산로29길 4-26,37.5550002914939,126.929611122759
1080030680,홍대공감,pub,서울 마포구 서교동 407-6,서울 마포구 와우산로17길 10,37.5503070331279,126.922481579553
16791656,참새방앗간,pub,서울 마포구 동교동 164-7,서울 마포구 어울마당로 129-1,37.556092607062,126.924281848779
1930980171,소금과다시마,pub,서울 마포구 서교동 377-7,서울 마포구 잔다리로7길 38,37.5534343757811,126.915869195762
25490925,단단,pub,서울 마포구 연남동 228-9,서울 마포구 동교로 266-5,37.5631447337716,126.92573932565759
81108694,에일크루 피자펍 홍대점,pub,서울 마포구 동교동 189-2,서울 마포구 와우산로37길 7,37.55588739014,126.930483991665
1964922245,38도씨식당,pub,서울 마포구 서교동 409-11,서울 마포구 와우산로17길 19-17,37.54942888613963,126.9216111244117
1475839956,구주홍대,pub,서울 마포구 서교동 407-14,서울 마포구 와우산로17길 18,37.5503661785049,126.92199490601
1699375222,스시사카바 야마타츠,pub,서울 마포구 연남동 383-90,서울 마포구 동교로46길 42-20,37.5618568124636,126.926544203509
1880297129,빼레,pub,서울 마포구 서교동 399-4,서울 마포구 독막로5길 23,37.5490752117013,126.918241479953
1711932218,열정타코,pub,서울 마포구 연남동 241-30,서울 마포구 성미산로29길 20,37.564988767817454,126.92246184124448
915730621,키오쿠,pub,서울 마포구 서교동 327-46,서울 마포구 와우산로29길 4-15,37.5550974233896,126.9293167821
1147527319,서울브루어리 합정 SEOUL BREWERY,pub,서울 마포구 합정동 368-10,서울 마포구 토정로3안길 10,37.5459155580475,126.914631766645
12967310,버들골이야기 상수점,pub,서울 마포구 상수동 324-8,서울 마포구 독막로 84,37.547586132522,126.922656402684
313338043,합정구락부,pub,서울 마포구 서교동 380-12,서울 마포구 잔다리로7안길 31,37.5524144954726,126.915938243454
1031182183,꼬치주간,pub,서울 마포구 망원동 413-43,서울 마포구 포은로 70-1,37.5535099316411,126.906136456974
1358874458,호맥 서울합정점,pub,서울 마포구 합정동 412-8,서울 마포구 독막로5길 5,37.5484478502411,126.917857411848
430722062,이자카야 타키 합정점,pub,서울 마포구 합정동 412-4,서울 마포구 독막로 27,37.5485046224072,126.916585399333
1814550431,불철,pub,서울 마포구 연남동 387-5,서울 마포구 동교로 266-10,37.5628978566705,126.925732779629
17810212,타마시,pub,서울 마포구 서교동 382-8,서울 마포구 양화로7길 47,37.55268966264212,126.91394049878436
17079032,퓨전선술집,pub,서울 마포구 합정동 383-9,서울 마포구 월드컵로1길 7,37.54946570812747,126.91246514846281
1829123441,츄라우미 상암점,pub,서울 마포구 상암동 11-1,서울 마포구 월드컵북로44길 76-11,37.57797236347791,126.89384313279665
16994390,꽃,pub,서울 마포구 서교동 325-1,서울 마포구 와우산로 162,37.5552459867732,126.930665664329
2127919575,주섬주섬,pub,서울 마포구 서교동 358-136,서울 마포구 와우산로21길 36-12,37.5529701505932,126.922127995575
1370160550,구운,pub,서울 마포구 망원동 415-31,서울 마포구 포은로 109,37.55666031046874,126.90450278332342
1852005134,어른이대공원,pub,서울 마포구 합정동 410-31,,37.5482364511717,126.91965466315926
8571672,포석정,pub,서울 서대문구 창천동 52-157,서울 서대문구 연세로11길 25,37.55883735079631,126.93541243691124
1256702713,카덴,pub,서울 서대문구 연희동 81-1,서울 서대문구 연희로 173,37.5724935452978,126.93504633207
134473495,희로,pub,서울 서대문구 연희동 421-33,서울 서대문구 성산로 325,37.56641679471255,126.92660990380499
861738054,28총각,pub,서울 서대문구 미근동 31-7,서울 서대문구 통일로 107-21,37.56418791183076,126.96700950796584
12045952,너스레,pub,서울 서대문구 대현동 90-3,서울 서대문구 이화여대1안길 8-3,37.557851795208634,126.94453987919503
1139437500,탭스터,pub,서울 서대문구 연희동 134-16,서울 서대문구 증가로 1,37.5686427225759,126.93190290238
2045036495,연희38애비뉴,pub,서울 서대문구 연희동 134-28,서울 서대문구 연희맛로 38,37.56808995557752,126.931115586063
26068027,영이호프,pub,서울 서대문구 홍은동 409-47,서울 서대문구 거북골로 19-1,37.5802074297777,126.925190291359
559656705,또또,pub,서울 서대문구 연희동 684,서울 서대문구 홍제천로6길 2,37.5736263345764,126.924822180243
9851414,술익는마을,pub,서울 서대문구 창천동 52-66,서울 서대문구 연세로7길 22,37.55779227200516,126.93555481007343
19238297,폼프리츠 서울신촌점,pub,서울 서대문구 창천동 52-40,서울 서대문구 연세로11길 21,37.5588707884481,126.935596889033
8121543,판자집,pub,서울 서대문구 창천동 29-18,서울 서대문구 연세로2길 29,37.5563315200082,126.938491819229
16962310,테라스,pub,서울 서대문구 북아현동 135-9,서울 서대문구 북아현로 2,37.5577090068771,126.956399778584
15516966,연대포,pub,서울 서대문구 창천동 52-71,서울 서대문구 연세로7길 26,37.5577894365756,126.935312613987
1702788673,뉴타운,pub,서울 서대문구 창천동 2-7,서울 서대문구 연세로12길 27,37.5591138381243,126.938566493821
1282339521,느긋,pub,서울 서대문구 미근동 196,서울 서대문구 통일로 105,37.5643079032778,126.967583311909
24912439,네이버후드,pub,서울 서대문구 창천동 53-24,서울 서대문구 연세로7안길 41,37.5581601728196,126.934452144928
26875254,피망과토마토,pub,서울 서대문구 창천동 46-3,서울 서대문구 명물길 27-21,37.5587677303456,126.93832683985
391298464,안짱,pub,서울 서대문구 홍제동 308-209,서울 서대문구 통일로39길 32,37.5878756410814,126.942641514607
2129002802,마세,pub,서울 서대문구 연희동 192-16,서울 서대문구 연희로11가길 47,37.5664778582053,126.927739480308
1458598367,토키,pub,서울 서대문구 충정로3가 250-22,서울 서대문구 충정로4길 3,37.5612110201002,126.96393113646
1078291399,역전할머니맥주 서울신촌점,pub,서울 서대문구 창천동 57-20,서울 서대문구 연세로7길 25,37.55753629120068,126.93537621166101
913901166,용용선생 신촌점,pub,서울 서대문구 창천동 52-61,서울 서대문구 연세로7길 20,37.5577860600384,126.935729107814
1083155214,안테이쿠 신촌본점,pub,서울 서대문구 창천동 52-156,서울 서대문구 연세로11길 22,37.55899064505059,126.9356409255649
1873432888,금별맥주 신촌점,pub,서울 서대문구 창천동 52-158,서울 서대문구 연세로11길 14,37.5590241953522,126.936033626971
8145953,향꽃,pub,서울 서대문구 창천동 53-21,서울 서대문구 연세로7안길 39,37.5581386066596,126.934556287037
1884065454,룸의정석 신촌점,pub,서울 서대문구 창천동 57-3,서울 서대문구 연세로5가길 8-3,37.557479082825715,126.936213766525
1000008966,도주 돗가비수블,pub,서울 서대문구 창천동 52-67,서울 서대문구 연세로7길 24,37.5578651921537,126.935443833815
2074821554,만냥하우스,pub,서울 서대문구 창천동 97-58,서울 서대문구 성산로 402-1,37.5612836433564,126.932348747611
27461579,크래프트비어칸,pub,서울 서대문구 연희동 188-50,서울 서대문구 연희로11길 7,37.5669804456854,126.930460101235
646608498,신기루빠,pub,서울 서대문구 연희동 132-27,서울 서대문구 연희로15길 27,37.568590511245,126.930437097706
26943790,막걸리싸롱 신촌점,pub,서울 서대문구 창천동 52-8,서울 서대문구 연세로11길 10,37.55905857640567,126.93629843597698
1924701078,나나하치,pub,서울 서대문구 연희동 192-10,서울 서대문구 연희맛로 5,37.5661647447774,126.9284506131286
27242546,다모토리5,pub,서울 서대문구 창천동 57-20,서울 서대문구 연세로7길 25,37.55747231175763,126.93536042221781
941609939,호롱,pub,서울 서대문구 연희동 342-60,서울 서대문구 성산로 378,37.563017002374224,126.93052490517591
12097455,전주파전,pub,서울 서대문구 창천동 62-23,서울 서대문구 연세로5다길 26,37.556752637029994,126.93413195996612
1751078118,호루몬우직 신촌본점,pub,서울 서대문구 창천동 62-53,서울 서대문구 신촌로11길 12,37.55720520419353,126.93300432866901
7937466,서른즈음에,pub,서울 서대문구 창천동 53-19,서울 서대문구 연세로7안길 35,37.5580774341147,126.93472837006
1316340163,아에,pub,서울 서대문구 연희동 192-6,서울 서대문구 연희맛로 7-17,37.5663222126721,126.92811089315703
26452497,위드미치코,pub,서울 서대문구 충정로3가 360-4,서울 서대문구 충정로4길 20,37.56054973618148,126.96408764512076
678293473,야생마,pub,서울 서대문구 창천동 52-72,서울 서대문구 연세로7길 30,37.5577866553711,126.935170013524
21325326,바플라이 별밤 1호점,pub,서울 서대문구 창천동 52-22,서울 서대문구 연세로9길 10-1,37.5586008114785,126.936190174697
210759273,요리조리,pub,서울 서대문구 남가좌동 295-19,서울 서대문구 수색로4가길 17,37.570615165298015,126.91418588889834
1529845720,브릭스5221맥주,pub,서울 서대문구 창천동 52-21,서울 서대문구 연세로9길 10-3,37.558762948021354,126.93611081158343
27564595,이자카야나무 강남3호점,pub,서울 서초구 서초동 1307-11,서울 서초구 서초대로75길 23,37.4997727257013,127.025313903915
26330704,데블스도어 센트럴시티점,pub,서울 서초구 반포동 118-3,서울 서초구 사평대로 205,37.504938763158854,127.00894597828004
13724756,하트타임,pub,서울 서초구 잠원동 69-5,서울 서초구 신반포로 195,37.5066589980308,127.005388068075
20708815,코다차야 사당점,pub,서울 서초구 방배동 450-17,서울 서초구 방배천로2길 7,37.47714637012698,126.98347472521846
10589453,악바리,pub,서울 서초구 서초동 1308-6,서울 서초구 서초대로77길 41,37.50125311856523,127.02512667177783
1390847929,수다 서래점,pub,서울 서초구 반포동 93-7,서울 서초구 서래로 50,37.4995528792744,126.99845746676186
20373259,느린마을양조장 강남점,pub,서울 서초구 서초동 1316-28,서울 서초구 서초대로73길 7,37.4981220629255,127.025403816138
17045434,하레,pub,서울 서초구 서초동 1697-11,서울 서초구 서초중앙로28길 16,37.496884077726,127.014836741789
942652842,탄주 고속터미널점,pub,서울 서초구 잠원동 75-13,서울 서초구 신반포로 165,37.5057247585774,127.002171486522
1755323566,이자카야나무 교대점,pub,서울 서초구 서초동 1570-12,서울 서초구 서초대로50길 30,37.491849474497876,127.01293265440108
26967128,이자카야심 강남본점,pub,서울 서초구 서초동 1317-11,서울 서초구 서초대로77길 9,37.4985868052738,127.026213679983
1742528005,나무이자카야 강남4호점,pub,서울 서초구 서초동 1327-7,서울 서초구 서초대로78길 26,37.4953032170881,127.027619278998
41253646,이자카야열,pub,서울 서초구 서초동 1329-6,서울 서초구 강남대로 345,37.49373149270392,127.02915206725598
659394180,하피덕,pub,서울 서초구 양재동 89-6,서울 서초구 양재천로 135-4,37.47902128821918,127.04222603103265
2032910384,이자카야나무 사당점,pub,서울 서초구 방배동 449-5,서울 서초구 방배천로2길 25,37.4770725882842,126.98421299102
17635271,느린마을양조장 양재본점,pub,서울 서초구 양재동 316-7,서울 서초구 마방로2길 86,37.46973997390534,127.03965584110351
1042368173,카사이,pub,서울 서초구 서초동 1579-1,서울 서초구 서초대로48길 107,37.4882337532503,127.012726240224
996530960,울리불리 논현점,pub,서울 서초구 잠원동 39-9,서울 서초구 신반포로47길 17,37.511407655111974,127.01921458829298
920875952,갓포이케맨,pub,서울 서초구 서초동 1330-13,서울 서초구 서초대로78길 50,37.493346016270074,127.02851867175987
23982754,도톤보리 교대점,pub,서울 서초구 서초동 1577-3,서울 서초구 서초대로50길 79,37.48974010640765,127.01389681323954
247572485,브롱스 양재점,pub,서울 서초구 양재동 20-24,서울 서초구 강남대로 160-2,37.47891789217396,127.03896312371307
21331446,남도술상,pub,서울 서초구 방배동 450-9,서울 서초구 방배천로 12-11,37.47754464884775,126.98370866296888
1521608712,소신,pub,서울 서초구 양재동 7-61,서울 서초구 강남대로30길 65,37.4828078328398,127.040788861029
1683616316,남도술상 사당점,pub,서울 서초구 방배동 445-1,서울 서초구 방배천로2길 2,37.47692645038916,126.98295811301644
16906588,월매네주막 강남본점,pub,서울 서초구 서초동 1305-3,서울 서초구 강남대로 437,37.501297188865,127.02549536508
1702817573,이자카야비원,pub,서울 서초구 방배동 449-6,서울 서초구 방배천로2길 21,37.4771374234885,126.983934861689
16326700,하얀집호프,pub,서울 서초구 잠원동 69-2,서울 서초구 신반포로 189,37.5065436919612,127.004867802126
27454629,유다 서래마을점,pub,서울 서초구 반포동 76-1,서울 서초구 동광로39길 50,37.4972093713558,126.99968788426
741942450,숨숨집,pub,서울 서초구 방배동 451-23,서울 서초구 방배천로2안길 33,37.4784961252393,126.983784204745
300436372,언더그라운드,pub,서울 서초구 서초동 1330,서울 서초구 강남대로53길 11,37.493962448766034,127.02791720473502
1821881509,미림양장 서초점,pub,서울 서초구 서초동 1714-5,서울 서초구 서초중앙로 151,37.4951498712711,127.012861981637
27020392,바이젠하우스 방배1호점,pub,서울 서초구 방배동 443-5,서울 서초구 동작대로 22,37.4784418257663,126.982127929601
1131298228,포차주식시장 강남점,pub,서울 서초구 서초동 1308-6,서울 서초구 서초대로77길 41,37.5012540459728,127.025002271428
1327877731,막걸리이야기 서초점,pub,서울 서초구 서초동 1551-1,서울 서초구 반포대로28길 21-12,37.4911830473624,127.009593395578
874563325,바오밥 교대점,pub,서울 서초구 서초동 1696-15,서울 서초구 서초중앙로24길 17,37.4949918883104,127.015424394216
16906090,정겨운늑대 방배점,pub,서울 서초구 방배동 778-31,서울 서초구 방배중앙로21길 6,37.4926494639659,126.986141094447
25604039,써스티몽크 서래마을점,pub,서울 서초구 반포동 107-25,서울 서초구 사평대로20길 18,37.4986257130235,126.996892354158
549520354,사람사는이야기 강남점,pub,서울 서초구 서초동 1308-16,서울 서초구 강남대로65길 12,37.5004107670058,127.02470456292374
1208579518,주인장,pub,서울 서초구 서초동 1308-11,서울 서초구 서초대로75길 36,37.500762077096,127.025094841817
24727861,나살던고향,pub,서울 서초구 서초동 1363-5,서울 서초구 강남대로37길 28,37.484990082467675,127.03199004381773
759587968,오엠지 개판포차,pub,서울 서초구 서초동 1307-29,서울 서초구 서초대로77길 29,37.50032500933296,127.02546789290393
18822032,응야끼도리,pub,서울 서초구 서초동 1308-5,서울 서초구 서초대로77길 43,37.5013874024907,127.024966126547
104634477,크래프트한스 사당점,pub,서울 서초구 방배동 450-24,서울 서초구 방배천로 12-4,37.4774328556379,126.983222548137
1513134095,호미지,pub,서울 서초구 반포동 735-17,서울 서초구 사평대로57길 63-3,37.5068804816726,127.022212839837
1566275712,상석 논현점,pub,서울 서초구 반포동 722-35,서울 서초구 사평대로57길 98,37.5085564174149,127.021855932455
27585835,아키야마 성수본점,pub,서울 성동구 성수동2가 289-5,서울 성동구 아차산로7나길 18,37.5478066309421,127.057219133173
232126548,무색,pub,서울 성동구 성수동1가 14-44,서울 성동구 상원2길 1-10,37.5462046109894,127.049328437266
565712525,서울브루어리 성수,pub,서울 성동구 성수동2가 310-53,서울 성동구 연무장길 28-12,37.5430696640012,127.052284233836
497236037,삿포로프리미엄비어스탠드,pub,서울 성동구 성수동2가 302-8,서울 성동구 연무장5길 9-16,37.5444336136653,127.052651814064
1879387617,낙원스낵,pub,서울 성동구 행당동 4-13,서울 성동구 마조로5길 14,37.56000705721679,127.03960177052781
1263750578,다이닝목로 성수점,pub,서울 성동구 성수동2가 315-33,서울 성동구 연무장7가길 1,37.5432604651441,127.054737565779
1066458861,야키토리나루토 성수,pub,서울 성동구 성수동1가 656-980,서울 성동구 왕십리로14길 12,37.5490696838833,127.045078764886
523557997,용용선생 한양대점,pub,서울 성동구 행당동 19-7,서울 성동구 마조로3가길 15,37.5592780464,127.039911495549
27392876,성수스타우트,pub,서울 성동구 성수동1가 656-938,서울 성동구 왕십리로5길 12-1,37.5470409124964,127.044345393817
1752993861,아리계곡 왕십리한양대점,pub,서울 성동구 행당동 19-87,서울 성동구 마조로3가길 14,37.5591464275819,127.040127597132
731268301,대림창고 다이닝&바,pub,서울 성동구 성수동2가 322-32,서울 성동구 성수이로 78,37.5419811910316,127.056344534459
981907317,전부치는도사,pub,서울 성동구 행당동 19-96,서울 성동구 마조로3길 8,37.5586437216162,127.039979064119
1060649314,신사,pub,서울 성동구 행당동 322-273,서울 성동구 행당로8길 3,37.55744290546535,127.03016150409942
1277534745,술있는식탁 성수본점,pub,서울 성동구 성수동1가 656-695,서울 성동구 왕십리로10길 18,37.546561678779,127.046435173555
2074068365,대취,pub,서울 성동구 성수동2가 315-52,서울 성동구 연무장7가길 2,37.5431172466415,127.054650331948
322580859,이로 이자카야,pub,서울 성동구 행당동 229-4,서울 성동구 왕십리로 284-1,37.559891742733,127.036775603038
1843842968,헤이든,pub,서울 성동구 성수동1가 656-684,서울 성동구 왕십리로10길 24,37.546346109475,127.04701781172
1535280185,연탄요릿집,pub,서울 성동구 성수동2가 565-20,서울 성동구 성덕정17길 3,37.5375362160948,127.055161074188
1596259578,행당맥주,pub,서울 성동구 행당동 292-6,서울 성동구 행당로17길 22-1,37.5602721276262,127.033180040721
1287702032,진도켄 성수점,pub,서울 성동구 성수동1가 656-816,서울 성동구 왕십리로4가길 3,37.5455401162279,127.046000011757
1354591658,야키토리 히노야,pub,서울 성동구 행당동 292-44,서울 성동구 행당로17길 34,37.5612174732444,127.032460621907
281596702,독보,pub,서울 성동구 성수동1가 13-137,서울 성동구 상원길 50-15,37.5488015779047,127.04863306269
1357256614,오츠쿠리,pub,서울 성동구 금호동4가 1110-2,서울 성동구 장터길 44-2,37.5481646341731,127.020867136727
14076456,나그네파전,pub,서울 성동구 행당동 20-16,서울 성동구 마조로1길 4,37.5582868561216,127.040187120321
1461015420,토리아에즈 성수점,pub,서울 성동구 성수동2가 289-273,서울 성동구 아차산로7길 7,37.5460204201641,127.054316368757
2131717888,태성골뱅이 성수점,pub,서울 성동구 성수동1가 656-483,서울 성동구 왕십리로10길 8,37.5468602649212,127.045522154615
1350473459,메이게츠 한양대,pub,서울 성동구 행당동 1-98,서울 성동구 마조로7길 4-6,37.5609805830008,127.040926511932
16617878,리빠똥 본점,pub,서울 성동구 하왕십리동 946-12,서울 성동구 왕십리로 357,37.56384178305216,127.03016861112373
1799825112,봄의정원 성수점,pub,서울 성동구 성수동2가 271-24,서울 성동구 연무장길 81,37.5416964528114,127.05824754617251
1940519323,어린달,pub,서울 성동구 성수동1가 656-405,서울 성동구 왕십리로10길 9-9,37.5470944931399,127.04560377277
437959409,하마루,pub,서울 성동구 용답동 61-2,서울 성동구 용답중앙15길 17,37.5649991064157,127.054154704379
1628247928,아루쿠,pub,서울 성동구 성수동1가 656-1013,서울 성동구 상원1길 35-14,37.5463190298839,127.047142270214
805373682,감락,pub,서울 성동구 하왕십리동 973-8,서울 성동구 무학봉15길 10-1,37.5620675178757,127.030953388248
1133047392,타키 성수역점,pub,서울 성동구 성수동2가 300-5,서울 성동구 아차산로 97,37.5451244165254,127.055201743755
1171129006,동래파전,pub,서울 성동구 행당동 19-45,서울 성동구 마조로3가길 30,37.5598041101774,127.040260370372
47651780,타쿠,pub,서울 성동구 용답동 83-3,서울 성동구 용답중앙길 47-1,37.5648164375392,127.051622567355
683210400,프란츠카프카,pub,서울 성동구 행당동 286-64,서울 성동구 왕십리로 311-1,37.5615971041934,127.034538820168
1614735150,오우칸,pub,서울 성동구 성수동2가 316-55,서울 성동구 연무장길 37-17,37.5434150442923,127.05362988982901
2132002675,척스탭하우스,pub,서울 성동구 옥수동 377-5,서울 성동구 독서당로40길 33,37.5421897594563,127.017466345811
1999066670,여우주막,pub,서울 성동구 행당동 19-84,서울 성동구 마조로 15-8,37.5592526815999,127.040314399641
16848000,강남빈대떡,pub,서울 성동구 성수동2가 339-123,서울 성동구 성덕정15길 5,37.53808020262256,127.05367811651895
437233415,역전할머니맥주 서울왕십리점,pub,서울 성동구 도선동 272,서울 성동구 무학로2길 30,37.56341488833368,127.03287809760137
572498369,감요,pub,서울 성동구 성수동1가 8-17,서울 성동구 왕십리로4길 28-8,37.5471012604649,127.046730857766
881307145,야키토리코사카,pub,서울 성동구 금호동4가 630,서울 성동구 독서당로 274-1,37.54700972587764,127.01986873829763
1819200119,탱글이문어,pub,서울 성북구 안암동5가 103-99,서울 성북구 고려대로26길 42-2,37.584425983684,127.029875758262
15997089,한잔의 추억,pub,서울 성북구 안암동5가 103-77,서울 성북구 고려대로26길 30,37.584938655603295,127.029848790831
1981651640,온오프 성신여대역점,pub,서울 성북구 동선동2가 10,서울 성북구 동소문로22길 56-1,37.59060644935168,127.01832345675412
468881980,토리아에즈 정릉점,pub,서울 성북구 정릉동 585-2,서울 성북구 아리랑로19길 23,37.60237600029294,127.01210243023934
23959157,새천년호프,pub,서울 성북구 성북동 161-6,서울 성북구 성북로 62-1,37.59318288943815,127.0020324871094
8412205,쓰리로보스,pub,서울 성북구 동선동1가 85-84,서울 성북구 동소문로20다길 25,37.592068795701735,127.01808943168294
90083288,반듯한잔,pub,서울 성북구 동선동2가 46,서울 성북구 동소문로22길 80,37.58966754150651,127.01879311095743
12333162,성북동막걸리,pub,서울 성북구 동소문동2가 137,서울 성북구 동소문로2길 25,37.5879037340656,127.007821409057
16846547,땡전집,pub,서울 성북구 안암동5가 102-28,서울 성북구 고려대로24길 24,37.585155939793765,127.02927033199344
21405525,포테이토101,pub,서울 성북구 동선동1가 85-103,서울 성북구 동소문로22길 39-5,37.591452441879,127.018573897726
742659318,종점,pub,서울 성북구 동선동2가 51,서울 성북구 고려대로7길 84,37.58912875848747,127.01872730537426
23959154,스패로우,pub,서울 성북구 동선동1가 121-7,서울 성북구 동소문로20가길 50,37.5935282733396,127.018914106643
947935776,56st 안암점,pub,서울 성북구 안암동5가 103-11,서울 성북구 고려대로26길 25,37.5850782566563,127.030057168057
556866930,이자카야 우규 성신여대점,pub,서울 성북구 동선동1가 4-6,서울 성북구 동소문로20길 29-15,37.59155981825354,127.01753902031669
220378937,이자카야 콤마,pub,서울 성북구 석관동 133-53,서울 성북구 한천로78길 61,37.61316168071056,127.0648270605354
1204748112,야키토리마나츠,pub,서울 성북구 동선동1가 85-90,서울 성북구 동소문로22길 25-7,37.59194442053537,127.01833737221662
354752131,늘안암,pub,서울 성북구 안암동5가 103-108,서울 성북구 고려대로24가길 13-2,37.5853376751634,127.030321071681
26974325,착한노가리생맥주,pub,서울 성북구 동선동1가 121-4,서울 성북구 동소문로24길 13,37.593085015702,127.018723767506
1881528638,멘보샤 종암점,pub,서울 성북구 종암동 3-368,서울 성북구 월곡로 59,37.5977218834973,127.039248067341
355384394,원웨이,pub,서울 성북구 동소문동5가 100,서울 성북구 동소문로20길 28-8,37.59137708910017,127.01633876336494
544858935,역전할머니맥주 성신여대점,pub,서울 성북구 동선동1가 61,서울 성북구 동소문로20길 37-24,37.5911101505311,127.018021263252
16471976,울랄라빈대떡,pub,서울 성북구 석관동 261-159,서울 성북구 화랑로32길 139,37.6048705537485,127.060143847531
1781369996,대동집 성신여대점,pub,서울 성북구 동선동1가 4-8,서울 성북구 동소문로20길 29-11,37.5914994768992,127.017369164264
1216325370,지하야,pub,서울 성북구 동선동2가 135-1,서울 성북구 보문로34길 80,37.59116934693403,127.01970496937135
290078770,어거스티59,pub,서울 성북구 동선동2가 59,서울 성북구 고려대로7길 84-14,37.5893476423444,127.019085150166
1723198818,버블,pub,서울 성북구 안암동5가 56-1,서울 성북구 고려대로 103,37.5864908172965,127.030818576702
47082505,천막집 2호점,pub,서울 성북구 동선동1가 18,서울 성북구 동소문로20길 37-19,37.5912417324644,127.017776723499
1938085140,요리주점 뱀,pub,서울 성북구 동선동1가 85-72,서울 성북구 동소문로20나길 34,37.59247598726925,127.01845639352096
201101326,연꽃치 성신여대점,pub,서울 성북구 동선동1가 11,서울 성북구 동소문로20길 37-11,37.5910958344288,127.01735548318
82532719,술요미식당,pub,서울 성북구 동소문동5가 119-14,서울 성북구 보문로38길 29,37.5912618789807,127.015471415007
628801543,도시맥주 성신여대점,pub,서울 성북구 동선동1가 16,서울 성북구 동소문로20길 37-15,37.59117327067,127.017686125268
27381352,골목집,pub,서울 성북구 안암동5가 103-19,서울 성북구 고려대로26길 33,37.5847538945579,127.030075152474
1269697859,이자카야오성,pub,서울 성북구 석관동 341-15,서울 성북구 화랑로 196,37.608051286272506,127.05206014430338
18452781,열린마당,pub,서울 성북구 동소문동2가 138-2,서울 성북구 동소문로2길 27,37.5878929164204,127.007907456998
24449631,별난주점 고대안암점,pub,서울 성북구 안암동5가 102-44,서울 성북구 고려대로24길 5,37.58594334699414,127.02951406225301
1630025708,주류충전소,pub,서울 성북구 동선동1가 4-3,서울 성북구 동소문로20다길 16,37.5917427052961,127.017635307288
1295079159,해아,pub,서울 성북구 동소문동1가 51,서울 성북구 동소문로 21-13,37.5900850278358,127.007957508258
299334583,야키토리 토리와 돈암성신여대점,pub,서울 성북구 동선동1가 3-6,서울 성북구 동소문로20다길 11,37.5918427600288,127.017334143226
1420288392,정통호프,pub,서울 성북구 삼선동2가 13,서울 성북구 삼선교로11길 12,37.5884766358573,127.00957869539
355920905,맥주정원,pub,서울 성북구 정릉동 292-12,서울 성북구 솔샘로 73-8,37.6132900612851,127.007633788683
2083975213,비하인드,pub,서울 성북구 동소문동2가 95,서울 성북구 동소문로6길 16-4,37.5883902360254,127.008319642126
17360812,안암꼬치 고대안암본점,pub,서울 성북구 안암동5가 104-20,서울 성북구 안암로 85,37.583597900160065,127.03015393858806
8234835,고코로 야키토리 이자카야,pub,서울 성북구 동소문동5가 82,서울 성북구 동소문로20길 16,37.5918744168892,127.016481539994
717334552,시선 성신여대점,pub,서울 성북구 동선동1가 35,서울 성북구 동소문로20길 29-12,37.5912931401869,127.017433656052
423922384,막걸리찬가,pub,서울 성북구 안암동5가 104-6,서울 성북구 고려대로24길 58-5,37.58370270582591,127.02899464783913
1871752626,탄포포,pub,서울 송파구 잠실동 207-11,서울 송파구 백제고분로7길 52-19,37.5098342823137,127.085043232693
1887812290,냠냠물고기 1호점,pub,서울 송파구 가락동 74-5,서울 송파구 송파대로30길 41-21,37.4970071569633,127.120697974224
6921718,만주,pub,서울 송파구 방이동 60-5,서울 송파구 올림픽로32길 21,37.5141874763096,127.1096498108
188105400,라디오헤드펍,pub,서울 송파구 방이동 63-13,서울 송파구 올림픽로32길 22-6,37.514022186285224,127.10911568636769
805143288,크래프트아일랜드 잠실점 본관,pub,서울 송파구 신천동 7-14,서울 송파구 올림픽로35가길 10,37.51732406141973,127.10240933887825
1311409846,고구려민속주막,pub,서울 송파구 방이동 64-6,서울 송파구 올림픽로32길 18,37.5143898328399,127.109075501565
13147761,화심,pub,서울 송파구 잠실동 186-11,서울 송파구 백제고분로9길 49,37.51011583197288,127.08443504803307
1416502441,뜻한바,pub,서울 송파구 송파동 86-1,서울 송파구 백제고분로42길 6-9,37.5054516198777,127.109347502462
1602981014,연주방 송리단길점,pub,서울 송파구 송파동 54-1,서울 송파구 백제고분로45길 22-17,37.5107492799145,127.109613111447
10021212,칸코시,pub,서울 송파구 잠실동 189-8,서울 송파구 백제고분로7길 32-14,37.510160448409195,127.08249874210573
1246170747,그늘,pub,서울 송파구 잠실동 187-14,서울 송파구 백제고분로9길 41-1,37.50995682063087,127.08377999323014
15732322,맥호프 잠실본점,pub,서울 송파구 잠실동 179-4,서울 송파구 올림픽로10길 8,37.51077421069047,127.08093855696164
1882130371,10Q,pub,서울 송파구 송파동 131-1,서울 송파구 백제고분로46길 14,37.5080848870012,127.11261772228
27391060,슈타인도르프,pub,서울 송파구 방이동 69-1,서울 송파구 오금로15길 11,37.5129190998546,127.109394590905
422602140,야키토리로만 송파점,pub,서울 송파구 송파동 56-1,서울 송파구 백제고분로45길 34,37.5107137955405,127.108031841447
488762146,야키토리잔잔 방이직영점,pub,서울 송파구 방이동 62-8,서울 송파구 오금로13길 9,37.51343687686485,127.10874383396084
128807300,노무토모,pub,서울 송파구 석촌동 178,서울 송파구 백제고분로39길 22,37.5062310166998,127.104336092962
1289449826,모토쿠라시,pub,서울 송파구 송파동 11-2,서울 송파구 백제고분로41길 27,37.508285056378,127.10663492376
625854661,요즈음 잠실방이점,pub,서울 송파구 방이동 36-7,서울 송파구 올림픽로32길 11,37.51512401272932,127.10922474731368
504391622,다이키,pub,서울 송파구 잠실동 190-8,서울 송파구 백제고분로7길 28-14,37.5100877727915,127.082059815462
37599809,라스트춘선 방이점,pub,서울 송파구 방이동 71-11,서울 송파구 오금로15길 12,37.5126530576323,127.109660007946
1877143193,사케쇼프,pub,서울 송파구 송파동 56-6,서울 송파구 오금로16길 12,37.51065283903469,127.10867419362144
125421177,맞닿음,pub,서울 송파구 송파동 23-13,서울 송파구 송파대로44길 22,37.50767369718385,127.10815187148134
1261420704,야키토리나루토 방이,pub,서울 송파구 방이동 63-4,서울 송파구 올림픽로32길 22-22,37.5137013266795,127.108247663703
580216923,펍마이마이,pub,서울 송파구 잠실동 190-1,서울 송파구 백제고분로7길 24-7,37.5103141020082,127.081804445594
1624989897,모미지 잠실방이점,pub,서울 송파구 방이동 62-8,서울 송파구 오금로13길 9,37.5134351165045,127.108698587472
1753863713,꼬치집,pub,서울 송파구 잠실동 314-5,서울 송파구 백제고분로 158,37.5051514518334,127.084216833689
19299772,버들골이야기 방이점,pub,서울 송파구 방이동 70,서울 송파구 올림픽로32길 29,37.5136501718505,127.10997930639
1827198361,토리아에즈 잠실새내점,pub,서울 송파구 잠실동 185-11,서울 송파구 백제고분로17길 55,37.5105461060726,127.085001060201
919637376,나나미이자카야 방이본점,pub,서울 송파구 방이동 64-1,서울 송파구 오금로11길 14,37.5143539638981,127.10888994695506
190459327,야키토리로만,pub,서울 송파구 잠실동 182,서울 송파구 올림픽로12길 4-15,37.5110814727827,127.082214727907
1977052180,술노리아,pub,서울 송파구 문정동 44-17,서울 송파구 문정로1길 31,37.4889347762584,127.123566081612
1579000446,꼬쟁이 석촌점,pub,서울 송파구 석촌동 235-1,서울 송파구 백제고분로 292,37.502390090516805,127.09903459436522
1316515324,대강,pub,서울 송파구 송파동 30-3,서울 송파구 백제고분로41길 42-8,37.5096729752832,127.106221805856
23976889,홉쏘,pub,서울 송파구 방이동 204-1,서울 송파구 위례성대로18길 21,37.51030817908,127.125515044777
13068482,요시,pub,서울 송파구 방이동 187-5,서울 송파구 위례성대로18길 14,37.511122531247445,127.12566118451744
27413313,하이뮤직타운,pub,서울 송파구 방이동 34-7,서울 송파구 올림픽로32길 10-1,37.51508557564108,127.10889327217551
1667069691,아낙네그루브,pub,서울 송파구 송파동 42,서울 송파구 백제고분로45길 15,37.509580607735316,127.10968831322076
197316893,펍휘트니,pub,서울 송파구 잠실동 180-1,서울 송파구 올림픽로10길 9,37.5107938246746,127.081241701885
1692238878,부엉이산장 방이점,pub,서울 송파구 방이동 64-12,서울 송파구 오금로11길 12,37.51445076972377,127.10845687105717
13561207,도키도키키친,pub,서울 송파구 송파동 24-7,서울 송파구 백제고분로41길 18,37.5076659107179,127.107798984715
875986660,용용선생 방이점,pub,서울 송파구 방이동 63-1,서울 송파구 올림픽로32길 18-11,37.51411242017835,127.10897103583903
2082640342,역전할머니맥주 서울신천점,pub,서울 송파구 잠실동 192-10,서울 송파구 올림픽로10길 16,37.5101956639708,127.081087230817
676628099,부자치맥,pub,서울 송파구 방이동 115-8,서울 송파구 오금로 175,37.509502516441,127.114130920125
27264225,월간우주,pub,서울 송파구 잠실동 201-16,서울 송파구 백제고분로7길 24-30,37.50927075773409,127.0817772931609
1864730091,심야포차,pub,경기 부천시 소사구 괴안동 86-4,경기 부천시 소사구 범안로 54,37.47686395592689,126.80767248634147
581108447,미요일 목동본점,pub,서울 양천구 목동 404-108,서울 양천구 신목로2길 62,37.5231919188935,126.877341263377
363963075,펍피맥 목동역점,pub,서울 양천구 신정동 903-16,서울 양천구 은행정로18길 22,37.5262556052959,126.861308106872
711449698,쿠지라,pub,서울 양천구 신정동 990-19,서울 양천구 오목로48길 10,37.5250121758857,126.862810476554
1809357040,크래프트한스 오목교점,pub,서울 양천구 목동 406-262,서울 양천구 오목로 329-2,37.5250122017632,126.874161668688
18771579,오뚜기,pub,서울 양천구 신정동 1032-2,서울 양천구 중앙로 260-1,37.5196472704014,126.853524165538
2078385190,사시미야쎈 구완도바다횟집,pub,서울 양천구 목동 406-25,서울 양천구 목동동로 266,37.5256406446104,126.875431043282
13332333,주전,pub,서울 양천구 신정동 904-7,서울 양천구 신정중앙로 86,37.5264968657683,126.861131178161
1830853465,용용선생 오목교점,pub,서울 양천구 목동 406-271,서울 양천구 오목로 337-10,37.525053098241145,126.87534264961253
2035022071,사쿠라테이엔,pub,서울 양천구 목동 406-28,서울 양천구 오목로 345,37.52476518947533,126.87573341655477
621834264,경성주막1929 오목교점,pub,서울 양천구 목동 406-271,서울 양천구 오목로 337-10,37.525220736795,126.875392146823
16847783,다오래골뱅이,pub,서울 양천구 신정동 134-25,서울 양천구 목동동로10길 16-5,37.518901005574,126.871927669531
1785015351,노룰,pub,서울 양천구 목동 606-6,서울 양천구 목동중앙북로1길 41,37.55052870539593,126.86456079470119
263592039,아시라이,pub,서울 양천구 목동 960,서울 양천구 목동중앙북로 7,37.54906434660683,126.86435409166438
682382387,오목교별장,pub,서울 양천구 목동 406-184,서울 양천구 오목로 331,37.5248934335646,126.874315721059
560396415,안주공방 목동점,pub,서울 양천구 신정동 902-7,서울 양천구 신정중앙로 100,37.5262347824154,126.862765248585
907561739,초이노미,pub,서울 양천구 목동 513-27,서울 양천구 목동중앙북로 81,37.5465430845004,126.872189319763
232173769,빌리지브라더,pub,서울 양천구 목동 406-218,서울 양천구 오목로 313-5,37.5255184429208,126.872368869897
681418691,이자카야 우규 목동점,pub,서울 양천구 신정동 887-8,서울 양천구 신정중앙로 95,37.5266156591964,126.862552998311
1595789588,야키토리,pub,서울 양천구 목동 612-6,서울 양천구 목동중앙북로7가길 55,37.54975378658273,126.86450787785323
1330929427,도리,pub,서울 양천구 목동 404-5,서울 양천구 신목로2길 68,37.52389742926217,126.87736612723566
1917869143,이층주방,pub,서울 양천구 신정동 902-6,서울 양천구 신정중앙로 98,37.5262643417928,126.862615863926
264957716,시선 오목교점,pub,서울 양천구 목동 406-297,서울 양천구 오목로 337-6,37.5250288929647,126.875458079758
826895419,작은집,pub,서울 양천구 신월동 558-7,서울 양천구 신월로10길 16,37.515854571814,126.840702252715
323952813,정든다락너와나누다,pub,서울 양천구 신월동 544-8,서울 양천구 신월로13길 2,37.5184426963927,126.841703495347
1227287891,오다시,pub,서울 양천구 목동 406-115,서울 양천구 목동동로 222-13,37.5253495576736,126.872835244167
1405627075,역전할머니맥주 서울등촌역점,pub,서울 양천구 목동 610-9,서울 양천구 목동중앙북로7가길 17,37.5487288248973,126.866417663342
20435454,가르텐비어 목동역점,pub,서울 양천구 신정동 902-2,서울 양천구 신정중앙로 92,37.5263139268637,126.861869119961
392001348,쯔끼,pub,서울 양천구 신정동 1049-19,서울 양천구 중앙로36길 24,37.51957172781937,126.85657626539817
16301015,청춘시대,pub,서울 양천구 신정동 902-5,서울 양천구 신정중앙로 96,37.5262784838287,126.862380529268
325972849,금별맥주 오목교점,pub,서울 양천구 목동 406-184,서울 양천구 오목로 331,37.5248916315711,126.874315724081
1458740323,목동연어,pub,서울 양천구 신정동 997-6,서울 양천구 목동로15길 8,37.5242455718399,126.863716889331
977455100,오사카비이루룸술집 오목교역점,pub,서울 양천구 목동 406-271,서울 양천구 오목로 337-10,37.5252107995259,126.875367275281
1288045290,역전할머니맥주 목동로데오점,pub,서울 양천구 신정동 887-9,서울 양천구 신정중앙로 93,37.526618063051465,126.86229618946594
615070189,역전할머니맥주 서울오목교점,pub,서울 양천구 목동 406-28,서울 양천구 오목로 345,37.5247778950978,126.875820503227
21328838,광수생각,pub,서울 양천구 신정동 905-5,서울 양천구 신정중앙로 76,37.526655954969065,126.86003918105429
27507402,유토리,pub,서울 양천구 목동 406-142,서울 양천구 목동서로 246-1,37.5257674676562,126.869390905306
642188436,이월,pub,서울 양천구 목동 801-11,서울 양천구 목동중앙서로8길 17,37.5318853790664,126.866272345906
398550205,금별맥주 목동로데오점,pub,서울 양천구 신정동 887-8,서울 양천구 신정중앙로 95,37.52659140196791,126.86261300154054
18826776,미도리,pub,서울 양천구 신월동 115-30,서울 양천구 월정로 153,37.53246177510938,126.8367025649656
1472869870,금별맥주 신정네거리점,pub,서울 양천구 신정동 1326,서울 양천구 중앙로43길 14,37.51827767907934,126.85274520350625
26314758,펀비어킹 양천 오목교점,pub,서울 양천구 목동 406-22,서울 양천구 오목로 335,37.52482991804523,126.87474457902141
395694462,청담이상 목동오거리점,pub,서울 양천구 신정동 902-8,서울 양천구 신정중앙로 102,37.5262034103579,126.862905586114
654106648,아자아자,pub,서울 양천구 목동 718-11,서울 양천구 목동중앙본로7길 46,37.5394418920766,126.86611854687
18837926,열린공간,pub,서울 양천구 목동 799-6,서울 양천구 목동중앙서로 46-1,37.5328849209185,126.868980244569
413463838,크라우드,pub,서울 양천구 목동 515,서울 양천구 공항대로 634,37.5466895232034,126.875161784148
266428861,올드문래,pub,서울 영등포구 문래동2가 14-28,서울 영등포구 도림로 433-6,37.51391353276547,126.89426082204483
2052514017,로바다야끼소담 여의도점,pub,서울 영등포구 여의도동 45-19,서울 영등포구 여의대방로65길 17,37.5197313012348,126.92921441298
207844751,스몰,pub,서울 영등포구 문래동2가 34-11,서울 영등포구 경인로77가길 12,37.5119510645957,126.892176755413
881013665,비닐하우스,pub,서울 영등포구 문래동3가 54-39,서울 영등포구 도림로128가길 13-8,37.5142626154227,126.897779215567
16535146,참새방앗간,pub,서울 영등포구 당산동6가 281,서울 영등포구 당산로48길 15,37.5350087663723,126.903833441823
21720476,쿠마상회,pub,서울 영등포구 여의도동 44-13,서울 영등포구 여의대방로69길 7,37.5197649426955,126.931255055582
16036390,토방골,pub,서울 영등포구 문래동3가 70,서울 영등포구 당산로 53,37.51947325358664,126.89485590116257
1969242408,비어포스트바,pub,서울 영등포구 문래동2가 14-29,서울 영등포구 도림로131길 15,37.51379090828872,126.8941625890195
59344121,이목구비,pub,서울 영등포구 영등포동4가 127,서울 영등포구 영신로32길 19,37.5191146631112,126.903301825328
617226695,야키톤 톤토로 문래본점,pub,서울 영등포구 문래동2가 14-84,서울 영등포구 도림로133길 9,37.513550666414325,126.89452714251722
2145143173,탭퍼블릭 여의도점,pub,서울 영등포구 여의도동 23-6,서울 영등포구 의사당대로 83,37.5233641514247,126.923448400808
1600720657,잊힐리야,pub,서울 영등포구 문래동2가 42-4,서울 영등포구 도림로125길 34,37.5132681863987,126.89300734718
1167543493,신길리,pub,서울 영등포구 문래동3가 58-84,서울 영등포구 도림로 428-1,37.5142218578614,126.895477461707
1066109994,오오카미,pub,서울 영등포구 당산동1가 357,서울 영등포구 당산로20길 10,37.5233434417782,126.897339215662
15830391,박씨물고온제비,pub,서울 영등포구 영등포동3가 23-1,서울 영등포구 영등포로50길 8-3,37.5182147053371,126.909157925913
27543070,준무,pub,서울 영등포구 문래동2가 60-2,서울 영등포구 도림로 445,37.514830920278804,126.89344285948594
577258487,이자카야나무 여의도점,pub,서울 영등포구 여의도동 44-6,서울 영등포구 여의대방로67길 18,37.5203590827613,126.930364253577
1866197335,기린이찌방 프리미엄비어바,pub,서울 영등포구 여의도동 85-1,서울 영등포구 여의도한강공원길 231,37.529578249854076,126.93369201270495
17180659,대원앤대원 로바다야끼 여의도본점,pub,서울 영등포구 여의도동 36-4,서울 영등포구 국제금융로8길 34,37.5202382649672,126.927236594093
15913577,잔치집,pub,서울 영등포구 영등포동3가 13-15,서울 영등포구 영등포로50길 5-1,37.51832030591616,126.90939647524621
26862182,히또비또,pub,서울 영등포구 여의도동 44-37,서울 영등포구 여의대방로 375,37.5189285057073,126.930730954672
20245133,이천냥하우스,pub,서울 영등포구 양평동5가 57-1,서울 영등포구 양평로 126,37.5382474717204,126.893908526313
512852332,코젤다크하우스 영등포점,pub,서울 영등포구 영등포동3가 11-11,서울 영등포구 영중로4길 20-1,37.5174430530649,126.908647577456
2076975839,플래어앤드림,pub,서울 영등포구 영등포동3가 10-24,서울 영등포구 영중로4길 6,37.51713814424247,126.90701908679712
13054759,도란도란,pub,서울 영등포구 영등포동3가 15-7,서울 영등포구 영중로10길 28,37.51869789760436,126.90832139964043
596440730,판튀는다락방,pub,서울 영등포구 영등포동3가 10,서울 영등포구 경인로 861,37.5171724367139,126.908240691568
1086779132,진가,pub,서울 영등포구 여의도동 35-2,서울 영등포구 국제금융로6길 30,37.5217335338098,126.926597131733
1630624793,아크 여의도점,pub,서울 영등포구 여의도동 13-20,서울 영등포구 국회대로72길 11,37.5299829824432,126.920823696606
472035222,더핸드,pub,서울 영등포구 당산동1가 449,서울 영등포구 당산로16길 3-1,37.5225938462935,126.896351541905
1319717375,다온,pub,서울 영등포구 영등포동3가 19-7,서울 영등포구 영등포로42길 21,37.51760020866659,126.90682847837333
1549058717,이자카야 나무 서여의도점,pub,서울 영등포구 여의도동 14-13,서울 영등포구 국회대로72길 22,37.5289939514272,126.92122523408
1803540605,추상,pub,서울 영등포구 문래동2가 56-2,서울 영등포구 도림로139길 14,37.5137804173009,126.892522503611
15999671,품앗이,pub,서울 영등포구 영등포동3가 11-10,서울 영등포구 영중로4길 20,37.5174177549761,126.908557115604
1512501219,몽담 영등포점,pub,서울 영등포구 영등포동3가 3-4,서울 영등포구 영등포로 248,37.51888113826602,126.90875668003511
2009165749,사카바 단단 여의도점,pub,서울 영등포구 여의도동 34-7,서울 영등포구 국제금융로8길 2,37.52201674100554,126.93004823154781
35978359,조도,pub,서울 영등포구 여의도동 45-5,서울 영등포구 의사당대로1길 11,37.5192119431584,126.92858257069
1596538771,이자카야 구선,pub,서울 영등포구 여의도동 44-11,서울 영등포구 의사당대로1길 34,37.5200728014049,126.930768357625
1696893019,다이어메이커 문래점,pub,서울 영등포구 문래동3가 58-5,서울 영등포구 도림로 440-23,37.515253718376,126.894701201413
311403881,쿠시인 영등포본점,pub,서울 영등포구 영등포동2가 171-2,서울 영등포구 영중로14길 44-1,37.5193335130881,126.910024190457
291996097,이자카야 춘 영등포점,pub,서울 영등포구 영등포동1가 141-6,서울 영등포구 경인로 874,37.5171997811132,126.909818619799
1631286,쿠차쿠차,pub,서울 영등포구 영등포동3가 10-39,서울 영등포구 영중로4길 16,37.51731913556836,126.90802898555658
412595791,선유이층,pub,서울 영등포구 양평동4가 233-3,서울 영등포구 양평로20길 17,37.5385611728843,126.896107674771
22671483,전주전집 영등포점,pub,서울 영등포구 영등포동3가 4-7,서울 영등포구 영등포로46길 4,37.5189595701761,126.907654813356
8659923,고려호프,pub,서울 영등포구 여의도동 35-2,서울 영등포구 국제금융로6길 30,37.521722727409,126.92660619211
889186893,삼씨오화 여의도점,pub,서울 영등포구 여의도동 23-6,서울 영등포구 의사당대로 83,37.5233677568981,126.923450659622
1159631041,한남타츠 본점,pub,서울 용산구 한남동 68-15,서울 용산구 한남대로20길 37,37.5350385666443,127.009024246625
13566698,강가네맷돌빈대떡,pub,서울 용산구 한남동 641-9,서울 용산구 대사관로24길 27,37.53250697293833,127.00545102189243
19723946,야키토리고우,pub,서울 용산구 이태원동 119-17,서울 용산구 이태원로27가길 45,37.53488552069478,126.99278152258876
8430394,엉클조소시지 용산점,pub,서울 용산구 후암동 440-3,서울 용산구 소월로 56,37.55487937070179,126.97696373778489
18324577,프로스트펍앤그릴,pub,서울 용산구 이태원동 116-1,서울 용산구 이태원로27가길 26,37.5350837941701,126.993713798325
1427008986,성광대도,pub,서울 용산구 용산동2가 22-9,서울 용산구 신흥로 63,37.5438914337314,126.987100228796
27246805,옛날감자전,pub,서울 용산구 남영동 33-2,서울 용산구 한강대로84길 11-9,37.5439683665848,126.973118659879
1341481623,이진칸,pub,서울 용산구 이태원동 131-3,서울 용산구 보광로 124,37.53381701627662,126.99429092204419
1384545112,한국술집안씨막걸리,pub,서울 용산구 이태원동 658,서울 용산구 회나무로 3,37.53851970032928,126.98735460524091
27102086,동표골뱅이 1호점,pub,서울 용산구 신계동 32-5,서울 용산구 새창로45길 5,37.5344987276006,126.96270057812563
1370461238,만남의광장,pub,서울 용산구 이태원동 112-6,서울 용산구 이태원로27가길 18,37.535154100438,126.99426819158
788172544,서울집시 한남점,pub,서울 용산구 한남동 683-63,서울 용산구 이태원로42길 28-4,37.5358768414672,127.000384688842
1087174055,주도락 신용산본점,pub,서울 용산구 한강로2가 84-7,서울 용산구 한강대로46길 19,37.5310728410985,126.971380986267
2017440134,술꼬마,pub,서울 용산구 이태원동 57-24,서울 용산구 이태원로 143-15,37.5345680928553,126.989174592622
24584237,펫사운즈,pub,서울 용산구 이태원동 278-8,서울 용산구 회나무로 21,37.539212736901064,126.98902909069119
62355099,엉클조소시지,pub,서울 용산구 한강로1가 201,서울 용산구 한강대로62다길 1,37.5336034180503,126.973819325013
17766069,시후쿠 삼각지점,pub,서울 용산구 한강로1가 250-2,서울 용산구 백범로99길 46,37.5361113855649,126.971994564914
2129858963,용산오뎅,pub,서울 용산구 한강로3가 40-426,서울 용산구 한강대로15길 28,37.5264069676209,126.963126580253
536155157,유잔,pub,서울 용산구 한강로1가 243-19,서울 용산구 한강대로 162-2,37.5333129353188,126.972241124946
2029395450,주휴소,pub,서울 용산구 이태원동 129-9,서울 용산구 이태원로26길 26,37.5333466541881,126.993523869008
64761227,리파인 남영점,pub,서울 용산구 남영동 26-2,서울 용산구 한강대로 284,37.5436583330416,126.972727253056
880111626,소세지하우스 용산점,pub,서울 용산구 원효로2가 90-1,서울 용산구 새창로 132,37.53560740413416,126.96128573390234
168831062,사운드독,pub,서울 용산구 후암동 103-6,서울 용산구 한강대로104길 77,37.5502913485164,126.9762567334979
1644755845,모모의기묘한모험,pub,서울 용산구 이태원동 119-21,서울 용산구 이태원로27가길 51,37.534825124891306,126.99232556539341
534539976,잭스바,pub,서울 용산구 이태원동 116-17,서울 용산구 이태원로27가길 52,37.5350512812788,126.992405873414
1106250087,주신당 용산점,pub,서울 용산구 한강로1가 237-4,서울 용산구 한강대로 180,37.5344016020578,126.973359691316
1210058817,흐이,pub,서울 용산구 후암동 254-83,서울 용산구 두텁바위로 71,37.5462871182566,126.980092979259
1293361432,길정,pub,서울 용산구 한강로2가 426,서울 용산구 백범로99길 40,37.5358256836158,126.97163940055
1164217383,야루키,pub,서울 용산구 남영동 59-1,서울 용산구 한강대로84길 16,37.5436224763943,126.973532933123
21393230,느네집,pub,서울 용산구 이태원동 73-3,서울 용산구 이태원로20가길 16,37.533480875791135,126.99303961753026
653915449,네번째집,pub,서울 용산구 이태원동 130-8,서울 용산구 이태원로26길 17,37.53373588437539,126.9934831047566
2059984663,고택,pub,서울 용산구 한강로1가 231-13,서울 용산구 한강대로54길 27,37.5325707187568,126.973141984713
1476533452,더쿠라,pub,서울 용산구 한강로2가 153-10,서울 용산구 한강대로38가길 9,37.5296102005862,126.970108784153
1247940823,교촌필방,pub,서울 용산구 이태원동 128-4,서울 용산구 보광로 127,37.5340791790847,126.99372972239755
2082611146,코리아호프,pub,서울 용산구 이태원동 168-1,서울 용산구 이태원로19길 9,37.53489446249025,126.991740612636
1136118574,이태원 실비디스코,pub,서울 용산구 이태원동 136-46,서울 용산구 우사단로 40,37.53373689783812,126.99601179582436
1447978994,쿠로이야,pub,서울 용산구 이태원동 63-6,서울 용산구 이태원로16길 14-4,37.5335014622591,126.991016669054
1109522672,오묘 서울역점,pub,서울 용산구 동자동 43-43,서울 용산구 한강대로 373-2,37.5518482450968,126.972013574532
776855387,후암종점,pub,서울 용산구 후암동 418-36,서울 용산구 두텁바위로 83,37.546876519800584,126.98099244768925
249093448,해방촌신코,pub,서울 용산구 용산동2가 1-512,서울 용산구 신흥로 99-1,37.54508408960765,126.9848503352613
1547957019,탐6 용산본점,pub,서울 용산구 한강로3가 40-155,서울 용산구 한강대로15길 19-15,37.52551672954168,126.96297316417916
257766406,미토,pub,서울 용산구 한강로2가 117-2,서울 용산구 한강대로42길 7,37.53078241654899,126.9701603589605
1430791722,비스트로 멕시,pub,서울 용산구 이태원동 123-26,서울 용산구 이태원로 191,37.5348496056693,126.995248026552
1562238272,기네스브릿지,pub,서울 용산구 한남동 272-3,서울 용산구 독서당로20길 5,37.5337465192085,127.009182487722
1640942760,심야식당 세솔리,pub,경기 고양시 덕양구 삼송동 128-105,경기 고양시 덕양구 신도길 19,37.651741607696,126.894779615296
1415179161,한판승부,pub,서울 은평구 갈현동 403-38,서울 은평구 통일로83길 11-6,37.620506086208046,126.91846688926044
858145443,불티나이모네전,pub,서울 은평구 응암동 754-1,서울 은평구 응암로4길 24,37.5869930283086,126.9174108740684
749218520,부엉이산장 연신내점,pub,서울 은평구 갈현동 460-12,서울 은평구 연서로25길 6-18,37.6173274274806,126.918504340417
2070048797,하기당,pub,서울 은평구 갈현동 403-10,서울 은평구 통일로83길 5-8,37.6206146722519,126.91914640292455
27342018,서울지짐이,pub,서울 은평구 대조동 12-6,서울 은평구 불광로 15,37.609956243110794,126.92789223595577
982946967,마쯔,pub,서울 은평구 신사동 20-18,서울 은평구 갈현로 10-8,37.5987361821865,126.9107134056
2013930674,늦달,pub,서울 은평구 응암동 592-65,서울 은평구 불광천길 318,37.5882239969894,126.91392564424
494988677,기슭,pub,서울 은평구 불광동 426-9,서울 은평구 연서로38길 4-2,37.6218064873894,126.927153573564
1797493027,이슬집,pub,서울 은평구 갈현동 453-8,서울 은평구 연서로27길 16-15,37.6187903750141,126.918133485806
4056475,시묵,pub,서울 은평구 갈현동 483-4,서울 은평구 연서로27길 13-8,37.6178033468392,126.917492339736
900809790,비보피자 연신내점,pub,서울 은평구 갈현동 454-9,서울 은평구 연서로29길 17-5,37.6188509411747,126.918422256279
8161533,호박,pub,서울 은평구 갈현동 453-25,서울 은평구 연서로27길 16-11,37.6186677180578,126.917956920519
1462388814,스낵바세이지,pub,서울 은평구 갈현동 483-17,서울 은평구 연서로25길 20-4,37.6173877449271,126.917140538157
454296666,서울전집,pub,서울 은평구 대조동 185-14,서울 은평구 연서로28길 9,37.617895059494586,126.92117118029604
1979305165,배키,pub,서울 은평구 역촌동 43-14,서울 은평구 진흥로 21,37.6003171776052,126.917820802459
198631494,서교주담,pub,서울 은평구 갈현동 452-30,서울 은평구 연서로29길 21-2,37.6192541447056,126.917789769264
1530163454,이자카야 우규 연신내점,pub,서울 은평구 갈현동 400-3,서울 은평구 연서로29길 14-9,37.6194883306903,126.918990176924
1915275749,마산집,pub,서울 은평구 대조동 68-4,서울 은평구 서오릉로8길 23,37.60897524293908,126.92387038703991
434817679,도깨비술상,pub,서울 은평구 신사동 29-178,서울 은평구 은평로 30,37.597926476837486,126.91109145447626
6946902,무명,pub,서울 은평구 갈현동 455-4,서울 은평구 연서로29길 11-11,37.618465515693785,126.918708114718
24540555,오씨네술집,pub,서울 은평구 녹번동 80-40,서울 은평구 서오릉로 60,37.606051235797956,126.9234124398443
1512109117,낭만상회,pub,서울 은평구 응암동 81-56,서울 은평구 은평로14길 4-1,37.6009756800098,126.92872077836
16048888,치킨촌,pub,서울 은평구 응암동 124-47,서울 은평구 응암로21길 4,37.5940704838098,126.917644236739
282387232,구산랜드,pub,서울 은평구 갈현동 469-5,서울 은평구 서오릉로 168,37.61279110597739,126.91489402629291
1916740746,농주사이더바,pub,서울 은평구 역촌동 51-21,서울 은평구 역말로 9,37.60567423439652,126.91128042018569
1322330909,수작 연신내점,pub,서울 은평구 갈현동 400-7,서울 은평구 연서로29길 16,37.6192591720031,126.918543009125
49406618,아모,pub,서울 은평구 대조동 15-105,서울 은평구 통일로65길 17,37.60891532267818,126.92891932487531
1171746396,우산꼬치,pub,서울 은평구 갈현동 402-10,서울 은평구 통일로83길 17-26,37.6203745045582,126.918412662551
1706737568,모찌네안마당,pub,서울 은평구 대조동 9-7,서울 은평구 통일로67길 3-1,37.6108829479083,126.928695467977
21330772,더블쪼끼,pub,서울 은평구 역촌동 20-1,서울 은평구 역말로 70,37.6059494246954,126.918047901169
27508497,쿠노야,pub,서울 은평구 대조동 224-20,서울 은평구 연서로18길 2,37.6122273361844,126.917787311713
886534046,니노나,pub,서울 은평구 신사동 20-4,서울 은평구 은평로 25,37.5981956498565,126.910795582904
82677372,베이다야시장,pub,서울 은평구 갈현동 400-3,서울 은평구 연서로29길 14-9,37.61949013189195,126.9189890422661
1966854030,문폴,pub,서울 은평구 신사동 18-35,서울 은평구 갈현로1길 5-4,37.599087479491125,126.90941412998758
33851367,사코,pub,서울 은평구 응암동 599-57,서울 은평구 응암로11길 12,37.588672092408935,126.91559177982182
1787566370,유케집 연신내점,pub,서울 은평구 갈현동 454-28,서울 은평구 연서로27길 12,37.618053366786384,126.91813316121518
639100231,홍계화,pub,서울 은평구 갈현동 455-9,서울 은평구 연서로27길 8-7,37.61805833501391,126.91880370329187
498526013,은평맥주,pub,서울 은평구 갈현동 398-3,서울 은평구 연서로29길 8-10,37.6191185797911,126.919802722372
826121083,하나마토 역촌점,pub,서울 은평구 녹번동 144-71,서울 은평구 진흥로 110,37.6064106001806,126.923211618
1658273454,비어이즈 페인킬러(BEER IS PAINKILLER),pub,서울 은평구 진관동 66,서울 은평구 진관3로 33,37.6398177088343,126.919618456854
1104965628,펀비어킹 은평서부병원앞점,pub,서울 은평구 응암동 88-1,서울 은평구 응암로 339,37.601450878024,126.922183939925
1310598255,이태리양조장 연신내점,pub,서울 은평구 대조동 197-1,서울 은평구 연서로28길 8,37.617827187247,126.920726109443
1837691478,역전할머니맥주 서울응암오거리점,pub,서울 은평구 응암동 599-90,서울 은평구 응암로13길 13-2,37.58920645888022,126.91570100405771
1191323603,서울집시 서순라길점,pub,서울 종로구 권농동 182-6,서울 종로구 서순라길 107,37.57502488769612,126.99155505767519
16983115,안주마을,pub,서울 종로구 내자동 1-2,서울 종로구 자하문로1길 3,37.576458094002795,126.97216738211803
1599567374,아트몬스터 익선동점,pub,서울 종로구 익선동 165,서울 종로구 돈화문로11다길 30,37.5736066381244,126.99045490573
27117874,기와탭룸,pub,서울 종로구 소격동 158-4,서울 종로구 율곡로1길 74-7,37.57868360829965,126.98168625791793
1334424022,청계천휴,pub,서울 종로구 관철동 32-7,서울 종로구 청계천로 71,37.5687840073189,126.985502172132
27008882,육미,pub,서울 종로구 인사동 255-5,서울 종로구 종로9길 18,37.57101653487868,126.98441052115909
8198304,꽃피는산골,pub,서울 종로구 인사동 232,서울 종로구 종로11길 17,37.5710977734845,126.985583225511
742894106,이자카야나무 종각점,pub,서울 종로구 관철동 43-6,서울 종로구 종로10길 16,37.5692956175322,126.984288629989
846866336,서울집시 퍼멘테리아 서촌,pub,서울 종로구 효자동 25,서울 종로구 자하문로 62,37.5816025141611,126.971103529785
1757126995,몰림,pub,서울 종로구 내자동 146,서울 종로구 사직로10길 5,37.57567111815471,126.97048886037386
1167226072,에일당,pub,서울 종로구 익선동 166-34,서울 종로구 수표로28길 33-9,37.57351470623376,126.99008588320085
12447485,와,pub,서울 종로구 인사동 153-2,서울 종로구 인사동3길 8,37.572028585886486,126.98629166834736
16500083,동강주막호프,pub,서울 종로구 창신동 81-4,서울 종로구 지봉로7길 1,37.5745394507266,127.015395505341
94678858,보글하우스,pub,서울 종로구 익선동 22-2,서울 종로구 삼일대로32길 44,37.57545538639467,126.98936791489731
16645794,고엔,pub,서울 종로구 명륜2가 8-30,서울 종로구 창경궁로 255,37.5843396650249,126.999886782916
13092177,열차집,pub,서울 종로구 공평동 130-1,서울 종로구 종로7길 47,37.571703768021045,126.98278259136188
13495138,야스미,pub,서울 종로구 명륜4가 173-2,서울 종로구 대명길 39-10,37.58251245001442,126.99964903561781
12137255,푸른별주막,pub,서울 종로구 관훈동 118-13,서울 종로구 인사동16길 19,37.5755593081787,126.984088075425
464435127,갓포우오 종각점,pub,서울 종로구 관철동 45-1,서울 종로구 우정국로2길 21,37.5697073715539,126.984281751803
24528299,백세주마을 종각점,pub,서울 종로구 관철동 256,서울 종로구 우정국로2길 10,37.56943608582536,126.98364791949925
1853756930,낙원장X하나마토,pub,서울 종로구 익선동 170,서울 종로구 수표로28길 25,37.5729777025529,126.989959170521
27323636,라크슌,pub,서울 종로구 관철동 37-1,서울 종로구 청계천로 97-6,37.5685284479652,126.988431660311
1333932833,빅파이브 종로점,pub,서울 종로구 낙원동 210,서울 종로구 수표로 115,37.5715342277639,126.989051518787
14820418,달빛마루,pub,서울 종로구 명륜4가 83-4,서울 종로구 대학로11길 24-1,37.5823178355576,127.000298885018
1230183870,달막달막,pub,서울 종로구 관훈동 118-20,서울 종로구 인사동16길 11-1,37.5752214466262,126.98417304977227
17714066,똥고집 대학로본점,pub,서울 종로구 동숭동 1-139,서울 종로구 대학로12길 92,37.5800833139954,127.003686138391
1377957801,로쿠지,pub,서울 종로구 체부동 19,서울 종로구 자하문로5가길 24,37.578544444807875,126.9707130109018
1784034404,츠키시마몬자모헤지,pub,서울 종로구 낙원동 109-1,서울 종로구 돈화문로11길 42,37.5727541773954,126.989076244098
22875062,누룩나무,pub,서울 종로구 관훈동 118-19,서울 종로구 인사동16길 13,37.5752637892758,126.984142475909
12389748,참앤노,pub,서울 종로구 낙원동 230,서울 종로구 수표로 123-4,37.57229012655067,126.98866879605214
8084959,참새집,pub,서울 종로구 청진동 41-2,서울 종로구 삼봉로 74,37.5720990764088,126.98128148758283
609458485,15번출구,pub,서울 종로구 관수동 58,서울 종로구 수표로20길 34,37.5699486748659,126.991460546794
25463398,독일주택,pub,서울 종로구 명륜4가 45-1,서울 종로구 대명1길 16-4,37.5829989858595,127.000520789247
1999024829,크래프트루 익선,pub,서울 종로구 익선동 166-57,서울 종로구 수표로28길 17-7,37.573074064580446,126.98944975746286
2075693799,잔잔 종각점,pub,서울 종로구 관철동 19-11,서울 종로구 우정국로2길 42,37.569429104479,126.985375269244
21341969,장독대,pub,서울 종로구 관철동 13-4,서울 종로구 삼일대로17길 16,37.5692923044313,126.986652127729
16003923,심산애,pub,서울 종로구 필운동 205-1,서울 종로구 자하문로1길 33,37.5764540598783,126.97039911933
1862802152,시미시미,pub,서울 종로구 익선동 103,서울 종로구 삼일대로30길 49,37.5744679935232,126.990509132817
15601429,스토구,pub,서울 종로구 관훈동 118-13,서울 종로구 인사동16길 19,37.57555390388322,126.98410052899077
1730925017,용용선생 종각점,pub,서울 종로구 관철동 14-3,서울 종로구 삼일대로19길 18,37.569670712257,126.9865615043
213117891,토리고야 종로본점,pub,서울 종로구 관철동 19-13,서울 종로구 우정국로2길 36,37.5695067327483,126.985075288304
17812104,인사동노가리,pub,서울 종로구 인사동 153-4,서울 종로구 인사동3길 14,37.5718438465437,126.98599059509
1324791248,행아웃,pub,서울 종로구 익선동 166-22,서울 종로구 돈화문로11다길 29,37.5735525666284,126.990310015669
10393425,반저,pub,서울 종로구 동숭동 1-49,서울 종로구 대학로8가길 56,37.5829989525305,127.00285301934967
27495422,야젠,pub,서울 종로구 종로5가 120-6,서울 종로구 종로31길 10,37.571581586988,127.000221867626
8120548,풍남원조골뱅이,pub,서울 중구 을지로3가 350-1,서울 중구 수표로 50-1,37.5656742346951,126.989980524876
11786286,본가을지오뎅도루묵,pub,서울 중구 을지로3가 348-5,서울 중구 수표로 54,37.565915697012706,126.9899261617223
8332362,원조만선호프 노가리체인본점,pub,서울 중구 을지로3가 95-1,서울 중구 을지로13길 19,37.56724931479237,126.99178231800013
2091976811,을지맥옥,pub,서울 중구 을지로3가 344-17,서울 중구 수표로 48-16,37.56546517417503,126.99072295632821
373708764,르템플,pub,서울 중구 을지로3가 295-3,서울 중구 충무로7길 2,37.565897863309246,126.99241632579671
168774091,더랜치브루잉 을지로3가점,pub,서울 중구 을지로3가 320,서울 중구 을지로12길 11,37.5656527129109,126.991266352481
1809890598,간빠진새 을지로점,pub,서울 중구 초동 19-9,서울 중구 을지로14길 27,37.565017576322056,126.99220475378334
406136454,비어할레 을지점,pub,서울 중구 다동 97,서울 중구 을지로3길 34,37.567582417554796,126.98147957146772
2118698954,을지장만옥,pub,서울 중구 을지로3가 323,서울 중구 을지로12길 12,37.565744602339784,126.99110334968651
1005801516,독립맥주공장,pub,서울 중구 정동 17-4,서울 중구 정동길 17,37.5670765228959,126.970479800381
2001705749,자야,pub,서울 중구 초동 18-15,서울 중구 충무로 42,37.5648590476901,126.992947280927
600354756,아트몬스터 을지로점,pub,서울 중구 을지로3가 349-1,서울 중구 수표로 52,37.565758024923866,126.9899522164147
381558949,동아리 정동본점,pub,서울 중구 정동 27-14,서울 중구 정동길 12-6,37.567364596447,126.969515296117
1459195401,브아브아,pub,서울 중구 필동2가 10,서울 중구 퇴계로 197,37.56141368511013,126.99380100087862
526970712,시미베,pub,서울 중구 신당동 247-14,서울 중구 퇴계로 386-1,37.5649601902789,127.014420119127
1118354541,소,pub,서울 중구 충무로4가 24-14,서울 중구 마른내로6길 38-2,37.5624904382051,126.995125164603
1270991789,원조영락골뱅이,pub,서울 중구 을지로3가 349-1,서울 중구 수표로 52,37.5657715418852,126.989975984284
511017850,국민맥주 북창점,pub,서울 중구 북창동 18-4,서울 중구 남대문로1길 46,37.56320198819949,126.97752144157351
27009203,수표교호프,pub,서울 중구 을지로3가 5-16,서울 중구 충무로9길 39,37.566688780222826,126.99026789251187
16038851,매운여자,pub,서울 중구 신당동 251-112,서울 중구 퇴계로73길 17,37.5660774979578,127.013813639113
1108717242,토리아에즈 본점,pub,서울 중구 신당동 348-43,서울 중구 동호로10길 13,37.55465308448133,127.01171331831186
2046082429,진미네,pub,서울 중구 인현동2가 189-26,서울 중구 마른내로6길 34,37.5627192914682,126.995128545222
10722948,정태네실비집,pub,서울 중구 남산동2가 14-9,서울 중구 퇴계로20길 15,37.5594974842665,126.98588085933841
9984162,태성골뱅이신사 본점,pub,서울 중구 다동 129,서울 중구 을지로3길 35,37.5676914062593,126.981278062937
172216760,통나무집,pub,서울 중구 인현동2가 211,서울 중구 마른내로6길 16,37.5634941495503,126.995155659296
812076679,만리199,pub,서울 중구 만리동1가 62-19,서울 중구 만리재로 199,37.55546555457986,126.96771163328161
1487405672,주마등,pub,서울 중구 을지로3가 320-15,서울 중구 충무로5길 23,37.565349988192,126.991402213829
33250400,우야재,pub,서울 중구 신당동 368-21,서울 중구 다산로 101-4,37.553438747465,127.009384083048
453664559,키라키라윤 약수점,pub,서울 중구 신당동 377-5,서울 중구 다산로21길 15,37.5580300577951,127.011358470297
16765239,브라운호프,pub,서울 중구 묵정동 32-13,서울 중구 퇴계로 252-1,37.56232835922782,126.99976570960267
1987069650,황금마차,pub,서울 중구 을지로3가 320-27,서울 중구 충무로5길 28,37.5655418901354,126.99126296976
1483201446,모아식품,pub,서울 중구 인현동2가 96-15,서울 중구 마른내로 61-6,37.564582541655284,126.9948839395933
618256499,문화식당,pub,서울 중구 신당동 140-3,서울 중구 퇴계로 434-1,37.5654927944146,127.019835162171
11831546,필동분식,pub,서울 중구 필동1가 3-19,서울 중구 퇴계로27길 14,37.5617856703826,126.99173764496
1752670436,행복전집 북창점,pub,서울 중구 북창동 18-4,서울 중구 남대문로1길 46,37.5631965813653,126.977516915795
1393694123,끽비어컴퍼니,pub,서울 중구 산림동 207-2,서울 중구 을지로 157,37.56696570234977,126.9955267002544
512868684,웜비어위캔드,pub,서울 중구 주교동 125-2,서울 중구 청계천로 184,37.5686380212742,126.998185511182
1732828194,토리카미,pub,서울 중구 을지로3가 320-11,서울 중구 충무로5길 21,37.5653283702735,126.991484843776
650497500,아따 을지로점,pub,서울 중구 을지로3가 302-4,서울 중구 충무로5길 14,37.5652851544777,126.991940997302
1295558667,히바리,pub,서울 중구 서소문동 120-12,서울 중구 세종대로11길 30,37.56234536361411,126.97420541390139
8806993,그린호프,pub,서울 중구 필동1가 16-1,서울 중구 퇴계로 181,37.561291943498,126.992018391335
1142653090,지지타운,pub,서울 중구 을지로3가 349-1,서울 중구 수표로 52,37.5657706406008,126.989972588736
732603889,을지로유카네,pub,서울 중구 초동 107-10,서울 중구 을지로12길 27-1,37.5650255884138,126.990854421932
1310905378,이방인,pub,서울 중구 황학동 570,서울 중구 퇴계로87길 37,37.56716935182266,127.02096978143832
1315521750,고담,pub,서울 중구 태평로2가 341-2,서울 중구 세종대로 81,37.563558569976045,126.9764302250042
1008250338,심야주방월야,pub,경기 구리시 교문동 227-21,경기 구리시 체육관로 173,37.6000649038198,127.135830172149
206352939,동네술집 상봉점,pub,서울 중랑구 상봉동 90-50,서울 중랑구 망우로50길 36,37.59551880193965,127.08920914791955
27279489,에헴,pub,서울 중랑구 상봉동 90-11,서울 중랑구 망우로48길 27-12,37.59577577649588,127.0889546773588
27251184,다락방호프,pub,서울 중랑구 망우동 490-26,서울 중랑구 용마산로115길 60,37.5985498743069,127.097027360668
838410464,맥주아비,pub,서울 중랑구 묵동 238-104,서울 중랑구 동일로163길 12,37.6120977697776,127.076594893129
1494467061,오키나라 본점,pub,서울 중랑구 중화동 312-42,서울 중랑구 중랑역로 69,37.5995226549649,127.077972587889
1308043339,모꼬지한식주점,pub,서울 중랑구 상봉동 105-96,서울 중랑구 봉우재로33길 50,37.59451472010577,127.08851383427901
158113015,츠키요,pub,서울 중랑구 상봉동 107-29,서울 중랑구 면목로88길 5-4,37.594245779301,127.086685950351
27133746,주빌리호프,pub,서울 중랑구 망우동 489-16,서울 중랑구 송림길 6,37.5993907170232,127.095655985656
1937437511,만보카야,pub,서울 중랑구 면목동 498-14,서울 중랑구 사가정로51길 54,37.5832834023095,127.087909550353
1217705668,교우,pub,서울 중랑구 상봉동 101,서울 중랑구 망우로 316,37.59644966848807,127.08781746386055
1139411341,효우리,pub,서울 중랑구 면목동 412-8,서울 중랑구 면목로60길 8,37.5851829193228,127.08881413414
879194247,이태리양조장 묵동점,pub,서울 중랑구 묵동 170-1,서울 중랑구 동일로 932,37.61329911115443,127.07747956066436
706983432,야키토리히타,pub,서울 중랑구 상봉동 106-29,서울 중랑구 봉우재로33길 16,37.593312797374544,127.0873042397482
1557023575,발짝,pub,서울 중랑구 중화동 312-34,서울 중랑구 중랑역로 73,37.59995880441584,127.0778665967752
20530911,진미파전전문,pub,서울 중랑구 신내동 494-58,서울 중랑구 신내로 10,37.6001678764692,127.097242354962
848317375,도리도리야포차 상봉본점,pub,서울 중랑구 상봉동 104-105,서울 중랑구 봉우재로33길 45,37.594515900732645,127.08814016854464
465926497,늘솜,pub,서울 중랑구 신내동 409-5,서울 중랑구 봉화산로54길 36,37.6062543589071,127.097975079442
2039099333,대동집 서울중화점,pub,서울 중랑구 중화동 307-17,서울 중랑구 동일로139길 8,37.6035947561921,127.078538539211
2047178098,야키토리 찬찬,pub,서울 중랑구 면목동 595-7,서울 중랑구 면목로49길 29,37.5826967246973,127.086869550817
602505959,0910멸치집 상봉본점,pub,서울 중랑구 상봉동 104-51,서울 중랑구 봉우재로33길 49,37.594661744414665,127.0882966016675
1084169745,임자카야,pub,서울 중랑구 중화동 308-17,서울 중랑구 중랑역로 113-1,37.6036785289204,127.077202320247
1879229041,서민대폿집 상봉망우역점,pub,서울 중랑구 상봉동 74-4,서울 중랑구 망우로 383,37.59884270046608,127.09480485905662
22051474,중독,pub,서울 중랑구 상봉동 89-33,서울 중랑구 망우로50길 21,37.5962422792258,127.089233790991
542728015,그럴연,pub,서울 중랑구 상봉동 90-16,서울 중랑구 망우로48길 27-8,37.595788477347,127.088839193397
1725998241,모모룸,pub,서울 중랑구 면목동 601-2,서울 중랑구 면목로45길 11,37.5816436263978,127.087866865568
1863908043,강태공의선술집,pub,서울 중랑구 면목동 634-17,서울 중랑구 사가정로52길 5,37.5803608080382,127.087602708408
722598531,다시 중랑구점,pub,서울 중랑구 면목동 118-24,서울 중랑구 겸재로 160-1,37.5877459704009,127.085523545355
304805969,갓포간바리야요리주점 중화직영점,pub,서울 중랑구 중화동 284-12,서울 중랑구 동일로140길 8,37.6041418880437,127.079539085972
27367463,수메시야,pub,서울 중랑구 신내동 410-76,서울 중랑구 봉화산로54길 23,37.606774195423625,127.09801653165147
1516573649,와라우 상봉본점,pub,서울 중랑구 상봉동 89-11,서울 중랑구 봉우재로33길 81,37.59574463742,127.089622722813
1566257944,역전할머니맥주 서울묵동점,pub,서울 중랑구 묵동 170-1,서울 중랑구 동일로 932,37.61419717624762,127.07781461624248
1655948986,역전할머니맥주 서울상봉점,pub,서울 중랑구 상봉동 105-11,서울 중랑구 봉우재로33길 42,37.5942463928284,127.088289316989
766780945,우아정,pub,서울 중랑구 면목동 105-29,서울 중랑구 겸재로 192,37.5885066088717,127.088909794168
19667831,도깨비,pub,서울 중랑구 상봉동 88-95,서울 중랑구 봉우재로43길 32,37.5950238691466,127.089590153072
2101733214,신요아케,pub,서울 중랑구 망우동 495,서울 중랑구 용마산로115길 109,37.59791753019522,127.0946213726337
1364471282,낫띵크 상봉본점,pub,서울 중랑구 상봉동 87-48,서울 중랑구 봉우재로43길 13,37.5942036938822,127.08994924753
383800378,금별맥주 상봉점,pub,서울 중랑구 상봉동 89-10,서울 중랑구 봉우재로33길 85,37.59580853891568,127.08971338699057
423297596,뻔뻔,pub,서울 중랑구 묵동 250-17,서울 중랑구 동일로149길 15,37.60637711895178,127.07701031846504
1360667486,음주교,pub,서울 중랑구 상봉동 90-3,서울 중랑구 망우로50길 24,37.59606589112571,127.08896068445671
1843468151,수작 상봉역점,pub,서울 중랑구 상봉동 87,서울 중랑구 봉우재로33길 66,37.595002622500054,127.0890919015137
342568694,키라키라윤 상봉점,pub,서울 중랑구 상봉동 105-30,서울 중랑구 봉우재로33길 32,37.593811553945486,127.08783361304063
59983330,아도겐 상봉점,pub,서울 중랑구 상봉동 104-50,서울 중랑구 봉우재로33길 51,37.5947544701618,127.088398620772
27205257,술잔 직영점,pub,서울 중랑구 상봉동 122,서울 중랑구 동일로114길 54,37.5937778857054,127.083320171918
26925071,펀비어킹 중랑상봉메가박스점,pub,서울 중랑구 상봉동 130-170,서울 중랑구 망우로30길 3,37.5929150770806,127.074736372483
20258502,짝태노가리,pub,서울 중랑구 상봉동 106-11,서울 중랑구 봉우재로33길 22,37.593518955706166,127.08753207480679
