id,name,category,address,road_address,lat,lon
1234581626,이마트24 SMART삼성S&J빌딩점,convenience,서울 강남구 삼성동 160-22,서울 강남구 영동대로106길 9,37.5135085833768,127.061848545457
2104321865,이마트24 선릉공원점,convenience,서울 강남구 삼성동 143-35,서울 강남구 테헤란로69길 8,37.5064454684608,127.052860369267
74531726,이마트24 R논현스타점,convenience,서울 강남구 논현동 167,서울 강남구 봉은사로1길 42,37.5074666563815,127.024147038603
1667074288,이마트24 논현TJ점,convenience,서울 강남구 논현동 153,서울 강남구 논현로121길 27,37.5102015784988,127.030343811905
1969508906,이마트24 R뉴청담본점,convenience,서울 강남구 청담동 16-19,서울 강남구 도산대로66길 43,37.5206507673605,127.043888599741
688387300,이마트24 R수서사이룩스점,convenience,서울 강남구 수서동 716,서울 강남구 광평로 295,37.48849962321958,127.10387383708479
941844254,이마트24 R강남차병원점,convenience,서울 강남구 역삼동 650-9,서울 강남구 논현로 566,37.5068099365486,127.034568981895
599393610,이마트24 일원삼성점,convenience,서울 강남구 수서동 747,서울 강남구 광평로31길 27,37.4845838123249,127.090786640251
818347662,이마트24 R자곡시티점,convenience,서울 강남구 자곡동 655,서울 강남구 자곡로 192,37.474469032465,127.103970858783
1024548289,이마트24 R양재선일빌딩점,convenience,서울 서초구 양재동 18-9,서울 서초구 바우뫼로41길 39,37.4822520019789,127.040522861157
328294076,이마트24 신천대박점,convenience,서울 송파구 잠실동 182,서울 송파구 올림픽로12길 4-15,37.5110697707576,127.082198880191
24909836,이마트24 메리어트점,convenience,서울 서초구 반포동 118-3,서울 서초구 사평대로 205,37.50371538846544,127.00591374932539
22136789,이마트24 센트럴시티점,convenience,서울 서초구 반포동 19-3,서울 서초구 신반포로 176,37.5050804836998,127.00423888622
1275392390,이마트24 자양스타점,convenience,서울 광진구 자양동 631,서울 광진구 자양로13길 47,37.5341671790597,127.081894983218
2034923647,이마트24 성수뚝도점,convenience,서울 성동구 성수동2가 339-10,서울 성동구 성덕정11길 20-1,37.5390074448534,127.053428723037
1552709586,이마트24 서초옴니버스파크점,convenience,서울 서초구 반포동 505,서울 서초구 반포대로 222,37.498259808367294,127.00568827594934
1551482404,이마트24 가락탑점,convenience,서울 송파구 가락동 79-5,서울 송파구 송파대로28길 24,37.4942844717427,127.120545456511
1223073620,이마트24 성수AK점,convenience,서울 성동구 성수동2가 322-1,서울 성동구 연무장길 76,37.5415066952889,127.057526618598
1112889776,이마트24 건대제일점,convenience,서울 광진구 자양동 4-9,서울 광진구 동일로18길 78,37.5386419791231,127.066907776192
1189496992,이마트24 성동연무장점,convenience,서울 성동구 성수동2가 320-1,서울 성동구 연무장길 58,37.54223830154386,127.05565788695809
152374231,이마트24 광진구의점,convenience,서울 광진구 구의동 251-31,서울 광진구 자양로 144,37.54043784641349,127.08360023227277
27260601,이마트24 광진코지웰점,convenience,서울 광진구 화양동 113-1,서울 광진구 능동로19길 35,37.54716795611821,127.07181639101258
1986199087,이마트24 R문정대명점,convenience,서울 송파구 문정동 97,서울 송파구 새말로 136,37.4831011202103,127.129119226274
739035261,이마트24 광진삼성쉐르빌점,convenience,서울 광진구 구의동 199-18,서울 광진구 구의강변로 106,37.5398571742372,127.094896455529
1408333377,이마트24 성동송정점,convenience,서울 성동구 송정동 66-49,서울 성동구 광나루로11길 4,37.5486960261013,127.065666309332
866215214,이마트24 R광진아리수점,convenience,서울 광진구 구의동 202-27,서울 광진구 광나루로 586,37.5428800794502,127.0937031142
15533750,HM24시편의점,convenience,서울 송파구 문정동 628,서울 송파구 충민로 10,37.47861740585169,127.11910819954092
1424060710,이마트24 세종대광개토관점,convenience,서울 광진구 군자동 98,서울 광진구 능동로 209,37.5502998915472,127.073178514207
194118786,이마트24 R용산보광점,convenience,서울 용산구 보광동 243-2,서울 용산구 보광로 63,37.529255361389346,126.99765473685154
853390645,이마트24 동작정금마을점,convenience,서울 동작구 동작동 55-21,서울 동작구 동작대로 189,37.4936698012822,126.98236176981
2018879657,이마트24 R과천선바위점,convenience,경기 과천시 과천동 366-7,경기 과천시 뒷골로 6,37.452812101326245,127.00112227408763
8930938,마트24시,convenience,서울 강남구 일원동 50,서울 강남구 일원로 81,37.4885135080178,127.086654081527
8000742,GS25 강남동원점,convenience,서울 강남구 삼성동 143-28,서울 강남구 테헤란로77길 7,37.5069132164195,127.054563985628
525735977,CU 가로수길점,convenience,서울 강남구 신사동 543-8,서울 강남구 논현로151길 52,37.5196816157579,127.023912292569
1035363644,GS25 DXLAB점,convenience,서울 강남구 역삼동 677-25,서울 강남구 테헤란로 223,37.502382247994106,127.04069093763857
8668291,CU 삼성1호점,convenience,서울 강남구 삼성동 142-22,서울 강남구 테헤란로69길 9,37.5064240529483,127.05239212307
220755853,CU BGF사옥점,convenience,서울 강남구 삼성동 141-8,서울 강남구 테헤란로63길 9,37.50579790106871,127.05021001822244
20038172,GS25 압구정신사점,convenience,서울 강남구 신사동 588,서울 강남구 도산대로33길 8,37.5212118737863,127.030226098835
26820270,GS25 역삼본점,convenience,서울 강남구 역삼동 678-19,서울 강남구 테헤란로29길 10,37.5023134844679,127.038867839492
114695899,GS25 강남헤븐리치점,convenience,서울 강남구 역삼동 605-17,서울 강남구 봉은사로 170,37.506672625125,127.032663188949
1604895112,CU 삼성마젤란점,convenience,서울 강남구 삼성동 158-10,서울 강남구 테헤란로87길 17,37.5086774445845,127.05821170069743
9620110,CU 타워팰리스점,convenience,서울 강남구 도곡동 467,서울 강남구 언주로30길 56,37.4886409676633,127.054215997873
18321258,CU 선릉역점,convenience,서울 강남구 삼성동 141-33,서울 강남구 테헤란로 403,37.505070163692,127.04955922161
12296534,GS25 논현영동점,convenience,서울 강남구 논현동 141-7,서울 강남구 학동로2길 19,37.509968986797,127.022942149026
597839579,이마트24 청담본점,convenience,서울 강남구 청담동 89-20,서울 강남구 도산대로57길 22,37.5250538465442,127.04173497038
12296275,GS25 역삼2점,convenience,서울 강남구 역삼동 789-30,서울 강남구 역삼로14길 7,37.49401085242885,127.03555819100714
9607014,GS25 삼성역점,convenience,서울 강남구 삼성동 168,서울 강남구 영동대로 510,37.5105744162765,127.062791686791
23787615,CU 역삼황제펭귄점,convenience,서울 강남구 역삼동 658-22,서울 강남구 논현로106길 31,37.5067902982726,127.036938414866
17052892,CU 역삼점,convenience,서울 강남구 역삼동 705,서울 강남구 테헤란로51길 10,37.50468379014726,127.0469679213698
16932811,CU 역삼본점,convenience,서울 강남구 역삼동 601-11,서울 강남구 강남대로110길 11,37.5040614211494,127.025740591839
819301454,GS25 역삼프리미엄점,convenience,서울 강남구 역삼동 678-5,서울 강남구 논현로94길 32,37.5029261205005,127.03901291743
17056630,GS25 대치삼성점,convenience,서울 강남구 대치동 945-10,서울 강남구 테헤란로98길 8,37.50771154094858,127.06181096303776
17051104,CU 역삼푸르지오점,convenience,서울 강남구 역삼동 761-2,서울 강남구 언주로70길 10,37.4969479879745,127.046373903216
191751692,CU 역삼센타점,convenience,서울 강남구 역삼동 742-22,서울 강남구 역삼로9길 28,37.4959611400576,127.033825545228
1154664376,세븐일레븐 한강르네상스잠원1호점,convenience,서울 강남구 압구정동 386,서울 강남구 올림픽대로 2395,37.5283697252237,127.020486021593
12296461,GS25 역삼햇살점,convenience,서울 강남구 역삼동 727-14,서울 강남구 논현로 412,37.4968893523548,127.039095721365
1282900508,GS25 학동행복점,convenience,서울 강남구 논현동 215-3,서울 강남구 학동로30길 14,37.513182587672254,127.0319149786598
12296281,GS25 강남타운점,convenience,서울 강남구 역삼동 649-10,서울 강남구 테헤란로 115,37.498939127552134,127.0298869019654
20037899,GS25 논현하니점,convenience,서울 강남구 논현동 57-9,서울 강남구 논현로131길 31,37.5137557680028,127.027788956431
12296467,GS25 신현대점,convenience,서울 강남구 압구정동 426,서울 강남구 압구정로 151,37.5252353542319,127.024118826247
1105973068,이마트24 도산대로점,convenience,서울 강남구 신사동 630-23,서울 강남구 도산대로 309,37.522349367838835,127.03518588499499
2127025896,이마트24 선정릉역로또점,convenience,서울 강남구 삼성동 112,서울 강남구 선릉로 578,37.5100972103947,127.044158395659
12296482,GS25 논현파라곤점,convenience,서울 강남구 논현동 246-3,서울 강남구 언주로130길 18,37.51500652966133,127.03702729822676
1974363597,GS25 삼성메디슨점,convenience,서울 강남구 대치동 1000-10,서울 강남구 테헤란로104길 31,37.5072534717131,127.065810951602
1659826893,CU 압구정크루즈점,convenience,서울 강남구 압구정동 379,서울 강남구 압구정로11길 37-53,37.5290592146132,127.019156891806
1391033447,CU 역삼비엘점,convenience,서울 강남구 역삼동 832-16,서울 강남구 역삼로 106,37.4929444630436,127.030923708953
42646714,CU 역삼e편한점,convenience,서울 강남구 역삼동 770-13,서울 강남구 논현로72길 33,37.4965351751658,127.041959964302
12296500,GS25 대치삼호점,convenience,서울 강남구 대치동 997-9,서울 강남구 테헤란로108길 11,37.5087273252286,127.066151553807
16557423,CU 역삼신웅점,convenience,서울 강남구 역삼동 719,서울 강남구 테헤란로 216,37.50146701933633,127.04012611274631
25662509,GS25 학동제일점,convenience,서울 강남구 논현동 88-5,서울 강남구 학동로33길 7,37.515228596969784,127.03254023143624
27498656,GS25 대치타워점,convenience,서울 강남구 대치동 890-47,서울 강남구 선릉로90길 36,37.50466449197868,127.052161307258
16447065,CU 학동역점,convenience,서울 강남구 논현동 209,서울 강남구 학동로 224,37.514446307521574,127.03332262274746
27498643,GS25 강남본점,convenience,서울 강남구 역삼동 825-1,서울 강남구 테헤란로2길 8,37.4976707892101,127.028764582323
27491016,GS25 논현영동시장점,convenience,서울 강남구 논현동 166-4,서울 강남구 강남대로122길 20,37.50809545853024,127.02462792392645
675337029,GS25 역삼프레시점,convenience,서울 강남구 역삼동 721-25,서울 강남구 테헤란로38길 39,37.5000991870697,127.042986551794
1972285070,CU 대치삼성점,convenience,서울 강남구 대치동 990,서울 강남구 도곡로 516,37.49897570860241,127.06291767902266
12296494,GS25 대치명문점,convenience,서울 강남구 대치동 891-23,서울 강남구 선릉로90길 56,37.505189905742576,127.05388414677297
24765327,이마트24 강동본점,convenience,서울 강동구 성내동 38-3,서울 강동구 천호옛길 84,37.536235342487,127.125581115895
300235653,이마트24 강동둔촌현대점,convenience,서울 강동구 둔촌동 40-2,서울 강동구 명일로10길 25,37.5317129355055,127.1454596945
1498489710,이마트24 천호도서관점,convenience,서울 강동구 천호동 185-27,서울 강동구 성안로31길 42,37.5409864844901,127.134428473245
1213235182,이마트24 광진워커힐점,convenience,서울 광진구 광장동 341-12,서울 광진구 아차산로 633,37.549213053891,127.107614356631
6978826,세븐일레븐 강동역사거리점,convenience,서울 강동구 천호동 565,서울 강동구 천호대로 1095,37.53581742484509,127.13365660609172
1930079532,CU 강동이안컴홈스테이점,convenience,서울 강동구 천호동 451,서울 강동구 천호대로 1053,37.53775070281044,127.12903688940503
1937437773,GS25 강동으뜸점,convenience,서울 강동구 성내동 429-3,서울 강동구 양재대로 1335,37.5255066920262,127.134959544256
20435170,CU 길동SK점,convenience,서울 강동구 길동 415-13,서울 강동구 진황도로 85,37.53644801175391,127.13612202002193
857033275,CU 암사456점,convenience,서울 강동구 암사동 456,서울 강동구 고덕로20길 15,37.55397218970276,127.13397194980548
705528175,CU 강동유원센터점,convenience,서울 강동구 고덕동 343-2,서울 강동구 고덕비즈밸리로 26,37.5653488875304,127.160158046657
156036630,세븐일레븐 뉴웨이브오리진점,convenience,서울 강동구 천호동 571,서울 강동구 천호대로 1077,37.536550671917574,127.13220400517241
12296261,GS25 강동트레벨점,convenience,서울 강동구 천호동 451-20,서울 강동구 천호대로 1057,37.53715840294858,127.12935041366153
1538223432,GS25 천호은혜점,convenience,서울 강동구 천호동 209-3,서울 강동구 천중로32길 27,37.5417971293878,127.134651707869
27386936,CU 강동천호대로점,convenience,서울 강동구 성내동 9-14,서울 강동구 천호대로 1034,37.53720087713595,127.12674021564023
1703591880,GS25 길동오네뜨점,convenience,서울 강동구 길동 339-1,서울 강동구 양재대로124길 32,37.54277062553988,127.14347834749233
12296267,GS25 성내이안점,convenience,서울 강동구 성내동 25-1,서울 강동구 천호대로162길 34,37.5354830484129,127.128059951342
697401803,GS25 강동래미안점,convenience,서울 강동구 천호동 450-40,서울 강동구 천호대로163길 21,37.5376674754877,127.130978338328
66411015,CU 성내으뜸점,convenience,서울 강동구 성내동 245-32,서울 강동구 천호대로176길 10-3,37.533856750057566,127.13610939034074
1846824760,CU 성내해오름점,convenience,서울 강동구 성내동 417-39,서울 강동구 풍성로54길 17,37.5286903942163,127.133759283954
19428050,세븐일레븐 길동스위트점,convenience,서울 강동구 길동 413-1,서울 강동구 양재대로111길 15,37.537064213375,127.1385172986
1345636778,CU 포레온센터점,convenience,서울 강동구 둔촌동 172-4,서울 강동구 양재대로84길 21,37.5235211874779,127.136264824247
1376219980,GS25 길동생활점,convenience,서울 강동구 길동 368-7,서울 강동구 양재대로 1501,37.5399470553492,127.140345475372
541038442,CU 강동센트럴점,convenience,서울 강동구 천호동 233-34,서울 강동구 구천면로 328,37.54852774219249,127.13608966578758
7993629,GS25 길동하이브점,convenience,서울 강동구 길동 456-2,서울 강동구 진황도로 100,37.5353967814953,127.137473299143
13578245,GS25 천호한신점,convenience,서울 강동구 천호동 238-3,서울 강동구 구천면로42길 8,37.54636513586169,127.13470179300589
10962100,CU 길동한신점,convenience,서울 강동구 길동 414-10,서울 강동구 진황도로 99,37.535980037783915,127.13720735034615
1655390427,GS25 천호2동점,convenience,서울 강동구 천호동 461-94,서울 강동구 올림픽로71길 48,37.5406862997024,127.12125263527
114583367,이마트24 R둔촌중앙점,convenience,서울 강동구 둔촌동 452-3,서울 강동구 진황도로 156,37.53208900245725,127.14146326064173
611336484,CU 길동명일로점,convenience,서울 강동구 길동 82-4,서울 강동구 명일로 262,37.5420978498933,127.147644486244
895437507,GS25 성내베스트점,convenience,서울 강동구 성내동 128-1,서울 강동구 풍성로35길 19,37.5330069405806,127.124842559401
1868702774,GS25 강동아이파크점,convenience,서울 강동구 상일동 513,서울 강동구 고덕로80길 123,37.55102641462351,127.16555486244043
1483721138,세븐일레븐 천호역한강청년주택점,convenience,서울 강동구 천호동 458-3,서울 강동구 천호대로 989,37.53933448376059,127.1224328525933
1246268022,GS25 길동자이스타점,convenience,서울 강동구 길동 157,서울 강동구 천호대로199길 83,37.5402448890184,127.148049304937
12296385,GS25 천호역점,convenience,서울 강동구 천호동 431-4,서울 강동구 올림픽로 651,37.53965323054182,127.12349697827426
815448221,GS25 강동상암로점,convenience,서울 강동구 천호동 35-1,서울 강동구 상암로39길 24,37.5469820650198,127.140336031555
1664324889,CU 둔촌포레온점,convenience,서울 강동구 둔촌동 170-1,서울 강동구 양재대로 1360,37.5274756806392,127.13704583327
150477488,CU 강동은혜점,convenience,서울 강동구 암사동 489-66,서울 강동구 상암로 97,37.5476149577355,127.133788565969
1127293798,GS25 힐데스하임점,convenience,서울 강동구 천호동 578,서울 강동구 올림픽로78길 30,37.54188433325734,127.12668364606935
1516011009,CU 강동성내점,convenience,서울 강동구 성내동 523-2,서울 강동구 성내로13길 57,37.5305202585485,127.128132923734
227848386,CU 포레온플라자점,convenience,서울 강동구 둔촌동 180-1,서울 강동구 명일로 80,37.5258978181979,127.141802267683
902301672,GS25 강동더리버점,convenience,서울 강동구 고덕동 353-23,서울 강동구 고덕비즈밸리로 51,37.567123964958014,127.15806555145771
758037626,GS25 천호센트럴점,convenience,서울 강동구 천호동 22-5,서울 강동구 구천면로 384,37.550640641426,127.14140665128387
1333191705,CU 강동프라자점,convenience,서울 강동구 둔촌동 603,서울 강동구 천호대로 1238,37.5361367524859,127.14843153002
16621230,GS25 천호금환점,convenience,서울 강동구 천호동 162-4,서울 강동구 진황도로 59,37.53763491966004,127.1334991821697
865194422,GS25 명일센트럴점,convenience,서울 강동구 명일동 342-1,서울 강동구 양재대로134길 26,37.54759360741168,127.14500508548038
21402510,GS25 성내타운점,convenience,서울 강동구 성내동 199-30,서울 강동구 천호대로174길 22,37.5338793408067,127.13447907424
644447464,CU 고덕아르테온1상가점,convenience,서울 강동구 상일동 520,서울 강동구 고덕로 390,37.5566765206248,127.168769085047
855310928,GS25 강동성내점,convenience,서울 강동구 성내동 397,서울 강동구 양재대로97길 7,37.5310043693683,127.136727588094
112082656,이마트24 수유사랑점,convenience,서울 강북구 수유동 176-72,서울 강북구 한천로140길 17,37.6408321174291,127.027287836379
323997764,이마트24 R강북419점,convenience,서울 강북구 수유동 567-8,서울 강북구 4.19로 45,37.6469219492605,127.00937543568
1969862981,이마트24 R강북북한산점,convenience,서울 강북구 수유동 563-15,서울 강북구 4.19로13길 3,37.6455796542638,127.006899444111
27259941,이마트24 미아지웰점,convenience,서울 강북구 미아동 163-10,서울 강북구 도봉로76길 42-1,37.6332929210077,127.026197482742
1686170807,이마트24 수유형제점,convenience,서울 강북구 수유동 511,서울 강북구 인수봉로55가길 1,37.6366677921323,127.010024468638
27260455,이마트24 월계본점,convenience,서울 노원구 월계동 911,서울 노원구 덕릉로60길 182,37.632700284537,127.043725566426
2092992975,이마트24 인덕대후문점,convenience,서울 노원구 월계동 655-11,서울 노원구 초안산로2라길 1,37.6321458482911,127.057144389863
253637292,이마트24 R방학파스텔점,convenience,서울 도봉구 방학동 701-4,서울 도봉구 방학로4길 72,37.6661257423841,127.038917966242
27363441,이마트24 성북정릉점,convenience,서울 성북구 정릉동 350-7,서울 성북구 솔샘로6길 46,37.60935362501418,127.00786102886323
2088503453,이마트24 상계10단지점,convenience,서울 노원구 상계동 666-2,서울 노원구 한글비석로 571,37.6641671027624,127.054595018153
1866316366,이마트24 국민대과학관점,convenience,서울 성북구 정릉동 861-1,서울 성북구 정릉로 77,37.6117811506125,126.99947787752494
1896771048,이마트24 국민대북악관점,convenience,서울 성북구 정릉동 861-1,서울 성북구 정릉로 77,37.6121937631451,126.99686724784192
390473621,이마트24 R국민대예술관점,convenience,서울 성북구 정릉동 861-1,서울 성북구 정릉로 77,37.61031701666254,126.99744040420615
382667621,이마트24 정릉국민대점,convenience,서울 성북구 정릉동 894-6,서울 성북구 정릉로10길 59,37.607289719061,126.999592293301
167790021,이마트24 뉴월곡역점,convenience,서울 성북구 하월곡동 29-91,서울 성북구 화랑로 77,37.6025145967432,127.040890367086
1876082236,이마트24 수락상록점,convenience,서울 노원구 상계동 1098-1,서울 노원구 동일로241가길 52,37.67664142864096,127.05202981577504
1928428521,이마트24 경희대정경대점,convenience,서울 동대문구 이문동 1-3,서울 동대문구 경희대로 26,37.5974405639652,127.055487226438
549434306,이마트24 고려대역점,convenience,서울 동대문구 제기동 136-50,서울 동대문구 고산자로 560,37.5893542485302,127.036838781004
27260172,이마트24 태릉입구역점,convenience,서울 노원구 공릉동 684-62,서울 노원구 화랑로 419-11,37.6177794147736,127.073746373967
528353774,이마트24 성신로데오점,convenience,서울 성북구 동선동1가 43,서울 성북구 동소문로20길 31,37.5911499492842,127.016975051688
1629800516,이마트24 고대운초우선교육관점,convenience,서울 성북구 안암동5가 1-2,서울 성북구 안암로 145,37.5915849406637,127.03439868368
58795314,이마트24 경희대문과대점,convenience,서울 동대문구 회기동 1-5,서울 동대문구 경희대로 26,37.597258257968484,127.05420638464483
2006031731,이마트24 중랑진선미2호점,convenience,서울 중랑구 중화동 332-98,서울 중랑구 동일로139길 78,37.6031179800863,127.074607286317
1864264983,이마트24 경희대도서관점,convenience,서울 동대문구 회기동 1-5,서울 동대문구 경희대로 26,37.5969723449176,127.052879048865
1392122708,이마트24 경희대간호이과대점,convenience,서울 동대문구 회기동 1-5,서울 동대문구 경희대로 26,37.59579707015714,127.05372521070775
1400966566,이마트24 고대타이거플라자점,convenience,서울 성북구 안암동5가 1-2,서울 성북구 안암로 145,37.587653177269075,127.03051335626903
52707838,이마트24 R경희대청운관점,convenience,서울 동대문구 회기동 1-5,서울 동대문구 경희대로 26,37.59483565520903,127.05183805819956
1863155483,이마트24 경희대의과대점,convenience,서울 동대문구 회기동 1-5,서울 동대문구 경희대로 26,37.594182087044345,127.05461065605196
2059165083,이마트24 경희대푸른솔문화관점,convenience,서울 동대문구 회기동 1-5,서울 동대문구 경희대로 26,37.5952642240921,127.054510668942
1864001877,이마트24 경희대경영대점,convenience,서울 동대문구 회기동 1-5,서울 동대문구 경희대로 26,37.59658186158483,127.05561001561398
87959870,이마트24 경희대간호이과대위성점,convenience,서울 동대문구 회기동 1-5,서울 동대문구 경희대로 26,37.5957024660936,127.053725142691
54860326,이마트24 JLL회기로점,convenience,서울 동대문구 휘경동 183-373,서울 동대문구 회기로29길 34,37.591679213299784,127.05821061578432
2062652935,이마트24 R동대문엘리니티점,convenience,서울 동대문구 용두동 737-18,서울 동대문구 안암로12길 15,37.5802612535695,127.027562327382
1208606127,24시편의점 성신여대점,convenience,서울 성북구 동선동1가 85-97,서울 성북구 동소문로22길 31,37.5916408192769,127.018123296538
710426123,이마트24 R중랑초등학교점,convenience,서울 중랑구 면목동 182-104,서울 중랑구 봉우재로 25,37.5901320147942,127.075988131744
362599101,이마트24 SMART서울대연건생활관점,convenience,서울 종로구 연건동 28-21,서울 종로구 대학로 101,37.578282284459206,127.00010754751608
1800130593,이마트24 R상봉스타점,convenience,서울 중랑구 상봉동 103,서울 중랑구 면목로92길 42,37.5957133255717,127.088130257466
43726712,이마트24 면목본점,convenience,서울 중랑구 면목동 177-7,서울 중랑구 겸재로9길 15,37.587088820169,127.078199645113
1488032238,이마트24 종로동묘점,convenience,서울 종로구 창신동 393-9,서울 종로구 종로52길 54,37.5712165701164,127.015480851209
474043774,이마트24 종로창신점,convenience,서울 종로구 창신동 427-12,서울 종로구 종로50길 29,37.5706546796881,127.012711951828
242077561,이마트24 현대엔지니어링점,convenience,서울 종로구 계동 140-2,서울 종로구 율곡로 75,37.5780167449262,126.987637739973
1662231145,이마트24 망우로이점,convenience,서울 중랑구 망우동 487-5,서울 중랑구 용마산로117길 17,37.6002092782037,127.099457404456
1946820742,이마트24 면목역점,convenience,서울 중랑구 면목동 1213,서울 중랑구 겸재로44길 6,37.5882466244977,127.088373940289
16618661,바이24시,convenience,서울 도봉구 창동 8-1,서울 도봉구 노해로67길 10,37.6523141317391,127.0497385017
16792318,GS25 신창동점,convenience,서울 도봉구 창동 541-2,서울 도봉구 우이천로4다길 81,37.63719964792,127.039037697448
1880724608,GS25 미아가온점,convenience,서울 강북구 미아동 791-1344,서울 강북구 인수봉로20나길 38,37.626815951621495,127.01445811532372
854822699,CU 미아진영점,convenience,서울 강북구 미아동 1339-6,서울 강북구 솔샘로 216,37.6198933779003,127.016648568031
2131276895,GS25 삼양사거리역점,convenience,서울 강북구 미아동 745-100,서울 강북구 삼양로 201,37.62174886815995,127.02014008000846
670359262,GS25 수유하이리움점,convenience,서울 강북구 수유동 87-1,서울 강북구 도봉로73길 19,37.6324430838854,127.022861926245
558839897,CU 미아사거리역점,convenience,서울 강북구 미아동 35-22,서울 강북구 도봉로 38,37.612335848207366,127.0304045157915
310939773,이마트24 R화계역점,convenience,서울 강북구 수유동 117-8,서울 강북구 덕릉로 46,37.634079128529,127.018557312327
16087301,CU 강북수유점,convenience,서울 강북구 수유동 2-1,서울 강북구 노해로 23,37.6377517273733,127.022668680059
938647192,CU 미아해링턴점,convenience,서울 강북구 미아동 1369,서울 강북구 오현로 45,37.61900948386932,127.0336693985952
1160854431,CU 419사거리점,convenience,서울 강북구 우이동 72-144,서울 강북구 삼양로139길 8,37.6494190957986,127.013321405844
737845710,CU 수유대원점,convenience,서울 강북구 수유동 50-24,서울 강북구 수유로12길 51,37.632617195928,127.02168715934
287748651,CU 강북태광점,convenience,서울 강북구 수유동 486-272,서울 강북구 인수봉로 108,37.629352373094356,127.0132271951259
20038038,GS25 삼각산SK점,convenience,서울 강북구 미아동 1353,서울 강북구 삼양로19길 157,37.6173437773744,127.015200445903
1122271735,GS25 미아위브점,convenience,서울 강북구 미아동 811-9,서울 강북구 삼양로27길 43,37.618598312119616,127.01894424209019
1475423997,CU 강북센터피스점,convenience,서울 강북구 미아동 482-11,서울 강북구 숭인로 53,37.6126987531439,127.027522195032
250213280,GS25 강북한천점,convenience,서울 강북구 번동 466-22,서울 강북구 한천로132길 84,37.6418942855139,127.031290135211
813889881,CU 미아북서울자이점,convenience,서울 강북구 미아동 788-1,서울 강북구 삼양로58길 29,37.62665947188115,127.01878203001495
16935998,CU 수유중앙점,convenience,서울 강북구 수유동 192-4,서울 강북구 한천로139길 46,37.63868473233222,127.02473667933288
799038875,CU 미아엄마손점,convenience,서울 강북구 미아동 1357-3,서울 강북구 삼양로19길 74,37.6163971709776,127.019112449486
1730204860,CU 우이하이츠점,convenience,서울 강북구 수유동 410-80,서울 강북구 인수봉로61길 18,37.6383667922493,127.012700819644
1641287538,GS25 미아벽산점,convenience,서울 강북구 미아동 1354-5,서울 강북구 솔샘로 167,37.6199498790373,127.011231958488
16086325,CU 광산사거리점,convenience,서울 강북구 수유동 181-42,서울 강북구 한천로150길 16,37.643344867002355,127.02355077166722
734790904,CU 미아미아점,convenience,서울 강북구 미아동 856-8,서울 강북구 월계로7길 48,37.6122214258618,127.033709376589
1855773080,CU 수유한신점,convenience,서울 강북구 수유동 441-69,서울 강북구 인수봉로 173,37.6352916935462,127.013033381596
1973359587,GS25 수유더오페라점,convenience,서울 강북구 수유동 45-2,서울 강북구 노해로 1,37.6357064618517,127.022819873968
21251728,세븐일레븐 수유메인점,convenience,서울 강북구 수유동 229-2,서울 강북구 도봉로87길 3,37.638103499996355,127.02519534601431
19207910,CU 수유번동점,convenience,서울 강북구 번동 461-80,서울 강북구 한천로132길 10,37.63941542698296,127.02873076792345
52868121,CU SK북한산시티점,convenience,서울 강북구 미아동 1353-5,서울 강북구 솔샘로 184,37.6199569218928,127.012849470456
891227969,GS25 수유승진점,convenience,서울 강북구 번동 443-113,서울 강북구 덕릉로 115,37.6351362378798,127.02664224278
563902716,이마트24 R강북래미안트리베라점,convenience,서울 강북구 미아동 813,서울 강북구 삼양로19길 25,37.613292791743774,127.02184237675402
1080176808,GS25 솔밭공원점,convenience,서울 강북구 우이동 71-36,서울 강북구 삼양로 533-28,37.65160409851792,127.0122248670317
2033062266,CU 에피소드수유점,convenience,서울 강북구 수유동 740,서울 강북구 도봉로 315,37.63687224706055,127.02327908231331
1769331916,GS25 수유명진점,convenience,서울 강북구 미아동 158-87,서울 강북구 덕릉로30길 19,37.6338525896242,127.025482805699
7950720,세븐일레븐 수유본점,convenience,서울 강북구 수유동 50-17,서울 강북구 도봉로71가길 45,37.633411837117606,127.02184033378607
1867893598,세븐일레븐 수유인텔리안점,convenience,서울 강북구 수유동 230-7,서울 강북구 도봉로 313,37.6364433474062,127.02343416415
776708298,GS25 수유오거리점,convenience,서울 강북구 수유동 134-58,서울 강북구 수유로 53,37.6357124608556,127.019513928187
19633836,GS25 수유삼성점,convenience,서울 강북구 번동 446-7,서울 강북구 도봉로82길 11,37.6358917506595,127.024390202869
1923446180,GS25 미아신일점,convenience,서울 강북구 미아동 207-6,서울 강북구 도봉로53길 8,37.62692946657271,127.02522895669267
498438992,CU 수유베니키아점,convenience,서울 강북구 수유동 273-77,서울 강북구 한천로 1163,37.64756545006513,127.01592614032657
936565305,CU 수유노해로점,convenience,서울 강북구 수유동 692-1,서울 강북구 노해로32길 17,37.64494383479512,127.02490871833439
1104817969,GS25 뉴수유한빛점,convenience,서울 강북구 수유동 484,서울 강북구 삼양로77길 51,37.6289331078291,127.015726181148
1013415109,CU 강북오패산로점,convenience,서울 강북구 미아동 245-32,서울 강북구 오패산로 271,37.6255327991783,127.029692830909
503061748,CU 미아대성점,convenience,서울 강북구 미아동 129-4,서울 강북구 도봉로34길 57,37.6226456402736,127.031227693535
1583508634,CU 미아으뜸점,convenience,서울 강북구 미아동 301-5,서울 강북구 도봉로49길 54,37.6246260049947,127.023475765118
1185447044,CU 우이천벚꽃점,convenience,서울 강북구 수유동 166-30,서울 강북구 도봉로101길 71,37.6446766268801,127.027246185442
1619081237,이마트24 마곡골든점,convenience,서울 강서구 마곡동 795-6,서울 강서구 마곡중앙6로 89,37.560044718977466,126.83720149559925
223587950,이마트24 화곡점,convenience,서울 강서구 화곡동 367-62,서울 강서구 가로공원로 238,37.53820052717271,126.84221389608237
554446599,이마트24 화곡사거리점,convenience,서울 강서구 화곡동 1048-49,서울 강서구 화곡로21길 16,37.541433264619,126.83687422728
787715273,이마트24 강서화곡마을점,convenience,서울 강서구 화곡동 457-47,서울 강서구 등촌로13바길 98,37.53442462194,126.855009101728
1809701745,이마트24 화곡까치점,convenience,서울 강서구 화곡동 1121-20,서울 강서구 까치산로 161,37.5517217354811,126.852614923574
1807593673,이마트24 마곡일성점,convenience,서울 강서구 마곡동 758-2,서울 강서구 마곡중앙로 161-22,37.5686383376435,126.825786503652
166093351,이마트24 공항주유소점,convenience,서울 강서구 개화동 567-11,서울 강서구 개화동로 420,37.5743424601342,126.802290636585
436996033,이마트24 뉴가양8단지점,convenience,서울 강서구 가양동 1482,서울 강서구 허준로 176,37.5625718011558,126.857976584974
16071081,인더라인 24시편의점,convenience,서울 강서구 등촌동 717,서울 강서구 양천로 470,37.5622666063897,126.85229987597
16297195,데이앤나잇편의점 화곡제일점,convenience,서울 강서구 화곡동 338-22,서울 강서구 강서로18길 15,37.53388051712472,126.8465313939566
1538622592,이마트24 R목동중앙점,convenience,서울 양천구 목동 231-81,서울 양천구 목동중앙본로20길 57,37.5410983867259,126.872224639324
1605930629,이마트24 양천홍이점,convenience,서울 양천구 신월동 115-17,서울 양천구 월정로 143,37.531674069237994,126.83718737865533
47102684,이마트24 양천강서고점,convenience,서울 양천구 목동 768-1,서울 양천구 목동중앙남로3길 3,37.5362213788572,126.867414148692
1157353822,이마트24 신월중앙점,convenience,서울 양천구 신월동 218-1,서울 양천구 남부순환로65길 12,37.5278225773989,126.835443343204
1361664778,이마트24 신월양강점,convenience,서울 양천구 신월동 491-8,서울 양천구 오목로 71,37.5229816836826,126.845589903114
351595656,이마트24 목동타워점,convenience,서울 양천구 목동 923-15,서울 양천구 목동서로 221,37.5275901450845,126.870986271122
1316841420,이마트24 신정오목로점,convenience,서울 양천구 신정동 944-1,서울 양천구 오목로 128,37.5240942765657,126.851807270867
872159829,이마트24 목동현대점,convenience,서울 양천구 목동 406-271,서울 양천구 오목로 337-10,37.5252577147956,126.875427154896
27260315,이마트24 상암디지털큐브점,convenience,서울 마포구 상암동 1647,서울 마포구 상암산로 34,37.5761679277162,126.889217888007
788342989,이마트24 원종소사로점,convenience,경기 부천시 오정구 원종동 241-14,경기 부천시 오정구 소사로808번길 43,37.5285086434601,126.807130427157
1556005026,이마트24 당산포레나점,convenience,서울 영등포구 당산동1가 391,서울 영등포구 당산로16길 11-1,37.5226126649164,126.897265555334
1078854602,이마트24 문래삼환점,convenience,서울 영등포구 문래동4가 43,서울 영등포구 도림로143길 30,37.51345365323074,126.88991352760792
395149192,이마트24 성산중앙점,convenience,서울 마포구 성산동 261-7,서울 마포구 월드컵로30가길 26,37.5610831648898,126.907727348289
1456694893,이마트24 R고척중앙점,convenience,서울 구로구 고척동 43-41,서울 구로구 경인로47길 126-5,37.50466822246551,126.86341319444196
867565918,이마트24 영등포KT점,convenience,서울 영등포구 영등포동8가 35-1,서울 영등포구 영중로 119,37.5265765024891,126.905201823592
1401333954,이마트24 원종미성점,convenience,경기 부천시 오정구 원종동 352,경기 부천시 오정구 삼작로410번길 59,37.5171745616101,126.807445783168
27260182,이마트24 신세계영등포제일점,convenience,서울 영등포구 영등포동4가 432-12,서울 영등포구 영중로3길 5,37.5167669292121,126.905879349391
2109469786,이마트24 R부천여월중앙점,convenience,경기 부천시 오정구 여월동 10-48,경기 부천시 오정구 소사로669번길 30,37.5171470048926,126.802758355041
624194254,이마트24 서교중앙점,convenience,서울 마포구 서교동 458-22,서울 마포구 월드컵북로5길 68,37.5561044053717,126.91513282451
298468738,이마트24 R궁동점,convenience,서울 구로구 궁동 140-3,서울 구로구 부일로17길 158-3,37.4988118324328,126.83017607143549
1855160768,이마트24 도당본점,convenience,경기 부천시 원미구 도당동 108-12,경기 부천시 원미구 삼작로280번길 8,37.5198386283418,126.79243591467
1038214349,이마트24 영등포점,convenience,서울 영등포구 영등포동3가 10,서울 영등포구 경인로 861,37.517172457801,126.90826783926
1865233302,이마트24 마포서교점,convenience,서울 마포구 서교동 354-14,서울 마포구 홍익로5길 36,37.5536033406275,126.920459202942
1455318914,이마트24 영등포어반점,convenience,서울 영등포구 영등포동2가 28-109,서울 영등포구 국회대로54길 55,37.5210124072346,126.910453166573
1120343961,이마트24 R홍대기숙사점,convenience,서울 마포구 상수동 72-1,서울 마포구 와우산로 94,37.54948504665585,126.9248419068511
27260469,이마트24 부천오정점,convenience,경기 부천시 오정구 오정동 585-19,경기 부천시 오정구 상오정로 17,37.52428069748374,126.78594827278683
1556670921,24시셀프할인편의점,convenience,서울 구로구 개봉동 107,서울 구로구 고척로27길 119,37.5070763153895,126.844930496499
184812686,알토란24시무인편의점,convenience,서울 구로구 개봉동 115-29,서울 구로구 고척로27길 62,37.5046320174641,126.846406937732
563711636,이마트24 개봉점,convenience,서울 구로구 개봉동 279-15,서울 구로구 개봉로12길 12,37.4880489321234,126.857120500018
1308515775,이마트24 중소기업중앙회점,convenience,서울 영등포구 여의도동 16-2,서울 영등포구 은행로 30,37.52815248220069,126.92268891679304
589461480,이마트24 R응암증산점,convenience,서울 은평구 응암동 593-1,서울 은평구 응암로9길 19,37.5875781936859,126.91421170723
402286656,이마트24 대림제일점,convenience,서울 영등포구 대림동 712-5,서울 영등포구 도림로39길 7-2,37.4939468533588,126.896859296218
587686999,이마트24 R신사카페점,convenience,서울 은평구 신사동 265-5,서울 은평구 갈현로3길 46-26,37.6018131765128,126.905083790273
569861529,이마트24 신사효성점,convenience,서울 은평구 신사동 14-29,서울 은평구 갈현로3길 21,37.6004639139401,126.907889363311
870822867,이마트24 부천신흥로점,convenience,경기 부천시 원미구 도당동 221-3,경기 부천시 원미구 신흥로 333,37.51352743442539,126.77490327467598
1616305245,CU 곰달래본점,convenience,서울 강서구 화곡동 797-22,서울 강서구 곰달래로 259,37.532282021247,126.861752895486
505007569,CU 시선호텔점,convenience,서울 강서구 외발산동 282-2,서울 강서구 남부순환로 188,37.5486378353677,126.819657762516
16709088,CU 화곡청산점,convenience,서울 강서구 화곡동 1074-17,서울 강서구 화곡로 158,37.5410832602327,126.839197990661
836024442,CU 마곡푸르지오점,convenience,서울 강서구 마곡동 773-1,서울 강서구 마곡중앙6로 10,37.5603851684756,126.828209679873
584808706,CU 뉴강서가로공원점,convenience,서울 강서구 화곡동 367-1,서울 강서구 가로공원로 218,37.53736265309893,126.84024465982179
185571068,GS25 강서퍼스트점,convenience,서울 강서구 마곡동 800-15,서울 강서구 마곡중앙2로 35,37.5579650319901,126.830662123677
1780642683,CU 마곡사이언스타점,convenience,서울 강서구 마곡동 774-9,서울 강서구 마곡중앙6로 42,37.559992428936305,126.83203267370821
850327889,CU 화곡더숨점,convenience,서울 강서구 화곡동 102-348,서울 강서구 초록마을로34길 57,37.538239496284135,126.84510698882306
592714825,GS25 등촌타운점,convenience,서울 강서구 염창동 312,서울 강서구 공항대로 543,37.5507261602351,126.86626132447
1688582218,GS25 강서하늘점,convenience,서울 강서구 방화동 904,서울 강서구 양천로10길 38,37.57094910361935,126.80761418928489
1732812117,GS25 마곡오드점,convenience,서울 강서구 마곡동 784-11,서울 강서구 강서로 429,37.563978734335976,126.83937063665216
699782662,GS25 가양테크노점,convenience,서울 강서구 등촌동 628-7,서울 강서구 화곡로68길 15,37.5594934114318,126.855267254758
1149117818,GS25 강서LG사이언스점,convenience,서울 강서구 마곡동 789,서울 강서구 마곡중앙10로 70,37.56291841437071,126.83555406678093
452814974,GS25 가양유니버스점,convenience,서울 강서구 가양동 1480-8,서울 강서구 양천로 461,37.5630458723246,126.85222363561
696677588,CU 염창트리타워점,convenience,서울 강서구 염창동 261-4,서울 강서구 양천로 738,37.5486653634395,126.87769786752
16852920,CU 등촌에이스에이존점,convenience,서울 강서구 등촌동 639-8,서울 강서구 화곡로68길 36,37.5585664648461,126.856150704198
204550768,CU 가양3단지점,convenience,서울 강서구 가양동 1475,서울 강서구 허준로 139,37.56444908377692,126.85542631628161
1593716164,CU 마곡디엠프라자점,convenience,서울 강서구 마곡동 782,서울 강서구 마곡중앙8로5길 63,37.566729061966036,126.8384094048103
465920608,CU 화곡보리수점,convenience,서울 강서구 화곡동 29-82,서울 강서구 까치산로14길 13,37.54559307150349,126.84828623557372
219079651,GS25 방화사거리점,convenience,서울 강서구 방화동 450-1,서울 강서구 양천로 77,37.5736778449273,126.812423863036
1865891920,세븐일레븐 코엑스마곡점,convenience,서울 강서구 마곡동 767,서울 강서구 마곡중앙로 143,37.5647749847906,126.825253333497
346898579,CU 마곡엠코점,convenience,서울 강서구 마곡동 776-4,서울 강서구 강서로 471,37.56746566567372,126.8407599313978
2052470908,GS25 등촌3동점,convenience,서울 강서구 등촌동 662-3,서울 강서구 화곡로63길 93,37.558502851973,126.847811880138
920854869,CU 화곡본동점,convenience,서울 강서구 화곡동 24-275,서울 강서구 초록마을로5길 25,37.5438268945542,126.84741625281
1610994183,GS25 화곡행복점,convenience,서울 강서구 화곡동 56-679,서울 강서구 초록마을로 83-2,37.5406431091232,126.851216689975
1640450871,GS25 강서위너스점,convenience,서울 강서구 화곡동 820-11,서울 강서구 곰달래로53길 96,37.5354921226818,126.857075290921
16093250,GS25 화곡풍년점,convenience,서울 강서구 화곡동 357-19,서울 강서구 곰달래로 61,37.53025018782993,126.83960138395075
1755355764,GS25 발산역점,convenience,서울 강서구 마곡동 723-2,서울 강서구 공항대로 271,37.5589661746752,126.837818401815
163901324,CU 마곡르웨스트점,convenience,서울 강서구 마곡동 767-4,서울 강서구 마곡중앙로 111,37.564077708115725,126.82715309610653
782369931,세븐일레븐 마곡로뎀점,convenience,서울 강서구 마곡동 799-1,서울 강서구 공항대로 186,37.558983888867466,126.82805105172174
116639821,CU 마곡퀸즈파크점,convenience,서울 강서구 마곡동 800-1,서울 강서구 공항대로 212,37.5588079099042,126.830973720121
1285652192,세븐일레븐 발산W타워점,convenience,서울 강서구 마곡동 800-4,서울 강서구 공항대로 222,37.55850978830373,126.83231328767792
352497556,GS25 마곡보타닉점,convenience,서울 강서구 마곡동 760,서울 강서구 마곡중앙5로 6,37.56706865325149,126.82690848456238
531419218,GS25 화곡월드점,convenience,서울 강서구 화곡동 1065-2,서울 강서구 강서로33길 27,37.5416174156656,126.838437591313
12296311,GS25 강서타운점,convenience,서울 강서구 화곡동 1111-2,서울 강서구 화곡로 346,37.5544096422854,126.852079986697
1710675134,GS25 화곡우정점,convenience,서울 강서구 화곡동 56-501,서울 강서구 초록마을로22길 24,37.53968130730956,126.85015952248008
17055708,CU 화곡정원점,convenience,서울 강서구 화곡동 1115-8,서울 강서구 공항대로46길 57,37.5535193629304,126.852004790489
31024368,CU 한강버스마곡점,convenience,서울 강서구 가양동 441,,37.5750844076838,126.844085460924
1753929447,GS25 뉴내발산점,convenience,서울 강서구 내발산동 718-20,서울 강서구 강서로45나길 59,37.55072158049413,126.83552202134402
1671396345,CU 나눔방화점,convenience,서울 강서구 방화동 796,서울 강서구 방화대로37길 15,37.5700147402463,126.815496113178
910416043,GS25 마곡7단지점,convenience,서울 강서구 마곡동 743-4,서울 강서구 마곡서로 133,37.566686657147955,126.82448483385075
56133003,세븐일레븐 마곡엠비즈타워점,convenience,서울 강서구 마곡동 798-8,서울 강서구 마곡중앙로 59-11,37.5588671905712,126.825276185605
1864123607,GS25 마곡랜드마크점,convenience,서울 강서구 마곡동 784-2,서울 강서구 강서로 455,37.5663376935911,126.840147712383
20171740,CU 강서지식산업센터점,convenience,서울 강서구 가양동 1498,서울 강서구 양천로 401,37.564826158141344,126.84860378008855
17042013,CU 강서스카이점,convenience,서울 강서구 화곡동 914-3,서울 강서구 강서로5나길 50,37.52867705887162,126.84570147857279
1300871160,이마트24 R관악신세계점,convenience,서울 관악구 신림동 1738,서울 관악구 난곡로 100,37.4645006297445,126.919613232436
2093034283,이마트24 R관악청룡점,convenience,서울 관악구 봉천동 1577-29,서울 관악구 청룡중앙길 12,37.4785628981915,126.947134404569
382069312,이마트24 관악초등학교점,convenience,서울 관악구 봉천동 929-7,서울 관악구 쑥고개로11길 29,37.4809663892755,126.94242033234
437165068,이마트24 숭실대형남공학관점,convenience,서울 동작구 상도동 511,서울 동작구 상도로 369,37.49577677769,126.956245828922
549263666,이마트24 SMART숭실대전산관점,convenience,서울 동작구 상도동 511,서울 동작구 상도로 369,37.4954860055128,126.959481297651
410372806,이마트24 숭실대라운지점,convenience,서울 동작구 상도동 511,서울 동작구 상도로 369,37.4966361779891,126.958294419404
436291783,이마트24 숭실대조만식기념관점,convenience,서울 동작구 상도동 511,서울 동작구 상도로 369,37.4971965931607,126.958263574693
1213231878,이마트24 동작사당점,convenience,서울 동작구 사당동 1044-9,서울 동작구 동작대로1길 45,37.47723392277373,126.9787998690914
3961474,이마트24 신대방역점,convenience,서울 동작구 신대방동 692-65,서울 동작구 신대방길 5,37.4877378476709,126.912270377569
1681768035,이마트24 남도학숙점,convenience,서울 동작구 대방동 20-112,서울 동작구 여의대방로44길 46,37.50871688215651,126.92830415864536
531658380,이마트24 금천르네상스점,convenience,서울 금천구 독산동 953,서울 금천구 시흥대로152길 11-43,37.4785464055922,126.900571785084
935436641,이마트24 구로MS점,convenience,서울 구로구 구로동 1130-1,서울 구로구 시흥대로163길 15,37.4815104042606,126.899130843457
1290600801,이마트24 뉴가산지웰점,convenience,서울 금천구 가산동 143-6,서울 금천구 가산로9길 12-8,37.4774170148629,126.890899119444
473034291,이마트24 대림다사랑점,convenience,서울 영등포구 대림동 1034-5,서울 영등포구 디지털로53가길 2-2,37.4912571072757,126.900786745638
314691162,이마트24 가산점,convenience,서울 구로구 가리봉동 136-72,서울 구로구 남부순환로105가길 16,37.4796234887259,126.892761382667
1762131331,이마트24 R구로신성점,convenience,서울 구로구 구로동 1274,서울 구로구 시흥대로161길 50,37.48000549843253,126.89678801370755
2138018286,이마트24 R벽산밸리점,convenience,서울 구로구 구로동 212-13,서울 구로구 디지털로 271,37.483307567433,126.893597316596
1983187531,이마트24 R가산하이엔드점,convenience,서울 금천구 가산동 219-6,서울 금천구 벚꽃로24길 26,37.47382202212524,126.889001711847
589088882,이마트24 가산대명벨리온점,convenience,서울 금천구 가산동 776,서울 금천구 가산디지털2로 127-33,37.47851049212571,126.87766418812828
923041378,이마트24 광명하안9단지점,convenience,경기 광명시 하안동 13-2,경기 광명시 안현로 51,37.466210631203246,126.87749432808562
1044686898,이마트24 이태원해밀턴점,convenience,서울 용산구 이태원동 119-4,서울 용산구 이태원로 173,37.53467561823804,126.9933031272648
299993471,이마트24 R현대테라타워광명점,convenience,경기 광명시 하안동 303,경기 광명시 오리로651번길 8,37.4591078480109,126.87566243
1955359637,이마트24 R이태원피닉스점,convenience,서울 용산구 이태원동 112-1,서울 용산구 이태원로27길 13,37.5351784630059,126.995054531631
100220797,이마트24 안양석수자이점,convenience,경기 안양시 만안구 석수동 484,경기 안양시 만안구 연현로1번길 76,37.4270118889268,126.901435354457
1409824132,이마트24 안양예술공원로점,convenience,경기 안양시 만안구 안양동 14-1,경기 안양시 만안구 예술공원로 101,37.41722399579015,126.91775016238294
274420373,이마트24 R이태원점,convenience,서울 용산구 이태원동 226-3,서울 용산구 회나무로26길 12,37.5395598094885,126.991278448745
107624404,이마트24 이태원제일점,convenience,서울 용산구 한남동 737-4,서울 용산구 이태원로 227,37.5356353683667,126.99885498867
553697799,이마트24 R과천지정타점,convenience,경기 과천시 갈현동 63,경기 과천시 과천대로6나길 175,37.410867647862,126.982892890539
12296296,GS25 더관악점,convenience,서울 관악구 신림동 1433-51,서울 관악구 남부순환로 1599-3,37.48443745102161,126.92828779297972
608089323,CU 신림테라스점,convenience,서울 관악구 신림동 1515-5,서울 관악구 호암로26길 47,37.4704862715863,126.936233499161
1485693166,CU 봉천두산점,convenience,서울 관악구 봉천동 924-1,서울 관악구 봉천로33길 8,37.4835448803728,126.943885934736
1246344323,GS25 관악드림타운점,convenience,서울 관악구 봉천동 1712-1,서울 관악구 구암길 98,37.4917428535002,126.947147732239
19429144,세븐일레븐 신림패션점,convenience,서울 관악구 신림동 1431-1,서울 관악구 신림로 373,37.4874208494432,126.928552918632
263214912,CU 신림역최강점,convenience,서울 관악구 신림동 1745,서울 관악구 남부순환로180길 6,37.48385954014406,126.93069663551884
12296237,GS25 신림성화점,convenience,서울 관악구 신림동 1587-2,서울 관악구 남부순환로 1578,37.4835268868349,126.925942569431
27168613,CU 관악남현점,convenience,서울 관악구 남현동 1061-22,서울 관악구 과천대로 945,37.47497012414194,126.98140635471708
1957869890,GS25 서울대중앙도서관점,convenience,서울 관악구 신림동 산 56-1,서울 관악구 관악로 1,37.45923567155005,126.9522003735257
292392510,GS25 뉴신림사랑점,convenience,서울 관악구 신림동 1431-25,서울 관악구 신림동1길 21,37.48652073140966,126.92853455408209
12296363,GS25 신림타운점,convenience,서울 관악구 신림동 1421-35,서울 관악구 신림로64길 23,37.4851986329716,126.931028947081
469095248,GS25 당곡역점,convenience,서울 관악구 신림동 1429-1,서울 관악구 신림로 391,37.48910436512771,126.92778354840642
20038138,GS25 신림석류점,convenience,서울 관악구 신림동 477-8,서울 관악구 신사로22길 48,37.4871437578651,126.918091926512
16908545,CU 관악사랑점,convenience,서울 관악구 신림동 247-2,서울 관악구 대학길 52,37.46838944395164,126.93759178386901
1865346803,GS25 관악은혜점,convenience,서울 관악구 신림동 94-95,서울 관악구 신림로36길 22,37.4758539590861,126.938634711175
1887113415,GS25 은천삼성점,convenience,서울 관악구 봉천동 941-4,서울 관악구 은천로 42,37.4860081378143,126.940016018612
38270961,CU 관악하늘점,convenience,서울 관악구 봉천동 179-58,서울 관악구 인헌길 68,37.4723655804212,126.966353532212
12296241,GS25 관악봉천점,convenience,서울 관악구 봉천동 876-1,서울 관악구 관악로17길 25,37.4807248800642,126.950271442435
20037890,GS25 남현태양점,convenience,서울 관악구 남현동 1054-37,서울 관악구 남부순환로260길 36,37.4746196637453,126.972361201755
285007113,CU 관악킹점,convenience,서울 관악구 신림동 1486-3,서울 관악구 남부순환로142길 18,37.4801469529126,126.911198402548
2062438897,GS25 관악성지점,convenience,서울 관악구 신림동 94-36,서울 관악구 쑥고개로 2,37.4769761225101,126.937689785204
1157819208,GS25 신림트라움점,convenience,서울 관악구 신림동 1433-55,서울 관악구 신림로65길 27,37.4846995185159,126.928080630741
12296370,GS25 관악한일점,convenience,서울 관악구 남현동 602-11,서울 관악구 승방2길 2,37.4739835073418,126.981337638383
162127467,CU 관악동아타운점,convenience,서울 관악구 봉천동 7-312,서울 관악구 관악로37길 15,37.4889303534886,126.957145360054
16332779,CU 신림에코리움점,convenience,서울 관악구 신림동 1638-1,서울 관악구 신원로 35,37.482196272436695,126.92916730199876
1538182503,세븐일레븐 서울대정문점,convenience,서울 관악구 신림동 808-124,서울 관악구 신림로 1,37.46688874922307,126.9476739127923
23610722,세븐일레븐 사당역점,convenience,서울 관악구 남현동 1061-2,서울 관악구 남현1길 66,37.47570350441409,126.98114275954035
1273614997,CU 뉴관악리베로점,convenience,서울 관악구 신림동 1458-23,서울 관악구 신림동길 32-1,37.4870195824091,126.925128409658
17042009,CU 낙성대역점,convenience,서울 관악구 봉천동 1632-10,서울 관악구 봉천로 604-1,37.4758789040161,126.964257080313
878273279,GS25 관악미래점,convenience,서울 관악구 신림동 1563-66,서울 관악구 미성길 27,37.47466665590456,126.91562745797046
17056432,GS25 관악보라매점,convenience,서울 관악구 봉천동 702-108,서울 관악구 보라매로3길 17,37.491385597007834,126.92613382598987
8003790,GS25 봉천근화점,convenience,서울 관악구 봉천동 196-129,서울 관악구 낙성대역8길 1,37.4745235097322,126.963357838098
1107135337,GS25 관악남현로점,convenience,서울 관악구 남현동 1086-40,서울 관악구 남부순환로272길 42,37.4746740760313,126.978369866153
1219806070,CU 서울대이편한세상점,convenience,서울 관악구 봉천동 1730-1,서울 관악구 청룡16길 43,37.47682485933749,126.94326689786237
209888930,GS25 뉴관악서원점,convenience,서울 관악구 신림동 11-18,서울 관악구 남부순환로 1626-1,37.4841968874615,126.931330622919
2074461872,GS25 신대방노블점,convenience,서울 관악구 신림동 529-13,서울 관악구 난곡로 332,37.4836200147127,126.914418902976
16624137,CU 신대방역점,convenience,서울 관악구 신림동 516-28,서울 관악구 난곡로 360,37.486230785151015,126.91393538236987
536130783,GS25 유신림마음점,convenience,서울 관악구 신림동 1640-47,서울 관악구 신림로59길 6,37.4830713413376,126.929484185975
12296298,GS25 신림서부점,convenience,서울 관악구 신림동 1637-26,서울 관악구 신원로 34,37.4817701368887,126.92923667216
1750809006,이마트24 신림에이스점,convenience,서울 관악구 신림동 1432-135,서울 관악구 신림동5길 33,37.4857354336976,126.92768050735
1451196026,CU 관악뉴포레점,convenience,서울 관악구 신림동 1644-1,서울 관악구 조원로 5-14,37.4840406515236,126.903708856696
16790378,CU 낙성대입구점,convenience,서울 관악구 봉천동 1628-3,서울 관악구 낙성대로 9,37.4775388755066,126.959630048065
16091309,CU 관악블루점,convenience,서울 관악구 봉천동 898-1,서울 관악구 남부순환로214길 46,37.4796640098925,126.94731000083
12296306,GS25 봉천번영점,convenience,서울 관악구 봉천동 1617-1,서울 관악구 관악로14가길 45,37.47644989779697,126.95556407724865
1464411799,GS25 서원성당점,convenience,서울 관악구 신림동 92-32,서울 관악구 신림로46길 1,37.47819831308544,126.9335045404696
312551436,이마트24 중곡아차산점,convenience,서울 광진구 중곡동 102-11,서울 광진구 영화사로3가길 25,37.55740060499504,127.09365338817292
681004303,이마트24 군자CGV점,convenience,서울 광진구 군자동 1-1,서울 광진구 능동로 285,37.5555080444567,127.078199452952
1949464201,제일24시편의점,convenience,서울 광진구 중곡동 117-21,서울 광진구 천호대로125길 14,37.554989749769,127.087502833785
976113781,이마트24 장안쉐르빌점,convenience,서울 동대문구 장안동 383-3,서울 동대문구 장한로21길 16,37.5702133514314,127.069311985218
18612524,땡큐24시편의점,convenience,서울 동대문구 답십리동 960-7,서울 동대문구 황물로15길 8,37.565197499541284,127.05759463416238
752238793,이마트24 면목사랑점,convenience,서울 중랑구 면목동 428-4,서울 중랑구 면목로56길 30,37.5839053191564,127.089993463262
2014405361,이마트24 용산한남점,convenience,서울 용산구 한남동 788-7,서울 용산구 한남대로40길 25,37.5430920029059,127.003362957082
1109808108,CU 구의가락점,convenience,서울 광진구 구의동 249-18,서울 광진구 광나루로36길 69,37.5418102590107,127.08584671441675
16331408,GS25 광진팰리스점,convenience,서울 광진구 자양동 854,서울 광진구 뚝섬로34길 67,37.53213731302617,127.06751064809377
956816422,CU 한강버스뚝섬점,convenience,서울 광진구 자양동 126-1,서울 광진구 강변북로 2216,37.52880142270629,127.06659918296415
217900261,GS25 광진세종점,convenience,서울 광진구 군자동 103,서울 광진구 군자로 108,37.55272597603247,127.07220763098172
1895206837,이마트24 건대점,convenience,서울 광진구 화양동 47-1,서울 광진구 아차산로29길 41,37.54281243279742,127.06895054230537
17056365,GS25 건국점,convenience,서울 광진구 화양동 495-17,서울 광진구 광나루로24길 14,37.54566231279,127.07624623503
726573274,GS25 한강르네상스 뚝섬1점,convenience,서울 광진구 자양동 427-13,서울 광진구 강변북로 2260,37.52883154708936,127.07207145842207
27498638,GS25 광장학산점,convenience,서울 광진구 광장동 110,서울 광진구 아차산로78길 72,37.5512864482048,127.110328819334
963828811,GS25 뉴광진미소점,convenience,서울 광진구 화양동 93-1,서울 광진구 광나루로20길 40,37.5452808358944,127.073970239871
17056428,GS25 구의법원점,convenience,서울 광진구 구의동 246-3,서울 광진구 아차산로 395,37.5374850576136,127.086398434964
1156952450,CU 아차산본점,convenience,서울 광진구 구의동 26-20,서울 광진구 자양로 314,37.553270505427,127.093562210471
1038465155,CU 광진이스트폴점,convenience,서울 광진구 자양동 870,서울 광진구 뚝섬로 717,37.53422134014274,127.08921754368866
1106989996,GS25 광진자양본점,convenience,서울 광진구 자양동 227-262,서울 광진구 자양번영로 71,37.53599903331588,127.07633596209384
16793236,CU 중곡본점,convenience,서울 광진구 중곡동 162-4,서울 광진구 능동로 337-1,37.5598194521649,127.080674676819
1840942666,CU 군자본점,convenience,서울 광진구 군자동 468-1,서울 광진구 동일로60길 40,37.5578154749222,127.075466378236
12296692,GS25 건대제일점,convenience,서울 광진구 화양동 49-1,서울 광진구 아차산로25길 7,37.54185603567612,127.06657118987098
1616751459,이마트24 광나루역점,convenience,서울 광진구 광장동 580,서울 광진구 천호대로 808,37.544736944987,127.10352521334792
298805020,GS25 자양롯데점,convenience,서울 광진구 자양동 236,서울 광진구 동일로10길 46,37.5374507401029,127.063864212237
27498683,GS25 구의동국점,convenience,서울 광진구 구의동 235-11,서울 광진구 광나루로36길 28,37.5437200361298,127.086315105273
27498690,GS25 광진대성점,convenience,서울 광진구 중곡동 252-23,서울 광진구 동일로66길 9,37.5617616236385,127.07580537972
484778970,GS25 군자동주민센터점,convenience,서울 광진구 군자동 48-14,서울 광진구 면목로 17,37.5556864017161,127.075492524566
1684644063,GS25 광진아차산점,convenience,서울 광진구 구의동 33-59,서울 광진구 자양로50길 18,37.5519678699052,127.093300295512
12296596,GS25 뉴화양타운점,convenience,서울 광진구 화양동 33-20,서울 광진구 능동로13길 89,37.5453535454692,127.06844367131963
1139900614,세븐일레븐 건대더포디엄점,convenience,서울 광진구 자양동 8-8,서울 광진구 아차산로 212,37.5408143656086,127.066773935907
1403597058,GS25 광진캠퍼스점,convenience,서울 광진구 화양동 21-20,서울 광진구 동일로 178,37.5477252431419,127.067978482116
1280707367,GS25 중곡역점,convenience,서울 광진구 중곡동 220-77,서울 광진구 긴고랑로13길 77,37.5658650566563,127.083384151567
54342053,GS25 군자역오피스점,convenience,서울 광진구 중곡동 639-5,서울 광진구 천호대로 533,37.5581491055322,127.077838913408
1976678291,CU 뉴광진구의로점,convenience,서울 광진구 구의동 210-1,서울 광진구 아차산로63길 27,37.5405044757307,127.092136398087
20435214,CU 중곡중마점,convenience,서울 광진구 중곡동 190-28,서울 광진구 동일로72길 9,37.5661028719774,127.078186757183
2100387202,GS25 S2건대메트로점,convenience,서울 광진구 화양동 7-3,서울 광진구 아차산로 243,37.54041924749129,127.06917350818877
16088437,CU 구의공원점,convenience,서울 광진구 구의동 215-1,서울 광진구 광나루로54길 83,37.537614930720665,127.09446592072409
106389374,GS25 구의한양점,convenience,서울 광진구 구의동 599-8,서울 광진구 구의강변로 22,37.5329056341261,127.091887194112
12296697,GS25 노유점,convenience,서울 광진구 자양동 6-39,서울 광진구 동일로20길 78,37.5401353751078,127.067718134489
619540426,GS25 구의파크점,convenience,서울 광진구 구의동 65-10,서울 광진구 광나루로37길 21,37.54591988136624,127.08806934171209
1980127015,GS25 광진구의점,convenience,서울 광진구 구의동 242-82,서울 광진구 자양로18길 65,37.53836747149143,127.08716885612314
25757414,GS25 광진진넥스점,convenience,서울 광진구 구의동 201-8,서울 광진구 광나루로 604,37.541555465726944,127.0950117602704
1885000080,GS25 건대동문회관점,convenience,서울 광진구 자양동 227-336,서울 광진구 아차산로36길 5,37.538454344618096,127.07479399965946
16622343,CU 세종대후문점,convenience,서울 광진구 군자동 149-6,서울 광진구 군자로 127,37.5536720555164,127.073615254957
634109623,GS25 광진타워점,convenience,서울 광진구 자양동 779-5,서울 광진구 아차산로 355,37.5373057545632,127.082627075118
16086877,CU 구의푸른점,convenience,서울 광진구 구의동 72-1,서울 광진구 천호대로136길 16,37.54876013323889,127.09122880528652
1939663609,GS25 군자조이점,convenience,서울 광진구 군자동 354,서울 광진구 동일로34길 8,37.5500114098071,127.068957173315
27580023,GS25 노유타운점,convenience,서울 광진구 자양동 52-163,서울 광진구 동일로4길 50-2,37.5356975674954,127.063541389623
1040297232,GS25 광진아차산역점,convenience,서울 광진구 구의동 76-1,서울 광진구 천호대로 666,37.5514123081737,127.089347803645
1329711482,GS25 뚝섬유원지점,convenience,서울 광진구 자양동 553-376,서울 광진구 능동로4길 17,37.5334133041378,127.068771046839
964908487,이마트24 R광명옥길점,convenience,경기 광명시 옥길동 95-2,경기 광명시 금오로 825,37.4725529425364,126.839240914114
707875521,24시 무인먹구편의점 괴안점,convenience,경기 부천시 소사구 괴안동 184-10,경기 부천시 소사구 경인로562번길 29,37.4854353015684,126.817946442916
1225443898,24시먹꺼리,convenience,서울 강서구 화곡동 464-11,서울 강서구 등촌로13바길 68,37.5352371695726,126.856357321227
1281611092,인더라인25,convenience,서울 강서구 화곡동 799-10,서울 강서구 곰달래로 245,37.5320730432877,126.860267780012
857795521,GS25 개봉베스트점,convenience,서울 구로구 개봉동 481,서울 구로구 개봉로20길 6,37.492185650131766,126.8565381854964
16938236,CU 구로태평양점,convenience,서울 구로구 구로동 197-21,서울 구로구 디지털로31길 12,37.4851900197919,126.894879090835
1189698884,GS25 구로이앤씨2차점,convenience,서울 구로구 구로동 197-10,서울 구로구 디지털로33길 55,37.4867588295297,126.893044034316
943846411,CU 신도림자이점,convenience,서울 구로구 구로동 42,서울 구로구 새말로18길 64,37.5036471615604,126.891908222639
1140178884,CU 개봉세이지움점,convenience,서울 구로구 개봉동 503,서울 구로구 개봉로19길 11,37.492687359747876,126.85567443692668
1995159829,GS25 신도림크라운빌점,convenience,서울 구로구 신도림동 419-4,서울 구로구 경인로63길 11,37.507723081941705,126.88499073060066
20689379,GS25 구로개봉점,convenience,서울 구로구 개봉동 62-19,서울 구로구 고척로19길 16,37.5019843850845,126.845348160919
1592519113,GS25 대륭포스트타워8차점,convenience,서울 구로구 구로동 235-3,서울 구로구 디지털로26길 43,37.481007132123,126.894422531715
932510933,GS25 오류행복점,convenience,서울 구로구 오류동 357,서울 구로구 경인로20가길 68,37.4961663749699,126.847956561733
16075250,CU 구로디지털단지역점,convenience,서울 구로구 구로동 1125-3,서울 구로구 디지털로32길 97-22,37.4837936261581,126.90134385085
1322316761,GS25 구일우성점,convenience,서울 구로구 구로동 1259,서울 구로구 구일로2길 60,37.4897061269513,126.876518584062
185698555,CU 구일퀸즈파크점,convenience,서울 구로구 구로동 651-2,서울 구로구 구일로 130,37.49650999514315,126.8717883749367
25757225,GS25 오류행운점,convenience,서울 구로구 오류동 4-1,서울 구로구 경인로15길 80-4,37.4972158765775,126.837016822694
16505175,GS25 남구로점,convenience,서울 구로구 구로동 770-32,서울 구로구 도림로 41-1,37.4879234765798,126.888755838615
293584211,세븐일레븐 구로스타점,convenience,서울 구로구 구로동 603-9,서울 구로구 경인로 572,37.5033051905389,126.881083305471
1106411671,GS25 궁동본점,convenience,서울 구로구 궁동 279-11,서울 구로구 오리로 1310,37.4984258935521,126.829336708165
1590745751,GS25 구로으뜸점,convenience,서울 구로구 오류동 245-1,서울 구로구 오리로13길 64,37.48833566569776,126.83068599931119
16907308,CU 오류현대점,convenience,서울 구로구 오류동 46-1,서울 구로구 경인로20나길 30,37.49483275182367,126.84168096821311
16331355,CU 구로파트너점,convenience,서울 구로구 구로동 1128-3,서울 구로구 디지털로32가길 16,37.4828795369707,126.898663180191
22014319,CU 고척리가점,convenience,서울 구로구 고척동 41-3,서울 구로구 중앙로14길 23,37.5069035798351,126.862606112178
12296593,GS25 고척점,convenience,서울 구로구 고척동 62-98,서울 구로구 경인로47길 10,37.500146769697935,126.86718053439323
123215096,CU 신도림아르디에점,convenience,서울 구로구 신도림동 695,서울 구로구 경인로66길 19,37.5073834788999,126.88788097450924
19183854,CU 천왕역점,convenience,서울 구로구 오류동 217-1,서울 구로구 오리로9길 6,37.4882879707139,126.836484430821
12296738,GS25 신구로점,convenience,서울 구로구 구로동 97-3,서울 구로구 가마산로 282,37.496498359780304,126.89166521832067
25757579,GS25 오류동역점,convenience,서울 구로구 오류동 138-27,서울 구로구 서해안로 2356,37.4939121178846,126.845916639164
26504036,GS25 구로오류점,convenience,서울 구로구 오류동 168-7,서울 구로구 오류로 54,37.489662388397,126.840054570683
202014137,GS25 고척으뜸점,convenience,서울 구로구 고척동 195-13,서울 구로구 고척로 228-6,37.505819910662,126.858233455471
1539485094,GS25 디지털오거리점,convenience,서울 구로구 가리봉동 127-14,서울 구로구 남부순환로105길 58,37.47978531164,126.889439475156
2091376330,GS25 구로중앙로점,convenience,서울 구로구 고척동 76-22,서울 구로구 중앙로3길 12,37.5002284611617,126.862973446012
12296590,GS25 포스빌점,convenience,서울 구로구 구로동 26,서울 구로구 새말로 102,37.505495531706,126.891371735863
1460403684,GS25 구로행운점,convenience,서울 구로구 개봉동 310-30,서울 구로구 서해안로34가길 11-29,37.4945642291788,126.849947779344
12296640,GS25 신도림점,convenience,서울 구로구 구로동 33-1,서울 구로구 공원로6가길 52,37.5036707074121,126.890085095611
1412128830,GS25 개봉프레시점,convenience,서울 구로구 개봉동 128-20,서울 구로구 경인로31길 98,37.5014604977284,126.848513547741
153512230,CU 개봉북부점,convenience,서울 구로구 개봉동 493,서울 구로구 개봉로23가길 10,37.49523445333216,126.85711472785145
1544569927,CU 구로포스큐점,convenience,서울 구로구 구로동 106-2,서울 구로구 공원로 11,37.49829525766384,126.89198378956854
671762462,세븐일레븐 구로공단역점,convenience,서울 구로구 구로동 1124-44,서울 구로구 디지털로32나길 35,37.4847483494007,126.900931033098
16383759,GS25 구로화원점,convenience,서울 구로구 구로동 486-53,서울 구로구 구로동로 217,37.49798872463704,126.88235038952965
12296683,GS25 구로사랑점,convenience,서울 구로구 신도림동 337,서울 구로구 경인로 661,37.5094492985142,126.887687870294
777948320,GS25 구로거성점,convenience,서울 구로구 개봉동 339-10,서울 구로구 개봉로15길 60,37.4900031318381,126.85265033697
12296634,GS25 구로미성점,convenience,서울 구로구 신도림동 399,서울 구로구 구로중앙로 228,37.5061405691255,126.876609142851
12296691,GS25 개봉가늠점,convenience,서울 구로구 개봉동 118-26,서울 구로구 고척로27길 51,37.504198604528,126.846384075499
12296737,GS25 구로디지탈점,convenience,서울 구로구 구로동 184-1,서울 구로구 디지털로33길 12,37.486312079627,126.896243391394
76248343,GS25 신구로자이점,convenience,서울 구로구 구로동 519-4,서울 구로구 구로중앙로32길 14,37.4992688236657,126.884860075839
27168680,CU 구로오퍼스점,convenience,서울 구로구 구로동 611-26,서울 구로구 구로중앙로 207,37.504538998211395,126.87700761614771
1364390612,이마트24 R광명중앙대병원점,convenience,경기 광명시 일직동 501,경기 광명시 덕안로 110,37.4245976173998,126.885912218719
1612056343,GS25 가산V1점,convenience,서울 금천구 가산동 371-41,서울 금천구 가산디지털1로 171,37.4809630895856,126.880354429969
605994425,CU 시흥사거리역점,convenience,서울 금천구 시흥동 890-2,서울 금천구 시흥대로56길 8,37.4522777941739,126.902089358508
1944686268,GS25 시흥IC점,convenience,서울 금천구 독산동 143-12,서울 금천구 시흥대로 487,37.4771019750267,126.898321641948
12296728,GS25 가산스타점,convenience,서울 금천구 가산동 60-11,서울 금천구 디지털로9길 99,37.4819515176164,126.88491152793
694812143,GS25 가산테라타워점,convenience,서울 금천구 가산동 219-5,서울 금천구 디지털로10길 78,37.4745325917964,126.88961452892
1040936996,GS25 금천무지개점,convenience,서울 금천구 독산동 1071,서울 금천구 시흥대로84마길 21,37.4622483759032,126.900983332852
12296726,GS25 금천중앙점,convenience,서울 금천구 독산동 286-8,서울 금천구 시흥대로 406,37.4696200730154,126.898418820566
857167783,GS25 가산아스크점,convenience,서울 금천구 가산동 60-9,서울 금천구 디지털로10길 37,37.47651469039057,126.88948386244914
719909744,CU 뉴금천가산점,convenience,서울 금천구 가산동 146-16,서울 금천구 남부순환로112길 32,37.47757049944506,126.89421595234712
17056423,GS25 S가산디지털단지역점,convenience,서울 금천구 가산동 468-4,서울 금천구 벚꽃로 309,37.48153297420787,126.8825966658131
428350139,CU 가산DK점,convenience,서울 금천구 가산동 459-14,서울 금천구 가산디지털2로 144,37.4810278017614,126.879310774155
12296629,GS25 금천패션점,convenience,서울 금천구 가산동 60-21,서울 금천구 디지털로9길 33,37.4790803285904,126.886177659038
19925447,GS25 가산하이힐점,convenience,서울 금천구 가산동 143-44,서울 금천구 디지털로12길 21,37.4776926276984,126.889824687308
835244185,GS25 가산SKV1점,convenience,서울 금천구 가산동 371-36,서울 금천구 가산디지털1로 136,37.4778743426184,126.883877663717
19207878,CU 독산마차길점,convenience,서울 금천구 독산동 330-1,서울 금천구 두산로 50,37.4700265893834,126.893485012774
13054495,GS25 금천한빛점,convenience,서울 금천구 시흥동 799-36,서울 금천구 독산로40길 45,37.460948519444,126.906898815261
1911403718,CU 금천프라임점,convenience,서울 금천구 독산동 145-8,서울 금천구 시흥대로 473,37.47591168662638,126.89825768365522
19040312,GS25 가산디폴리스점,convenience,서울 금천구 가산동 543-1,서울 금천구 서부샛길 606,37.479687633632,126.877204380433
1222206036,CU 독산AK점,convenience,서울 금천구 독산동 910-6,서울 금천구 독산로72길 50,37.4683385431345,126.904551945406
2082049876,GS25 가산하이엔드점,convenience,서울 금천구 가산동 481-2,서울 금천구 가산디지털1로 233,37.4857654856956,126.878610045818
792363097,CU 독산원룸점,convenience,서울 금천구 독산동 336-17,서울 금천구 가산로3길 137,37.4718955348809,126.887911394184
1107213797,CU 금천승리점,convenience,서울 금천구 시흥동 953,서울 금천구 시흥대로26길 11,37.4421993434551,126.904648439154
2145734224,세븐일레븐 월드메르디앙점,convenience,서울 금천구 가산동 426-5,서울 금천구 가산디지털2로 123,37.4787269121905,126.878710747666
632071266,GS25 시흥사거리점,convenience,서울 금천구 시흥동 999-47,서울 금천구 시흥대로 235,37.4548052746142,126.900102536619
1335187887,GS25 가산골드타워점,convenience,서울 금천구 가산동 345-2,서울 금천구 가산디지털1로 100,37.4747028320283,126.88484124691
12296729,GS25 트윈테크점,convenience,서울 금천구 가산동 345-9,서울 금천구 가산디지털1로 119,37.47623651051581,126.8831690898664
1048858561,CU 독산2호점,convenience,서울 금천구 독산동 288-6,서울 금천구 시흥대로 409,37.4701934133072,126.897719428755
484290757,이마트24 금천유진점,convenience,서울 금천구 가산동 235-57,서울 금천구 두산로5길 58,37.4731254957695,126.89088726977
1564910172,GS25 금천주원점,convenience,서울 금천구 독산동 295-6,서울 금천구 시흥대로123길 47,37.47144758927382,126.89562409789174
153851662,CU 독산롯데캐슬점,convenience,서울 금천구 독산동 1005-1,서울 금천구 범안로12길 44,37.4647492532547,126.892362135398
2133236594,GS25 금천벽산하이퍼점,convenience,서울 금천구 시흥동 1010,서울 금천구 금하로 793,37.45349744340793,126.91957528112914
20037773,GS25 가산두산점,convenience,서울 금천구 독산동 335-14,서울 금천구 가산로3길 113,37.4718608752179,126.889376537097
1635191134,GS25 가산하이엔드7차점,convenience,서울 금천구 가산동 345-33,서울 금천구 가산디지털2로 67,37.4742215733547,126.881081918801
27260286,이마트24 가산GBC점,convenience,서울 금천구 가산동 371-6,서울 금천구 가산디지털1로 165,37.48012840197814,126.88089618572849
16646328,CU 독산우시장점,convenience,서울 금천구 독산동 1007-3,서울 금천구 범안로 1206,37.466323650693,126.895746521419
913844649,GS25 금천벚꽃점,convenience,서울 금천구 독산동 1002,서울 금천구 벚꽃로18길 36,37.46803498061141,126.8910958825639
944818403,GS25 시흥5동점,convenience,서울 금천구 시흥동 827,서울 금천구 금하로23길 20,37.452038123772,126.908846977279
1515616453,GS25 독산두산로점,convenience,서울 금천구 독산동 1133,서울 금천구 두산로 36,37.4702450108287,126.891915642028
1159245867,세븐일레븐 가산푸르지오시티점,convenience,서울 금천구 가산동 139-3,서울 금천구 벚꽃로56길 182,37.4795437070845,126.888338639085
12296677,GS25 뉴시흥대로점,convenience,서울 금천구 독산동 1009-31,서울 금천구 시흥대로 349,37.464699504266235,126.89720468522606
19205962,CU 가산디폴리스점,convenience,서울 금천구 가산동 543-1,서울 금천구 서부샛길 606,37.4796115159013,126.876788448533
12296582,GS25 가리봉역점,convenience,서울 금천구 가산동 60-15,서울 금천구 벚꽃로 286,37.4802421635912,126.883846865316
1541463405,세븐일레븐 독산역점,convenience,서울 금천구 가산동 715,서울 금천구 범안로 1138,37.4657943501824,126.888395263227
2115856936,GS25 금천햇빛점,convenience,서울 금천구 독산동 1075-23,서울 금천구 시흥대로80길 17,37.4591017350377,126.900616750181
1793985257,이마트24 이마트월계점,convenience,서울 노원구 월계동 333-1,서울 노원구 마들로3길 15,37.62650773942647,127.06197830461335
1591870797,CU 노원보미점,convenience,서울 노원구 상계동 706-2,서울 노원구 상계로 32,37.6550607064147,127.058712223571
1121335605,GS25 상계6단지점,convenience,서울 노원구 상계동 720-7,서울 노원구 노원로 421,37.6542660302869,127.067173437566
12296623,GS25 노원역점,convenience,서울 노원구 상계동 335-14,서울 노원구 상계로 74,37.65606661283253,127.06315085743387
16051444,세븐일레븐 공릉점,convenience,서울 노원구 공릉동 633-15,서울 노원구 공릉로 101,37.61930125585052,127.07784145680093
17056351,GS25 상계으뜸점,convenience,서울 노원구 상계동 183,서울 노원구 노원로28길 73,37.6550602385147,127.071031714061
27603084,GS25 노원상계로점,convenience,서울 노원구 상계동 366-3,서울 노원구 상계로 97,37.65698427507713,127.06560517030782
792921708,이마트24 상계벽산점,convenience,서울 노원구 상계동 173-1,서울 노원구 한글비석로 396,37.660991061323976,127.07306376522068
1832952303,세븐일레븐 상계마들역점,convenience,서울 노원구 상계동 651-4,서울 노원구 동일로 1547,37.6665535871725,127.05695200946451
1419145082,CU 하계먹자골목점,convenience,서울 노원구 하계동 208-32,서울 노원구 공릉로 360,37.6388703219373,127.069764335374
16590622,GS25 상계제일점,convenience,서울 노원구 상계동 626-1,서울 노원구 동일로228길 23,37.66973826577083,127.05936079300201
1030926349,GS25 공릉영진점,convenience,서울 노원구 공릉동 494-15,서울 노원구 동일로 1053,37.6240290082005,127.073192957982
12296757,GS25 노원웰빙점,convenience,서울 노원구 상계동 603-2,서울 노원구 상계로1길 14-11,37.6568132751034,127.061926424709
1668102235,GS25 인덕대후문점,convenience,서울 노원구 월계동 582,서울 노원구 초안산로 19,37.6295497087968,127.0541697875
1886781128,GS25 상계4단지점,convenience,서울 노원구 상계동 751-1,서울 노원구 동일로214길 21,37.65013825708647,127.0662371216184
12296719,GS25 상계동일점,convenience,서울 노원구 상계동 652-1,서울 노원구 동일로227길 43,37.6669151149581,127.054549427165
14935578,CU 당고개역점,convenience,서울 노원구 상계동 111-475,서울 노원구 상계로 309-1,37.670864916680856,127.07999222965822
16555593,CU 상계소영점,convenience,서울 노원구 상계동 668,서울 노원구 노원로 560,37.6615731541366,127.056558334539
26821416,GS25 상계초교점,convenience,서울 노원구 상계동 397-4,서울 노원구 상계로9길 23,37.6582597546077,127.066161605798
1754127486,GS25 공릉시장점,convenience,서울 노원구 공릉동 567-1,서울 노원구 동일로 1040,37.6229300781632,127.074196634741
117287558,GS25 노원공릉점,convenience,서울 노원구 공릉동 593-1,서울 노원구 동일로178길 18,37.6211893377883,127.07566745264
1141137870,GS25 하계장미점,convenience,서울 노원구 하계동 273,서울 노원구 섬밭로 190,37.63294968604607,127.06711006185024
12296715,GS25 중계행운점,convenience,서울 노원구 중계동 511-2,서울 노원구 노원로19길 23,37.6446828187131,127.06934486397301
118494226,CU 중계주공5단지점,convenience,서울 노원구 중계동 359-7,서울 노원구 중계로 230,37.651709759350766,127.07495616822514
16081894,GS25 중계공원점,convenience,서울 노원구 중계동 157-48,서울 노원구 덕릉로82길 25,37.65843624354279,127.07674446966493
2110885278,GS25 공릉대성점,convenience,서울 노원구 공릉동 393-4,서울 노원구 동일로190길 41,37.626049415959,127.075426560826
548819076,GS25 중계무지개점,convenience,서울 노원구 중계동 512,서울 노원구 동일로 1280,37.643728051049855,127.06571588185743
12296620,GS25 노원구점,convenience,서울 노원구 상계동 708-3,서울 노원구 노해로75길 14-26,37.6545623690474,127.05890108161
1995555289,GS25 공릉원룸점,convenience,서울 노원구 공릉동 747,서울 노원구 공릉로 126,37.6214509707861,127.080587177769
16961028,GS25 공릉타운점,convenience,서울 노원구 공릉동 408-89,서울 노원구 공릉로43길 19,37.62592043714821,127.07840229859852
1369745908,GS25 중계금호점,convenience,서울 노원구 중계동 583,서울 노원구 중계로 140,37.6476091511217,127.080771804142
1461208817,CU 상계하모니점,convenience,서울 노원구 상계동 1280,서울 노원구 수락산로 190,37.6711772609197,127.057275186609
714260762,CU 상계청솔점,convenience,서울 노원구 상계동 387-213,서울 노원구 상계로26길 13,37.658062336078,127.070989242512
27386710,CU 서울여대후문점,convenience,서울 노원구 공릉동 120-5,서울 노원구 화랑로51길 18,37.6239959927925,127.08969740951
921668085,CU 상계대림점,convenience,서울 노원구 상계동 172,서울 노원구 상계로 193-14,37.66212377613989,127.07421635988656
1517392999,세븐일레븐 뉴노원하계점,convenience,서울 노원구 하계동 256-13,서울 노원구 노원로 248,37.6399418246425,127.073824925934
777010067,GS25 뉴상계1단지점,convenience,서울 노원구 상계동 767-5,서울 노원구 덕릉로 459-37,37.6467919057007,127.059669997558
17056522,GS25 하계타운점,convenience,서울 노원구 하계동 270,서울 노원구 섬밭로 232,37.636539165821,127.065589455943
38126302,GS25 공릉태강점,convenience,서울 노원구 공릉동 81,서울 노원구 공릉로34길 38,37.6231479507734,127.08128678908
291519634,CU 공릉행복점,convenience,서울 노원구 공릉동 439-2,서울 노원구 공릉로51길 14-2,37.6289301865596,127.076334616457
12296669,GS25 노원청산점,convenience,서울 노원구 상계동 705-2,서울 노원구 노해로 451,37.6541158060669,127.058247988822
685312627,CU 상계미네르바점,convenience,서울 노원구 상계동 936-2,서울 노원구 수락산로 232,37.6710928154255,127.052888525542
24893321,CU 공릉과기대점,convenience,서울 노원구 공릉동 557-22,서울 노원구 동일로184길 56,37.62444481625889,127.07673443149753
1198808603,GS25 상계수락점,convenience,서울 노원구 상계동 1132-28,서울 노원구 동일로241길 44,37.6780027103255,127.054245806169
12296718,GS25 노원중앙점,convenience,서울 노원구 상계동 725-4,서울 노원구 동일로218길 41,37.6541709015102,127.063234244205
613950047,이마트24 의정부삼익점,convenience,경기 의정부시 의정부동 602-7,경기 의정부시 범골로82번길 52,37.7317296344578,127.040834264208
2053046399,이마트24 R의정부중앙점,convenience,경기 의정부시 의정부동 546,경기 의정부시 범골로98번길 103,37.733928671392,127.03885473148
16305820,스타24편의점 중앙점,convenience,경기 의정부시 의정부동 176-1,경기 의정부시 행복로 10,37.7395938896129,127.048766686993
19032251,GS25 방학공원점,convenience,서울 도봉구 방학동 612-9,서울 도봉구 시루봉로15길 33,37.6684910927707,127.032004035771
210613517,CU 더프라우드창동점,convenience,서울 도봉구 창동 731-19,서울 도봉구 도봉로 596,37.657740669677,127.04052398618
26328300,GS25 쌍문본점,convenience,서울 도봉구 쌍문동 729,서울 도봉구 도봉로109길 61,37.6471563749865,127.029968854191
17868045,CU 도봉신동아점,convenience,서울 도봉구 방학동 484-13,서울 도봉구 시루봉로 105-2,37.6602104132869,127.0274943924
12296710,GS25 창동시티점,convenience,서울 도봉구 창동 14,서울 도봉구 노해로69길 26,37.6536867182396,127.050936100457
212117424,CU 도봉쌍용점,convenience,서울 도봉구 창동 807,서울 도봉구 마들로 555,37.6603206972971,127.048687585325
1618590662,GS25 도봉럭키점,convenience,서울 도봉구 도봉동 597-19,서울 도봉구 도봉로169나길 38,37.678017976035356,127.043497090744
1699690862,CU 창동신한점,convenience,서울 도봉구 창동 3-4,서울 도봉구 마들로11길 71,37.65328193159125,127.04939464935899
1052302905,GS25 S4쌍문역점,convenience,서울 도봉구 창동 703-4,서울 도봉구 도봉로 지하 486-1,37.6488497748538,127.034880603858
803257781,GS25 도봉서원점,convenience,서울 도봉구 도봉동 657,서울 도봉구 마들로 724,37.674370922068,127.047867015024
1759016691,CU 쌍문우이천점,convenience,서울 도봉구 쌍문동 414-146,서울 도봉구 우이천로39길 11,37.64976952734834,127.02005132556158
12296661,GS25 쌍문신원점,convenience,서울 도봉구 쌍문동 723,서울 도봉구 해등로 190,37.6582297486501,127.03540403935
1979522837,이마트24 창동동아점,convenience,서울 도봉구 창동 26,서울 도봉구 노해로 384,37.651827907243444,127.05112974028124
1960774507,CU 쌍문인히어점,convenience,서울 도봉구 쌍문동 103-6,서울 도봉구 도봉로 445,37.64586813567263,127.03272971115825
17056105,CU 창동프라자점,convenience,서울 도봉구 창동 5-1,서울 도봉구 마들로11가길 16,37.6525414866423,127.049004336259
12296711,GS25 쌍문선덕점,convenience,서울 도봉구 쌍문동 256,서울 도봉구 해등로 255,37.65716315800076,127.0280667061713
99267771,GS25 쌍문노해로점,convenience,서울 도봉구 쌍문동 139-1,서울 도봉구 노해로 206,37.6507861799674,127.030962977361
1561821805,GS25 도봉골든파크점,convenience,서울 도봉구 방학동 717-2,서울 도봉구 도봉로150다길 28,37.667246216837086,127.04495746067097
12149629,세븐일레븐 도봉방학역점,convenience,서울 도봉구 방학동 718-6,서울 도봉구 마들로 649-20,37.6683093971864,127.04489576250496
1636966126,GS25 쌍문프리미엄점,convenience,서울 도봉구 쌍문동 59,서울 도봉구 해등로 229,37.6576281562701,127.031284270934
1049374926,GS25 뉴창동파크점,convenience,서울 도봉구 창동 750-2,서울 도봉구 도봉로136가길 4,37.6589386296687,127.04151854372
17827884,CU 방학렉시온점,convenience,서울 도봉구 방학동 719-2,서울 도봉구 도봉로152길 16,37.6693374885742,127.044703693502
1264371275,CU 방학시온점,convenience,서울 도봉구 방학동 636,서울 도봉구 도당로15길 36,37.6668681709628,127.036016790497
733385564,CU 창동씨드큐브점,convenience,서울 도봉구 창동 1-28,서울 도봉구 마들로13길 61,37.654540380514,127.049925837294
229018585,CU 도봉산점,convenience,서울 도봉구 도봉동 554-8,서울 도봉구 도봉산길 47,37.6869316105983,127.040232623046
2132532532,CU 방학도깨비점,convenience,서울 도봉구 방학동 661-1,서울 도봉구 도당로 81,37.6651707308861,127.03599216894
1908069333,GS25 쌍문우이점,convenience,서울 도봉구 쌍문동 503-13,서울 도봉구 삼양로154길 12,37.6554267862782,127.013866438747
16884709,CU 쌍문제일점,convenience,서울 도봉구 쌍문동 294-38,서울 도봉구 우이천로34길 24,37.649900373061094,127.02380553746984
1906032990,GS25 방학대상타운점,convenience,서울 도봉구 방학동 720-1,서울 도봉구 마들로 624,37.665709360409,127.046718979326
12296659,GS25 창동쌍문점,convenience,서울 도봉구 창동 658-48,서울 도봉구 도봉로110나길 48,37.6481675145821,127.035603227447
211324780,세븐일레븐 도봉극동점,convenience,서울 도봉구 도봉동 81-1,서울 도봉구 도봉로180길 53,37.6824981637344,127.049053511632
1130204479,GS25 도봉한신점,convenience,서울 도봉구 도봉동 30-1,서울 도봉구 마들로 859-19,37.6855120585135,127.048755064149
247175772,이마트24 창동현대타운점,convenience,서울 도봉구 창동 812,서울 도봉구 도봉로114길 22-8,37.64733063595657,127.03515297684676
805546352,GS25 도봉로점,convenience,서울 도봉구 창동 746,서울 도봉구 도봉로 642,37.66156014651023,127.04247201137055
367870791,GS25 도봉본점,convenience,서울 도봉구 도봉동 619,서울 도봉구 시루봉로 302,37.6711591371068,127.042629368894
853678077,세븐일레븐 쌍문역점,convenience,서울 도봉구 창동 659-29,서울 도봉구 도봉로 476,37.6478767477199,127.034762302815
15522839,CU 쌍문꽃동네점,convenience,서울 도봉구 쌍문동 460-234,서울 도봉구 우이천로38길 51,37.651630335701,127.023429870074
1956624109,GS25 창동삼성점,convenience,서울 도봉구 창동 45,서울 도봉구 노해로66길 29,37.6500265786405,127.047447978383
1371002390,GS25 쌍문한일점,convenience,서울 도봉구 쌍문동 103-152,서울 도봉구 우이천로 298,37.6443905142255,127.02933435034062
27498736,GS25 방학명문점,convenience,서울 도봉구 방학동 657-12,서울 도봉구 도당로 133,37.6674665912967,127.04101664954807
2067869095,CU 덕성타운점,convenience,서울 도봉구 쌍문동 520-47,서울 도봉구 우이천로50길 3,37.6568537258293,127.015598342214
789742774,CU 신도봉중앙점,convenience,서울 도봉구 도봉동 620-18,서울 도봉구 도봉로153길 10,37.6699760425526,127.042926794873
1655440759,GS25 쌍문시티점,convenience,서울 도봉구 쌍문동 734,서울 도봉구 노해로 144,37.6467002913183,127.02700783701793
429309846,GS25 방학이수점,convenience,서울 도봉구 방학동 713-1,서울 도봉구 도봉로146길 40,37.66412689969299,127.04527632624578
11298528,세븐일레븐 창동중앙점,convenience,서울 도봉구 창동 12-3,서울 도봉구 노해로69길 21,37.6532111089207,127.050681935307
607184669,이마트24 동대문역사문화공원역점,convenience,서울 중구 을지로7가 130,서울 중구 장충단로 228-2,37.565034687196814,127.00791635901095
1796012512,이마트24 동대문에비뉴점,convenience,서울 중구 광희동1가 155,서울 중구 을지로44길 24-4,37.56508704083625,127.00632720586981
1168224804,이마트24 SMART을지로패션타운점,convenience,서울 중구 을지로5가 40-3,서울 중구 을지로 227,37.56750633318693,127.00348403748245
1518957126,이마트24 동국대문화관점,convenience,서울 중구 필동3가 26-1,서울 중구 필동로1길 30,37.5579242466612,127.003065967773
1820475627,이마트24 동국대혜화관점,convenience,서울 중구 필동3가 26-1,서울 중구 필동로1길 30,37.55765847771562,127.00185383439518
1591048971,이마트24 동국대상록원점,convenience,서울 중구 필동3가 26-1,서울 중구 필동로1길 30,37.55705482306284,126.99951900289244
229476317,이마트24 종로낙원점,convenience,서울 종로구 낙원동 136,서울 종로구 돈화문로11길 41,37.5724199119134,126.989115912584
1713921584,CU 청량리해링턴점,convenience,서울 동대문구 용두동 797,서울 동대문구 고산자로34길 70,37.578297345816665,127.04197750112635
1367029767,CU 장안드플랏점,convenience,서울 동대문구 장안동 364-3,서울 동대문구 장한로 82,37.5680842280065,127.069433392065
27498751,GS25 답십리한천로점,convenience,서울 동대문구 답십리동 1-548,서울 동대문구 한천로37길 19,37.57632641189483,127.06650790460796
27498742,GS25 휘경주공점,convenience,서울 동대문구 장안동 93-86,서울 동대문구 한천로46길 56-4,37.5816223095588,127.071383036376
96379555,CU 이문라그란데점,convenience,서울 동대문구 이문동 263-10,서울 동대문구 이문로35길 21,37.599172221910955,127.06105650060019
1634764308,CU 동일스위트점,convenience,서울 동대문구 휘경동 366,서울 동대문구 한천로 300,37.58720685319621,127.06955757896623
1758268683,GS25 이문캔버스점,convenience,서울 동대문구 이문동 149-8,서울 동대문구 이문로 120,37.5971915355627,127.061649373943
192860995,GS25 용두래미안점,convenience,서울 동대문구 용두동 796,서울 동대문구 한빛로 49,37.579877796841025,127.02976299472024
991061829,GS25 전농롯데캐슬점,convenience,서울 동대문구 전농동 695,서울 동대문구 답십리로23길 30,37.5755872325135,127.048805566389
27498762,GS25 장안썬앤빌점,convenience,서울 동대문구 장안동 373-3,서울 동대문구 장한로 91,37.568966480789,127.069129719732
1528204626,GS25 청량리역점,convenience,서울 동대문구 전농동 620-15,서울 동대문구 왕산로 186,37.5793759358353,127.044172107915
1997592118,GS25 전농중앙점,convenience,서울 동대문구 전농동 26-13,서울 동대문구 전농로 124,37.5758885585714,127.057901726548
1187875405,이마트24 장안미소점,convenience,서울 동대문구 장안동 438-15,서울 동대문구 장한로10길 25-2,37.5649409505834,127.068926789325
1686564626,CU 회기나무점,convenience,서울 동대문구 휘경동 333-5,서울 동대문구 이문로 18,37.5892713560476,127.055307927791
508764734,GS25 제기역점,convenience,서울 동대문구 용두동 144-31,서울 동대문구 왕산로 77,37.5783959856567,127.031969962437
2125147916,CU 답십리자이점,convenience,서울 동대문구 답십리동 1014,서울 동대문구 답십리로56길 105,37.56782528114114,127.05845578519461
642456814,GS25 휘경제이스카이점,convenience,서울 동대문구 휘경동 192-1,서울 동대문구 망우로21나길 6,37.59041475069179,127.06073457678681
12296708,GS25 외대2점,convenience,서울 동대문구 이문동 288-39,서울 동대문구 휘경로 10,37.595932245335554,127.06108102951393
11511781,GS25 제기롯데점,convenience,서울 동대문구 용두동 790,서울 동대문구 정릉천동로 58,37.5774144440076,127.036325732462
1938143543,GS25 이문파크자이점,convenience,서울 동대문구 이문동 149-8,서울 동대문구 이문로 150,37.59892958621251,127.06327805485505
1913564013,CU 뉴장안홈타운점,convenience,서울 동대문구 장안동 342-6,서울 동대문구 장한로24길 27,37.570507035417,127.072382136139
1559590134,GS25 답십리역점,convenience,서울 동대문구 답십리동 994,서울 동대문구 고미술로 57,37.5666650047657,127.054248726431
461437770,GS25 이문래미안점,convenience,서울 동대문구 이문동 337-1,서울 동대문구 이문로12길 3-7,37.5937710055856,127.058837282184
16767993,CU 용두허브리츠점,convenience,서울 동대문구 용두동 792-3,서울 동대문구 왕산로26길 35,37.576477320534,127.036615082467
27498763,GS25 답십리한양점,convenience,서울 동대문구 답십리동 62-19,서울 동대문구 답십리로 182,37.57266897198723,127.06036471674499
18832142,GS25 전농제일점,convenience,서울 동대문구 전농동 103-316,서울 동대문구 전농로36길 2,37.5852829896002,127.052619434015
1018048430,CU 이문골드점,convenience,서울 동대문구 이문동 255-187,서울 동대문구 이문로 162,37.6009213156062,127.062262826867
1476620415,CU 답십리리더스점,convenience,서울 동대문구 답십리동 12-266,서울 동대문구 한천로 43,37.56583997621306,127.06104852714763
27499662,GS25 동대문한신점,convenience,서울 동대문구 답십리동 542-1,서울 동대문구 황물로 42,37.57303378867872,127.04663838483383
2075674071,CU 장안사거리점,convenience,서울 동대문구 장안동 294-10,서울 동대문구 답십리로 263,37.5727107564597,127.069572394433
468039391,GS25 청량랜드마크점,convenience,서울 동대문구 전농동 620-69,서울 동대문구 왕산로 200,37.5798905431439,127.046161517564
1674149310,GS25 용두청계점,convenience,서울 동대문구 용두동 129-376,서울 동대문구 무학로20길 36,37.5709968512346,127.032578062601
1439065128,세븐일레븐 장안센트럴점,convenience,서울 동대문구 장안동 535,서울 동대문구 한천로 146,37.5738780490685,127.067145314099
1927088282,세븐일레븐 경희대대현점,convenience,서울 동대문구 회기동 57-11,서울 동대문구 회기로 163,37.5908179104688,127.054335321038
981101146,GS25 뉴전농공원점,convenience,서울 동대문구 전농동 558-138,서울 동대문구 서울시립대로12길 37,37.578035752392,127.051817352653
12296605,GS25 청량사랑점,convenience,서울 동대문구 청량리동 719,서울 동대문구 홍릉로3길 6-1,37.581913147990285,127.04413511435705
594799376,GS25 신이문대림점,convenience,서울 동대문구 이문동 225-2,서울 동대문구 이문로54길 46,37.6054071529886,127.06430278245237
16932693,CU 신설교보점,convenience,서울 동대문구 신설동 98-32,서울 동대문구 왕산로 10,37.5758676716603,127.0250181404
12296703,GS25 경희점,convenience,서울 동대문구 회기동 36-26,서울 동대문구 경희대로3길 2,37.5928009746642,127.052384679511
25757379,GS25 휘경럭키점,convenience,서울 동대문구 휘경동 312-11,서울 동대문구 전농로38길 89,37.5878509623691,127.056217184787
731533245,GS25 전농그린점,convenience,서울 동대문구 전농동 204-34,서울 동대문구 전농로17길 21,37.5788195853321,127.055839069304
2094427618,GS25 장안삼성점,convenience,서울 동대문구 장안동 329-3,서울 동대문구 장안벚꽃로 167,37.574072640867,127.076094068647
19205724,CU 회기창덕안점,convenience,서울 동대문구 휘경동 319-39,서울 동대문구 회기로 194-14,37.58963263448084,127.05723868285929
1717872991,CU 동아제약점,convenience,서울 동대문구 용두동 252-19,서울 동대문구 무학로23길 30,37.5726304392161,127.028788859883
786639760,CU 휘경브라운스톤점,convenience,서울 동대문구 휘경동 368,서울 동대문구 망우로20길 86,37.5906880346783,127.066877346342
16735714,CU 공군회관점,convenience,서울 동작구 대방동 354-1,서울 동작구 알마타길 6,37.5100517183157,126.924681267508
646682510,GS25 상도럭키점,convenience,서울 동작구 상도동 359-20,서울 동작구 상도로15길 106,37.5044364963993,126.936693211202
12296652,GS25 노량제일점,convenience,서울 동작구 노량진동 72-3,서울 동작구 노량진로 148-3,37.51345485659185,126.942373891593
1622236507,GS25 보라매자이점,convenience,서울 동작구 신대방동 724,서울 동작구 여의대방로22길 121,37.4981371351509,126.925170462024
287256365,GS25 신사당광성점,convenience,서울 동작구 사당동 1013-14,서울 동작구 사당로22길 12,37.4829756635118,126.976724653957
1200192716,GS25 노량진타운점,convenience,서울 동작구 노량진동 141,서울 동작구 노량진로 200,37.5128834911412,126.947916674056
1982615777,CU 상도빌리지점,convenience,서울 동작구 상도동 210-248,서울 동작구 양녕로25가길 32,37.49909523900084,126.94176181207467
17056397,GS25 노들역점,convenience,서울 동작구 본동 494,서울 동작구 노량진로23가길 23,37.51328793200288,126.95190690169943
27296159,GS25 동작신라점,convenience,서울 동작구 신대방동 686-53,서울 동작구 시흥대로 602,37.48595857039322,126.9044153340979
822247206,CU 동작행정타운점,convenience,서울 동작구 상도동 373-20,서울 동작구 장승배기로10길 17,37.5047553818259,126.940011201374
12296556,GS25 노량아이비점,convenience,서울 동작구 노량진동 45-3,서울 동작구 장승배기로 171,37.512950927074584,126.94002500212221
1603046077,CU 보라매점,convenience,서울 동작구 신대방동 722,서울 동작구 여의대방로20다길 22,37.4916609663977,126.920076018807
2077701288,GS25 사당본점,convenience,서울 동작구 사당동 429-35,서울 동작구 사당로22나길 22,37.480489577844885,126.97572031984896
1278875329,GS25 뉴상도성대점,convenience,서울 동작구 상도동 259-16,서울 동작구 성대로8길 2,37.4981001197253,126.934123575683
1815950051,이마트24 동작대방점,convenience,서울 동작구 대방동 501,서울 동작구 여의대방로 250,37.5087191061206,126.924639627433
776648950,CU 노량남부점,convenience,서울 동작구 노량진동 112-3,서울 동작구 노량진로 161,37.51403405801798,126.94394681720192
1713959785,CU 보라매이글점,convenience,서울 동작구 신대방동 395-66,서울 동작구 보라매로5길 43,37.49167850482131,126.92342986531523
614421245,CU 사당어반점,convenience,서울 동작구 사당동 39-18,서울 동작구 동작대로35길 18,37.4911170982166,126.981387653012
1479895922,GS25 대방중앙점,convenience,서울 동작구 대방동 389-3,서울 동작구 여의대방로36길 4,37.5039234552018,126.92247075222
17033800,GS25 사당역점,convenience,서울 동작구 사당동 1044-37,서울 동작구 동작대로1길 27,37.4772124898318,126.97989425018
1796375308,GS25 동작스타점,convenience,서울 동작구 신대방동 707,서울 동작구 여의대방로 30,37.4946614982023,126.911479755246
777525356,GS25 상도스카이점,convenience,서울 동작구 상도동 279-275,서울 동작구 성대로10길 56,37.4959091659397,126.93630235633
8686902,CU 사당주영점,convenience,서울 동작구 사당동 105-4,서울 동작구 동작대로29길 127,37.4905467330179,126.976213465794
2127969117,GS25 상도금성점,convenience,서울 동작구 상도1동 325-15,서울 동작구 상도로47길 84,37.5029714375641,126.95193274578435
1727752699,GS25 흑석자이점,convenience,서울 동작구 흑석동 253-89,서울 동작구 서달로 90,37.50285331376656,126.96151979280816
914784569,CU 상도더샵점,convenience,서울 동작구 상도동 204-45,서울 동작구 장승배기로 41,37.5015697895465,126.940730753193
158584559,GS25 더동작점,convenience,서울 동작구 사당동 120,서울 동작구 동작대로29길 77,37.48882702795592,126.97785243558116
60702797,CU 동작대방점,convenience,서울 동작구 대방동 508,서울 동작구 알마타길 37,37.51164071857139,126.92843143524547
1095679399,GS25 노들제일점,convenience,서울 동작구 본동 48,서울 동작구 노량진로 252,37.51229339941151,126.95462892211259
8559267,GS25 사당시티점,convenience,서울 동작구 사당동 1041-15,서울 동작구 사당로30길 166,37.47741803497215,126.98058157305061
17081597,GS25 노량아카데미점,convenience,서울 동작구 노량진동 81,서울 동작구 노량진로14가길 11,37.5127578519469,126.943142436601
19205774,CU 사당남성점,convenience,서울 동작구 사당동 268-4,서울 동작구 사당로16가길 34,37.4833809070883,126.971638884125
603712430,CU 동작상도1호점,convenience,서울 동작구 상도동 467-1,서울 동작구 상도로37길 60,37.4989007063825,126.951965888954
1303034968,GS25 상도푸르지오점,convenience,서울 동작구 상도동 235-9,서울 동작구 양녕로25바길 47,37.4988798684443,126.939902813992
276791275,GS25 상도제일점,convenience,서울 동작구 상도동 2-24,서울 동작구 만양로2길 70,37.5072868733923,126.951009340023
700894700,GS25 사당센트럴점,convenience,서울 동작구 사당동 266-9,서울 동작구 사당로16길 10,37.4830660013464,126.973567876528
1808630099,CU 보라매타운점,convenience,서울 동작구 신대방동 395-68,서울 동작구 보라매로5가길 24,37.4908726359663,126.924256141525
1857909496,CU 흑석센트레빌점,convenience,서울 동작구 흑석동 339,서울 동작구 서달로 91,37.50217619806937,126.96013135953885
1986966641,GS25 사당남사초교점,convenience,서울 동작구 사당동 1015-50,서울 동작구 동작대로13길 34,37.4819352520178,126.978050067865
7949189,세븐일레븐 대방점,convenience,서울 동작구 대방동 37-2,서울 동작구 등용로 119,37.51173551935777,126.93180759773354
8320327,세븐일레븐 사당중앙점,convenience,서울 동작구 사당동 1031-24,서울 동작구 동작대로3길 10,37.4784596425085,126.980830029262
1236082868,GS25 숭실대중앙점,convenience,서울 동작구 상도동 502-4,서울 동작구 사당로 18,37.4952118457375,126.956243896856
990546597,GS25 신대방후레쉬점,convenience,서울 동작구 신대방동 607-5,서울 동작구 시흥대로 658,37.4903114756205,126.907993133584
1338073898,세븐일레븐 동작국사봉점,convenience,서울 동작구 상도동 301-159,서울 동작구 국사봉길 134,37.49450630417322,126.93305359070692
12297019,GS25 중대점,convenience,서울 동작구 흑석동 183-5,서울 동작구 흑석로 105,37.50793028255488,126.96092340360921
863134795,이마트24 R연희햇살점,convenience,서울 서대문구 연희동 719-7,서울 서대문구 가좌로 31,37.5772490830643,126.932003743615
1233819055,이마트24 홍은포레스트점,convenience,서울 서대문구 홍은동 335-25,서울 서대문구 가좌로4길 32,37.5856996883673,126.924881368078
2082287990,이마트24 은평갈현로점,convenience,서울 은평구 역촌동 79-48,서울 은평구 갈현로4길 5,37.6018538254713,126.910999583374
786526260,서민24시무인편의점,convenience,서울 마포구 망원동 464-12,서울 마포구 방울내로9안길 104,37.5597766752745,126.897825721329
613257232,이마트24 이대기숙사점,convenience,서울 서대문구 대현동 11-1,서울 서대문구 이화여대길 52,37.56679774118356,126.95051310235341
738218330,이마트24 R서대문북아현점,convenience,서울 서대문구 북아현동 1-452,서울 서대문구 북아현로 84,37.5642960714355,126.953711150578
678002101,이마트24 R은평역촌역점,convenience,서울 은평구 녹번동 80-9,서울 은평구 서오릉로 58,37.6058450260134,126.923592718202
1931391624,이마트24 은평진흥로점,convenience,서울 은평구 녹번동 131-17,서울 은평구 진흥로12가길 18,37.6078446961783,126.928503573867
1605608225,이마트24 구산타운점,convenience,서울 은평구 구산동 212-3,서울 은평구 갈현로 159,37.6120585878586,126.911206013523
1708561780,이마트24 은평녹번로점,convenience,서울 은평구 녹번동 119-4,서울 은평구 녹번로 67,37.606885980432,126.931434300763
887771131,이마트24 홍제행복점,convenience,서울 서대문구 홍제동 454,서울 서대문구 세검정로 140,37.5958196543319,126.952731402168
15750873,이마트24 광화문시대점,convenience,서울 종로구 내수동 74,서울 종로구 사직로8길 42,37.57373554741544,126.97328908553332
11577994,이마트24 중림점,convenience,서울 중구 의주로2가 16-10,서울 중구 청파로 464,37.560926657387604,126.96829782126291
264030426,이마트24 종로당주점,convenience,서울 종로구 당주동 40,서울 종로구 새문안로5길 11,37.5711572236475,126.974761568962
1624942991,이마트24 서소문순화빌딩점,convenience,서울 중구 순화동 5-2,서울 중구 서소문로 89,37.5625941534368,126.970827912625
1050276314,이마트24 은평불광동점,convenience,서울 은평구 불광동 480-42,서울 은평구 통일로92길 18,37.6253133221032,126.921823764624
1955624442,이마트24 은평수지점,convenience,서울 은평구 불광동 146-5,서울 은평구 연서로34길 33,37.6220341093417,126.929581950336
1419452609,GS25 합정프리미엄점,convenience,서울 마포구 합정동 413-5,서울 마포구 양화로6길 18,37.5490082042647,126.915213295432
1287632868,CU 홍대상상점,convenience,서울 마포구 서교동 395-91,서울 마포구 잔다리로 25,37.55084421109712,126.92005360456163
793723257,GS25 경의선책거리점,convenience,서울 마포구 동교동 176-1,서울 마포구 신촌로4길 18,37.557226729996,126.928237335078
494201141,이마트24 공덕역제일점,convenience,서울 마포구 공덕동 256-13,서울 마포구 만리재로 15,37.5444990450976,126.95294148030746
635666007,CU 라이즈홍대점,convenience,서울 마포구 서교동 354-19,서울 마포구 양화로 124,37.5542793583466,126.920860243509
12315371,GS25 홍대솔내길점,convenience,서울 마포구 서교동 395-21,서울 마포구 독막로7길 53,37.5501791713916,126.919901541649
27498509,GS25 신수우리점,convenience,서울 마포구 신수동 47-17,서울 마포구 독막로 230,37.54696140096768,126.93899516213993
1944282064,GS25 합정레인보우점,convenience,서울 마포구 합정동 388-32,서울 마포구 월드컵로1길 40,37.5494410013578,126.910754134018
1654130313,CU 상수점,convenience,서울 마포구 상수동 324-1,서울 마포구 독막로 76-1,37.5475613140072,126.921909563033
1430274752,GS25 마포대흥로점,convenience,서울 마포구 대흥동 337-15,서울 마포구 대흥로 51,37.5453388832644,126.939347274318
2127810173,세븐일레븐 마포센터점,convenience,서울 마포구 도화동 565,서울 마포구 새창로 7,37.542421376069726,126.95081776055801
1672095324,CU 합정역점,convenience,서울 마포구 합정동 373-20,서울 마포구 독막로 4-1,37.5486260175818,126.913743740808
1011003181,CU 마포신촌로터리점,convenience,서울 마포구 노고산동 107-3,서울 마포구 백범로 4,37.5543267985947,126.936782311602
12296987,GS25 마포성산점,convenience,서울 마포구 성산동 53-2,서울 마포구 월드컵북로 121,37.563840352352,126.912647539523
16647423,GS25 망원희망점,convenience,서울 마포구 망원동 406-16,서울 마포구 희우정로16길 7,37.55432134848842,126.90233287302502
1906839323,GS25 T타운점,convenience,서울 마포구 공덕동 252-5,서울 마포구 마포대로 144,37.5469464634169,126.953712828012
19201450,CU 신촌까사빌점,convenience,서울 마포구 노고산동 57-38,서울 마포구 서강로 135,37.5545098671027,126.935424093884
541193933,CU 홍대동교로점,convenience,서울 마포구 동교동 158-27,서울 마포구 동교로 190,37.5570672499341,126.92252890148
16620442,CU 마포구청점,convenience,서울 마포구 망원동 478-4,서울 마포구 월드컵로 139,37.5602996661048,126.905910633142
329594131,GS25 홍대클럽점,convenience,서울 마포구 서교동 407-26,서울 마포구 잔다리로 7,37.5505609015226,126.922157662033
1167549022,GS25 마포연남점,convenience,서울 마포구 연남동 241-87,서울 마포구 성미산로29안길 25,37.5655093097058,126.923484526227
8000826,GS25 마포공덕점,convenience,서울 마포구 공덕동 249-12,서울 마포구 마포대로8길 9,37.54659423006474,126.95385902215894
1063630470,GS25 합정유니버스점,convenience,서울 마포구 합정동 362-1,서울 마포구 독막로 42,37.5478027719895,126.917910174137
27498583,GS25 연남게스트점,convenience,서울 마포구 연남동 239-46,서울 마포구 성미산로 158,37.5644030923397,126.923802580923
12296991,GS25 마포사랑점,convenience,서울 마포구 마포동 292-64,서울 마포구 마포대로4라길 32,37.536963864148,126.946323815138
14979490,GS25 연남타운점,convenience,서울 마포구 연남동 567-11,서울 마포구 월드컵북로6길 69,37.55968954435124,126.92175882780367
12297041,GS25 팰리스점,convenience,서울 마포구 동교동 165-8,서울 마포구 양화로 156,37.55584510136267,126.92330201293582
533020798,GS25 홍대레드로드점,convenience,서울 마포구 서교동 403-16,서울 마포구 어울마당로 47,37.549464249319,126.920598267034
467320174,GS25 성산연희점,convenience,서울 마포구 성산동 13-1,서울 마포구 월드컵북로16길 34,37.5628986690944,126.916179998443
1732746174,GS25 서울월드컵경기장점,convenience,서울 마포구 성산동 515,서울 마포구 월드컵로 240,37.56787281825125,126.8986307786635
18118265,세븐일레븐 마포성산본점,convenience,서울 마포구 성산동 232-4,서울 마포구 월드컵북로 69,37.56002454001064,126.91624999461965
288448782,CU 홍대점,convenience,서울 마포구 상수동 143-21,서울 마포구 독막로 97,37.5479440106782,126.924327435471
395900856,이마트24 성산하나점,convenience,서울 마포구 성산동 56-1,서울 마포구 월드컵북로 137,37.564826209426,126.911661657045
19206207,CU 신공덕펜트라우스점,convenience,서울 마포구 신공덕동 172,서울 마포구 백범로 205,37.54384615372081,126.953784901476
173956866,GS25 상수크리원점,convenience,서울 마포구 상수동 355-2,서울 마포구 토정로 131,37.5454083876006,126.925409527402
1880327481,GS25 상암사보이시티점,convenience,서울 마포구 상암동 1597,서울 마포구 월드컵북로54길 17,37.581157078203304,126.88863084937934
12297038,GS25 홍대잔다리점,convenience,서울 마포구 서교동 368-9,서울 마포구 잔다리로 40,37.5519483420485,126.919329281419
12149366,세븐일레븐 홍대중앙점,convenience,서울 마포구 서교동 347-21,서울 마포구 어울마당로 130,37.555809838279814,126.92450735091259
12297066,GS25 동교사랑점,convenience,서울 마포구 동교동 158-1,서울 마포구 월드컵북로2길 57,37.5575696280494,126.923329671289
1664956765,CU 홍대놀이터점,convenience,서울 마포구 서교동 364-26,서울 마포구 와우산로21길 31,37.55229891511138,126.92214001082908
1324735334,GS25 서교라움점,convenience,서울 마포구 서교동 466-9,서울 마포구 동교로16길 31,37.553723006863,126.916307973695
15503522,CU 홍대서교점,convenience,서울 마포구 서교동 330-17,서울 마포구 와우산로29길 70,37.5563896117115,126.92662200228
404285689,GS25 합정본점,convenience,서울 마포구 서교동 393-5,서울 마포구 양화로 59,37.550557630026,126.914808669593
868801017,GS25 성산사울점,convenience,서울 마포구 성산동 253-3,서울 마포구 성미산로1길 21,37.55901291325671,126.90803322026797
12297018,GS25 노고산본점,convenience,서울 마포구 노고산동 49-50,서울 마포구 신촌로16길 8,37.555342062641,126.93483034832
2123900478,이마트24 서울조선호텔점,convenience,서울 중구 소공동 87-1,서울 중구 소공로 106,37.5644404195001,126.980097204679
741471519,이마트24 충무로 앰버서더호텔점,convenience,서울 중구 충무로2가 53-9,서울 중구 삼일대로 300-1,37.56154851031784,126.98927594988896
1863533857,GS25 연희사랑점,convenience,서울 서대문구 연희동 187-3,서울 서대문구 연희로10길 15,37.5662044562393,126.931605169558
730405400,CU 뉴신촌역점,convenience,서울 서대문구 창천동 29-95,서울 서대문구 신촌로 109,37.5557942896798,126.938040697066
892498928,GS25 신촌명물길점,convenience,서울 서대문구 창천동 5-23,서울 서대문구 명물길 62,37.55892068997171,126.93966448477661
12297053,GS25 신촌점,convenience,서울 서대문구 창천동 30-25,서울 서대문구 신촌로 87-18,37.556319572548354,126.93634943272595
16470908,CU 충정로역점,convenience,서울 서대문구 충정로3가 465,서울 서대문구 서소문로 27,37.5601697083346,126.964727297323
629946191,GS25 북가좌센터점,convenience,서울 서대문구 북가좌동 3-101,서울 서대문구 증가로24라길 1,37.58237767928965,126.91675140618932
19200778,CU 연희삼거리점,convenience,서울 서대문구 연희동 88-13,서울 서대문구 연희로 126,37.5687621057114,126.932690620321
16050095,CU 북가좌삼거리점,convenience,서울 서대문구 북가좌동 371-12,서울 서대문구 수색로 144,37.575324133004,126.905244209357
19203836,CU 서대문타워점,convenience,서울 서대문구 미근동 21-1,서울 서대문구 충정로 60,37.5640299259345,126.965912802038
16875983,CU 창천점,convenience,서울 서대문구 창천동 57-66,서울 서대문구 연세로5나길 30-2,37.55700612082727,126.93467837546206
22875832,CU 북아현능안점,convenience,서울 서대문구 북아현동 1-609,서울 서대문구 북아현로 96-1,37.565160688475025,126.95285378211496
8003706,GS25 홍제점,convenience,서울 서대문구 홍제동 249-1,서울 서대문구 세무서길 31,37.5894663641309,126.94553884968
100288447,GS25 연희제일점,convenience,서울 서대문구 연희동 78-43,서울 서대문구 연희로 177,37.5730081293907,126.935257568983
799859441,GS25 연세대무악4학사점,convenience,서울 서대문구 신촌동 134,서울 서대문구 연세로 50,37.57362010443895,126.9390164389719
19203095,CU 서대문연희점,convenience,서울 서대문구 연희동 193-17,서울 서대문구 연희로 81-21,37.5658298589436,126.928921799844
632112054,CU 남가좌본점,convenience,서울 서대문구 남가좌동 339-34,서울 서대문구 증가로 116,37.57713202648288,126.92470092149699
2116784344,CU 신촌르메이에르점,convenience,서울 서대문구 창천동 20-26,서울 서대문구 신촌로 127,37.55634311398434,126.94001174588215
1619485646,GS25 뉴모래내제일점,convenience,서울 서대문구 남가좌동 102-16,서울 서대문구 수색로2길 8,37.5691633528089,126.916264665857
20494006,GS25 남가좌제일점,convenience,서울 서대문구 북가좌동 75-7,서울 서대문구 증가로 197-60,37.57814745366791,126.91539875604681
2146900526,GS25 서대문진흥점,convenience,서울 서대문구 연희동 48-33,서울 서대문구 연희로14길 51,37.5674087126899,126.934114654473
1253269536,GS25 연희본점,convenience,서울 서대문구 연희동 133-1,서울 서대문구 증가로 9,37.5690903010075,126.931528954779
23793917,CU 연세학사점,convenience,서울 서대문구 연희동 344-24,서울 서대문구 성산로17길 7,37.5631789032269,126.931590957834
1758127234,GS25 서대문아이파크점,convenience,서울 서대문구 북가좌동 458,서울 서대문구 거북골로14길 32,37.57545241385233,126.91392223409662
16587304,GS25 신촌으뜸점,convenience,서울 서대문구 창천동 18-3,서울 서대문구 명물길 12-6,37.55724653601413,126.93773391926524
12297007,GS25 신촌현대점,convenience,서울 서대문구 대현동 110-20,서울 서대문구 신촌역로 17,37.558348203446,126.94256908696
350648616,CU 명지드림점,convenience,서울 서대문구 남가좌동 5-5,서울 서대문구 명지대1라길 24-4,37.5819365463913,126.922566538431
1165403778,GS25 남가좌아이파크점,convenience,서울 서대문구 남가좌동 388,서울 서대문구 증가로 150,37.57835829970923,126.92195778884793
12149453,세븐일레븐 신촌명물점,convenience,서울 서대문구 창천동 45-1,서울 서대문구 명물길 37,37.5584758428867,126.93839498718
932892605,GS25 연희성산점,convenience,서울 서대문구 연희동 420-1,서울 서대문구 성산로 317,37.56656651683199,126.92542239219463
1934719007,GS25 서대문증가로점,convenience,서울 서대문구 북가좌동 296-1,서울 서대문구 증가로21길 20-7,37.5803820079181,126.914274306083
15549795,CU 연희서연점,convenience,서울 서대문구 연희동 116-5,서울 서대문구 연희로11바길 2,37.569318186311,126.928379680158
1345294082,GS25 연희증가로점,convenience,서울 서대문구 연희동 121-16,서울 서대문구 증가로 23,37.5702691239465,126.93053628078
163504083,세븐일레븐 연대점,convenience,서울 서대문구 창천동 29-30,서울 서대문구 연세로4길 12,37.5570050736314,126.937743174239
17056762,GS25 서대문점,convenience,서울 서대문구 충정로2가 5-4,서울 서대문구 통일로 131,37.56617069211799,126.9659106946789
1825743476,CU 신촌기차역점,convenience,서울 서대문구 대현동 110-69,서울 서대문구 신촌역로 33,37.558964098278175,126.94177862718131
16762669,GS25 서대문홍은점,convenience,서울 서대문구 홍은동 403-1,서울 서대문구 가좌로 79,37.5800938623652,126.928020670751
73455391,GS25 이대본점,convenience,서울 서대문구 대현동 37-30,서울 서대문구 이화여대3길 28,37.5581948577304,126.94407899250261
1091349738,CU 서대문구청점,convenience,서울 서대문구 연희동 169-25,서울 서대문구 연희로 245,37.5789730133712,126.935809392514
22839723,GS25 연대연희점,convenience,서울 서대문구 연희동 218-1,서울 서대문구 연희로 63,37.5642294449531,126.928515848584
312254370,이마트24 서대문연희점,convenience,서울 서대문구 연희동 353-93,서울 서대문구 연희로4길 5,37.56175571670541,126.92770555907943
8592861,GS25 신촌연세점,convenience,서울 서대문구 창천동 52-150,서울 서대문구 연세로11길 16,37.55901510865563,126.93589216131787
1860913381,GS25 연희안산점,convenience,서울 서대문구 연희동 151-148,서울 서대문구 연희로31길 30,37.5759787683092,126.933741454272
691401371,CU 북가좌증가로점,convenience,서울 서대문구 북가좌동 5-118,서울 서대문구 증가로20길 13,37.5807674262348,126.916499605065
16930691,GS25 서대문창천점,convenience,서울 서대문구 창천동 510-4,서울 서대문구 신촌로 3,37.558696755554,126.92757949142
567817068,GS25 한강르네상스 반포2호점,convenience,서울 서초구 반포동 115-5,서울 서초구 한강남자전거길 2172,37.50862136317666,126.99411640137659
1819041046,CU 한강르네상스반포1호,convenience,서울 서초구 잠원동 122-1,서울 서초구 한강남자전거길 2262,37.51282917856232,127.00228480131051
20280080,GS25 서초여신점,convenience,서울 서초구 서초동 1330-20,서울 서초구 강남대로53길 7,37.4943047203532,127.028383339059
1807887663,CU 청계산입구역점,convenience,서울 서초구 신원동 662,서울 서초구 청계산로 217,37.44620917284673,127.05715522970921
1712010993,GS25 뉴양재시장점,convenience,서울 서초구 양재동 15-25,서울 서초구 남부순환로356길 70,37.4817562343968,127.038463732347
1238417867,CU 서초동아타워점,convenience,서울 서초구 서초동 1321-6,서울 서초구 서운로 138,37.49582728836098,127.0249857613365
878255238,GS25 뉴서초중앙점,convenience,서울 서초구 서초동 1597-1,서울 서초구 사임당로 26,37.4876435678493,127.012957935637
2028579935,CU 뉴서초역점,convenience,서울 서초구 서초동 1553-16,서울 서초구 반포대로30길 5,37.49166604389123,127.00886976420087
234209705,GS25 강남프리미엄점,convenience,서울 서초구 서초동 1317-7,서울 서초구 서초대로77길 13,37.4988390970466,127.026168533028
9621216,CU 서초유앤아이점,convenience,서울 서초구 서초동 1303-10,서울 서초구 사평대로56길 7,37.50319958040163,127.02372721484544
1155160414,GS25 뉴잠원하나점,convenience,서울 서초구 잠원동 42-2,서울 서초구 신반포로45길 9-26,37.510842929271,127.017917117973
1496119840,CU 서초효령점,convenience,서울 서초구 서초동 1589-12,서울 서초구 반포대로14길 42,37.485845101043,127.013446079978
16906539,GS25 신사대로점,convenience,서울 서초구 잠원동 12-17,서울 서초구 강남대로 617,37.5168101199069,127.018935448234
16376240,CU 반포한신점,convenience,서울 서초구 반포동 536-2,서울 서초구 사평대로28길 22,37.49943215451397,126.9999977382247
15545002,CU 반포대교점,convenience,서울 서초구 잠원동 76,서울 서초구 반포대로 316,37.5071168305538,127.000470497483
591777286,CU 강남해커스점,convenience,서울 서초구 서초동 1317,서울 서초구 강남대로61길 13,37.49887440826275,127.02538032254185
11560394,CU 교대법원점,convenience,서울 서초구 서초동 1694-25,서울 서초구 서초중앙로 142,37.49456681496531,127.01379141098317
13056605,세븐일레븐 서초사당역점,convenience,서울 서초구 방배동 444-16,서울 서초구 동작대로 18,37.4781102508836,126.982105397241
1437569341,CU 서초교대점,convenience,서울 서초구 서초동 1627-1,서울 서초구 사임당로 64,37.4887918483676,127.016945078145
1160469274,GS25 서리풀방배역점,convenience,서울 서초구 방배동 907-9,서울 서초구 방배로 104,37.4835680669674,126.996569612458
925770730,GS25 서초베스트점,convenience,서울 서초구 양재동 300,서울 서초구 동산로19길 35-1,37.4740263804284,127.046264774948
1394318437,CU 서초그린점,convenience,서울 서초구 잠원동 72-3,서울 서초구 잠원로3길 40,37.50833583796362,127.00354575383219
141754314,세븐일레븐 서래나루점,convenience,서울 서초구 반포동 115-1,서울 서초구 올림픽대로 2085-18,37.50981063444541,126.99310063033398
12296839,GS25 방배우성점,convenience,서울 서초구 방배동 2525,서울 서초구 과천대로 946,37.4748630263513,126.982201134935
2069496249,GS25 DH방배가온점,convenience,서울 서초구 방배동 954-22,서울 서초구 도구로 79,37.48369258364,126.986481944157
1350774061,GS25 서초샘마을점,convenience,서울 서초구 내곡동 1-175,서울 서초구 샘마을길 3-2,37.4577020900193,127.071183705108
15287048,GS25 방배래미안점,convenience,서울 서초구 방배동 484-1,서울 서초구 효령로4길 56-16,37.4755631344351,126.990083009322
12296876,GS25 서초프랜드점,convenience,서울 서초구 서초동 1605-4,서울 서초구 효령로 349-5,37.4870331455298,127.022017004243
8593697,GS25 잠원주흥점,convenience,서울 서초구 잠원동 29-1,서울 서초구 강남대로95길 19-4,37.5135773473131,127.018753655298
294164249,이마트24 예술의전당점,convenience,서울 서초구 서초동 700,서울 서초구 남부순환로 2406,37.480304817029946,127.01328228086966
12296970,GS25 서초점,convenience,서울 서초구 서초동 1332-7,서울 서초구 사임당로 139,37.4917358316135,127.02490863669
1872024288,GS25 뉴한강세빛섬점,convenience,서울 서초구 반포동 650,서울 서초구 올림픽대로 2085-14,37.511801955226844,126.99512506995688
25766240,GS25 잠원강남점,convenience,서울 서초구 잠원동 22-7,서울 서초구 강남대로99길 27,37.51493167613547,127.01798256934298
349711549,GS25 서초청화점,convenience,서울 서초구 서초동 1339-7,서울 서초구 효령로 431,37.489622513583,127.030674707473
877075121,GS25 고속터미널점,convenience,서울 서초구 잠원동 69-5,서울 서초구 신반포로 195,37.5067409833777,127.005520400721
24996824,GS25 양재초교점,convenience,서울 서초구 양재동 103,서울 서초구 바우뫼로 106,37.4746543392964,127.032961271698
9635737,CU 방배명성점,convenience,서울 서초구 방배동 454-10,서울 서초구 방배천로2안길 77,37.4804170910022,126.98388667433
16558724,CU 교대역점,convenience,서울 서초구 서초동 1676-1,서울 서초구 서초대로 332,37.4946779862252,127.01791664801
1945255316,GS25 방배원페를라점,convenience,서울 서초구 방배동 814-1,서울 서초구 서초대로19길 120,37.4918829739158,126.988644769296
1866279724,GS25 메이플자이점,convenience,서울 서초구 잠원동 60-3,서울 서초구 잠원로4길 50,37.51282228707964,127.01197032178291
12296931,GS25 반포1점,convenience,서울 서초구 반포동 54-3,서울 서초구 고무래로8길 9,37.5019554248739,127.010282376504
8379898,CU 서초양재천점,convenience,서울 서초구 양재동 249-3,서울 서초구 마방로 10,37.4737376048132,127.040106761743
1804572182,GS25 잠원브라운점,convenience,서울 서초구 잠원동 67-6,서울 서초구 잠원로 46-6,37.5087527249458,127.008849164989
12296964,GS25 서초법원점,convenience,서울 서초구 서초동 1717-2,서울 서초구 법원로1길 5,37.4931147605541,127.010149992501
676800116,이마트24 트렌드랩성수점,convenience,서울 성동구 성수동2가 315-71,서울 성동구 아차산로 104,37.5444422400333,127.055458106474
1481016723,용비쉼터,convenience,서울 성동구 금호동4가 2-4,서울 성동구 중랑천서자전거길 5,37.54630650551863,127.03040596760499
12296870,GS25 성수우림점,convenience,서울 성동구 성수동2가 280-21,서울 성동구 광나루로6길 35,37.5467403045195,127.063383284599
752288253,이마트24 본점,convenience,서울 성동구 성수동2가 281-4,서울 성동구 광나루로 310,37.54788566495845,127.06469240605202
15760766,CU 성수성문점,convenience,서울 성동구 성수동2가 315-7,서울 성동구 성수이로 87,37.5428335378977,127.056341781273
565994610,GS25 성수AK점,convenience,서울 성동구 성수동1가 13-207,서울 성동구 성수일로 99,37.549469940036,127.051187615405
25757171,GS25 성수세대점,convenience,서울 성동구 성수동2가 315-70,서울 성동구 연무장7길 12,37.5435731212623,127.054717426398
1596514612,CU 성수스페이스타워점,convenience,서울 성동구 성수동1가 656-882,서울 성동구 광나루로 144,37.5513000304133,127.046434718073
506875062,GS25 행당신동아점,convenience,서울 성동구 행당동 344,서울 성동구 독서당로59길 84,37.5551327230933,127.033590842946
25757170,GS25 성수디지털점,convenience,서울 성동구 성수동2가 333-140,서울 성동구 성수이로7길 27,37.54157708538137,127.05345318712878
8653819,CU 성동신한점,convenience,서울 성동구 도선동 14,서울 성동구 고산자로 269,37.5636942543325,127.035780305003
2028376054,GS25 성수이로점,convenience,서울 성동구 성수동2가 289-8,서울 성동구 성수이로 127,37.5462892616314,127.057399028556
16964050,GS25 성동서울숲점,convenience,서울 성동구 성수동1가 668-62,서울 성동구 서울숲2길 41,37.5465115381757,127.043231587401
1388673602,GS25 뚝섬본점,convenience,서울 성동구 성수동1가 656-766,서울 성동구 아차산로 38,37.54658783855212,127.04859767649519
455886528,CU 성동자이점,convenience,서울 성동구 행당동 380,서울 성동구 고산자로2길 67,37.5562972682758,127.038027811507
2070064937,CU 성수경일점,convenience,서울 성동구 성수동1가 22-5,서울 성동구 성수일로 39,37.544155743314626,127.04931803475652
2049874986,GS25 성수백영점,convenience,서울 성동구 성수동2가 301-51,서울 성동구 성수일로 56,37.5453382870381,127.050426631223
27498610,GS25 왕십리도선점,convenience,서울 성동구 도선동 29,서울 성동구 왕십리로20길 8,37.5624619086929,127.035055338272
16884484,CU 성수디지털타워점,convenience,서울 성동구 성수동1가 14-18,서울 성동구 아차산로 49,37.54674310919087,127.05003943808386
9629610,CU 성수성원점,convenience,서울 성동구 성수동2가 277-37,서울 성동구 아차산로15길 10,37.5436989939017,127.062516201086
25757169,GS25 성동무학교점,convenience,서울 성동구 홍익동 1,서울 성동구 청계천로 484,37.5693215540915,127.03050361254
16329681,GS25 성수포레점,convenience,서울 성동구 성수동1가 685-696,서울 성동구 서울숲2길 32-14,37.545394449692,127.042819046628
1639342309,GS25 성동샤르망점,convenience,서울 성동구 행당동 192-29,서울 성동구 고산자로 284,37.56467153223286,127.03676663384401
68319699,CU 성수헤이루점,convenience,서울 성동구 성수동1가 656-465,서울 성동구 왕십리로 64,37.5432961745778,127.044836531384
1664243113,CU 서울숲리버포레점,convenience,서울 성동구 성수동1가 721,서울 성동구 왕십리로 137,37.549955942717204,127.04354025399606
923176122,GS25 성수세종점,convenience,서울 성동구 성수동2가 273-52,서울 성동구 아차산로 126,37.5433542644461,127.05830315035469
107427406,CU 금호사거리점,convenience,서울 성동구 금호동1가 1558,서울 성동구 독서당로 335,37.5482185042012,127.026326107186
741074631,CU 서울숲A타워점,convenience,서울 성동구 성수동1가 656-591,서울 성동구 상원1길 26,37.54612297484426,127.04847176794816
2105328910,GS25 유어스점,convenience,서울 성동구 성수동1가 656-3,서울 성동구 왕십리로 58,37.5426112788197,127.04519368769
1784748970,GS25 성수SKV1점,convenience,서울 성동구 성수동2가 315-61,서울 성동구 연무장5가길 25,37.5435671833693,127.05585350211572
1655579132,CU 성동행당점,convenience,서울 성동구 행당동 318-28,서울 성동구 행당로 133,37.5585556082035,127.033604829049
1345477691,GS25 왕십리사랑점,convenience,서울 성동구 도선동 311-35,서울 성동구 왕십리로26길 7,37.5637311870576,127.032701666625
16083313,CU 서울숲공원2호점,convenience,서울 성동구 성수동1가 685-715,,37.54131031666273,127.03997093859257
26616216,GS25 성동센터점,convenience,서울 성동구 성수동1가 685-697,서울 성동구 왕십리로 89,37.545840900720265,127.04402783824956
16877269,CU 왕십리한양점,convenience,서울 성동구 행당동 4-11,서울 성동구 마조로1길 32,37.56026027861428,127.03947853766358
1102700710,GS25 뉴성수대우점,convenience,서울 성동구 성수동1가 13-177,서울 성동구 상원6길 10-1,37.5487580266269,127.049364068884
1545568722,CU 뉴서울숲L타워점,convenience,서울 성동구 성수동1가 656-1110,서울 성동구 아차산로 17,37.54796092781969,127.04644056801615
12296961,GS25 신금호점,convenience,서울 성동구 금호동2가 494,서울 성동구 금호산길 61,37.5536753994131,127.01934313242
1297979007,GS25 서울숲드림점,convenience,서울 성동구 성수동2가 323,서울 성동구 성수이로 66,37.5407217956115,127.055919270174
27498503,GS25 옥수상떼뷰점,convenience,서울 성동구 옥수동 475,서울 성동구 독서당로 166,37.54055607532401,127.01152328226527
22876463,CU 성수한진점,convenience,서울 성동구 성수동1가 704,서울 성동구 뚝섬로 312,37.54124969546989,127.04564321033777
817029957,GS25 성수클래스점,convenience,서울 성동구 성수동2가 277-101,서울 성동구 아차산로13길 16,37.54457902119744,127.06127220993646
19201179,CU 장한평역점,convenience,서울 성동구 용답동 232-1,서울 성동구 천호대로 400,37.56137167382301,127.06325759508331
156731326,세븐일레븐 성수우리큐브점,convenience,서울 성동구 성수동2가 273-61,서울 성동구 연무장11길 10,37.5427969460154,127.057486874436
12296957,GS25 길음뉴타운점,convenience,서울 성북구 길음동 1281-6,서울 성북구 삼양로13길 45,37.6108091045979,127.019924206043
1778390923,CU 길음역점,convenience,서울 성북구 길음동 542-1,서울 성북구 길음로 11,37.6037852444956,127.023437505361
269110835,CU 종암로점,convenience,서울 성북구 종암동 10-100,서울 성북구 종암로 84,37.5978078327785,127.035268947382
2098212782,CU 장위레디언트점,convenience,서울 성북구 장위동 61-1,서울 성북구 돌곶이로30길 24,37.612105659968165,127.05615955391035
17056752,GS25 길음역점,convenience,서울 성북구 길음동 1276,서울 성북구 동소문로 248,37.60330303321163,127.02433426092482
12296815,GS25 고대종암점,convenience,서울 성북구 종암동 31-46,서울 성북구 북악산로27길 14,37.5921408500322,127.034407997858
16054599,CU 종암행복점,convenience,서울 성북구 종암동 34-6,서울 성북구 종암로5길 29,37.5940762263537,127.034250364376
1373235759,이마트24 한성대입구역점,convenience,서울 성북구 동소문동1가 22-2,서울 성북구 동소문로 3-1,37.5889651721614,127.00670286612
1817362650,GS25 석계화랑로점,convenience,서울 성북구 석관동 176-62,서울 성북구 화랑로40길 26,37.613200548521,127.062931108386
1318372499,GS25 성북본점,convenience,서울 성북구 동선동5가 68-1,서울 성북구 아리랑로4가길 8-7,37.5955539730081,127.017143638487
12296905,GS25 종암파크점,convenience,서울 성북구 종암동 70-14,서울 성북구 종암로19길 24,37.5981634038657,127.033269331758
1057740591,GS25 성북꿈의숲점,convenience,서울 성북구 장위동 317,서울 성북구 월계로36길 27,37.619727191235256,127.04781723476461
2058645497,GS25 장위제일점,convenience,서울 성북구 장위동 68-955,서울 성북구 장월로 57,37.6111253501429,127.04807561721957
12296950,GS25 성북동진점,convenience,서울 성북구 종암동 10-178,서울 성북구 종암로 54,37.5949153719783,127.036189299636
17056747,GS25 종암SK점,convenience,서울 성북구 종암동 104-1,서울 성북구 종암로24가길 53,37.6005842421859,127.036726546098
765655084,GS25 장위사거리점,convenience,서울 성북구 장위동 74-140,서울 성북구 돌곶이로 134,37.6144044400917,127.053448642504
1378891304,CU 돈암삼성점,convenience,서울 성북구 돈암동 19-98,서울 성북구 동소문로 190,37.59892555077685,127.02214505423949
21299734,CU 성북로데오점,convenience,서울 성북구 동선동1가 100,서울 성북구 동소문로20가길 22,37.5926310662526,127.017749878852
1168986237,GS25 장위메인점,convenience,서울 성북구 장위동 60-1,서울 성북구 화랑로37길 42,37.61353751891293,127.05763869091541
1677307299,CU 길음위브점,convenience,서울 성북구 길음동 1285-7,서울 성북구 길음로13길 24,37.6087297488463,127.019153523863
8551665,GS25 성북장위점,convenience,서울 성북구 장위동 66-9,서울 성북구 화랑로33길 39,37.6118721620462,127.054540910134
153588957,CU 안암센트럴점,convenience,서울 성북구 안암동5가 86-132,서울 성북구 고려대로28길 16,37.5855538354283,127.030623453871
27062727,CU 석관미송점,convenience,서울 성북구 석관동 208-6,서울 성북구 돌곶이로22길 45,37.6106584178134,127.060325188976
606265907,GS25 이안테라디움국민대점,convenience,서울 성북구 정릉동 1056,서울 성북구 정릉로 104,37.6091267946835,126.99682094208
1700147024,GS25 성북한성점,convenience,서울 성북구 성북동 184-88,서울 성북구 성북로 16,37.58958333201397,127.00512569694047
25757618,GS25 정릉하이츠점,convenience,서울 성북구 정릉동 435,서울 성북구 정릉로26길 8,37.60392672445856,127.01087168916004
27386871,CU 월곡로타리점,convenience,서울 성북구 하월곡동 90-455,서울 성북구 오패산로3길 3,37.6037629148336,127.036796056656
1290917237,CU 돈암시장점,convenience,서울 성북구 동소문동5가 67-6,서울 성북구 보문로40길 29,37.592062006726955,127.01511038083325
15967914,GS25 성신여대점,convenience,서울 성북구 동선동2가 154,서울 성북구 보문로34길 88,37.591257572132804,127.02013186053685
1650929204,CU 안암역점,convenience,서울 성북구 안암동5가 100-9,서울 성북구 고려대로 95,37.5864549876061,127.030003375888
301439514,CU 안암학사점,convenience,서울 성북구 안암동5가 1-2,서울 성북구 안암로 145,37.591392747029516,127.0287145615185
2033096377,CU 동소문사거리점,convenience,서울 성북구 동소문동6가 26,서울 성북구 동소문로13길 12,37.5924037434623,127.01291380154
17045534,CU 성북점,convenience,서울 성북구 성북동 184-48,서울 성북구 성북로8길 4,37.5906861770171,127.004370550504
1049907919,GS25 뉴성북중앙점,convenience,서울 성북구 종암동 83-3,서울 성북구 종암로21길 47,37.6005682039303,127.033072229653
633468560,CU 동선대로점,convenience,서울 성북구 동선동4가 294,서울 성북구 동소문로27길 1,37.59463379539427,127.01888154897256
144413092,CU 월곡본점,convenience,서울 성북구 하월곡동 222,서울 성북구 오패산로 46,37.60627373238166,127.0402944631341
16533717,CU 정릉풍림점,convenience,서울 성북구 정릉동 239,서울 성북구 솔샘로25길 20,37.616836326536,127.00801925677
18829767,GS25 보문역점,convenience,서울 성북구 보문동1가 126,서울 성북구 보문로 118,37.585660713655,127.019491797526
16847935,CU 국민대점,convenience,서울 성북구 정릉동 891-1,서울 성북구 정릉로8길 75,37.608269993252,126.999125684161
19510573,CU 고려대안암병원점,convenience,서울 성북구 안암동5가 126-1,서울 성북구 고려대로 73,37.587211759710996,127.02649721194408
11001068,GS25 성북동소문점,convenience,서울 성북구 동소문동4가 103-27,서울 성북구 동소문로13가길 46,37.59119753580454,127.01070792198469
32232723,세븐일레븐 성북두산점,convenience,서울 성북구 석관동 10,서울 성북구 화랑로48길 16,37.61238508754415,127.06947342645206
20037872,GS25 길음본점,convenience,서울 성북구 길음동 1284,서울 성북구 길음로 33,37.60667598981281,127.02149729145049
1569945891,GS25 성북마을점,convenience,서울 성북구 성북동1가 102,서울 성북구 성북로5길 22,37.588977912484445,127.00388358694569
1809396117,이마트24 가천대중앙도서관점,convenience,경기 성남시 수정구 복정동 620-2,경기 성남시 수정구 성남대로 1342,37.45226970907415,127.13294271553451
2017711162,이마트24 R태평오거리점,convenience,경기 성남시 수정구 태평동 3799,경기 성남시 수정구 남문로 65,37.4461649887297,127.134055216884
21307047,엔젤마트,convenience,서울 동대문구 장안동 361-4,서울 동대문구 장한로 58,37.56611634514108,127.06807215987396
1973328870,CU 한강르네상스잠실1호점,convenience,서울 송파구 잠실동 1-1,,37.51975973909968,127.0933913959831
12296848,GS25 석촌럭키점,convenience,서울 송파구 송파동 27-8,서울 송파구 백제고분로41길 28,37.5084560691795,127.106831965073
17050478,CU 올림픽광장점,convenience,서울 송파구 방이동 88-2,서울 송파구 올림픽로 424,37.51653378933317,127.12997991976155
775169777,이마트24 R송파하모니점,convenience,서울 송파구 삼전동 176,서울 송파구 백제고분로32길 17,37.5007300689267,127.095097977103
2054520968,GS25 석촌시장점,convenience,서울 송파구 석촌동 275-9,서울 송파구 가락로16길 4,37.500915832237816,127.1085085382464
12296936,GS25 잠실타워점,convenience,서울 송파구 잠실동 175,서울 송파구 백제고분로 69,37.51055472807684,127.07907321002529
10107455,CU 잠실타워점,convenience,서울 송파구 신천동 7-28,서울 송파구 올림픽로 293-19,37.51525974175375,127.10254903985542
1290120718,CU 잠실선착장점,convenience,서울 송파구 잠실동 1-2,,37.51872941187688,127.08189733866422
1131374518,GS25 송파다빈치점,convenience,서울 송파구 오금동 130,서울 송파구 마천로26길 6-1,37.50272383772862,127.13891864718548
1317526675,이마트24 석촌호수점,convenience,서울 송파구 송파동 15-4,서울 송파구 송파대로 456,37.5072027643759,127.105839419194
563661820,GS25 잠실스타점,convenience,서울 송파구 방이동 41-3,서울 송파구 올림픽로34길 5-29,37.51660066206328,127.11220973180144
12296850,GS25 삼전배명점,convenience,서울 송파구 삼전동 131-5,서울 송파구 삼학사로 81,37.5044461260429,127.096932588311
101578591,CU 한강버스잠실점,convenience,서울 송파구 잠실동 1-2,,37.5187570365298,127.08488368119258
10881834,GS25 방이번영점,convenience,서울 송파구 방이동 203-4,서울 송파구 위례성대로18길 28,37.51000418837367,127.12499764754133
12296897,GS25 방이중앙점,convenience,서울 송파구 방이동 64,서울 송파구 오금로11길 6,37.5142503114537,127.107948712277
524561171,GS25 뉴가주초교점,convenience,서울 송파구 가락동 153-8,서울 송파구 송이로23길 52-42,37.49720666037943,127.12803866468194
12999535,CU 두산베어스점,convenience,서울 송파구 잠실동 199,서울 송파구 백제고분로9길 14,37.50934265360081,127.08073568665533
142515716,GS25 방이가락로점,convenience,서울 송파구 방이동 162,서울 송파구 가락로42길 14,37.5120365452219,127.120966484701
1785704940,세븐일레븐 석촌서호수본점,convenience,서울 송파구 석촌동 24-3,서울 송파구 석촌호수로 210,37.50672984680781,127.10055699438044
1628007807,CU 방이헤리츠점,convenience,서울 송파구 방이동 47,서울 송파구 위례성대로2길 8,37.5163393573778,127.113168549104
10881838,GS25 송파제일점,convenience,서울 송파구 송파동 47-3,서울 송파구 백제고분로 423,37.5089243231653,127.111031016881
1148685325,GS25 송파양산로점,convenience,서울 송파구 거여동 293-1,서울 송파구 양산로 12,37.4899420414064,127.143545721526
1471689616,CU 올림픽공원본점,convenience,서울 송파구 방이동 88,서울 송파구 올림픽로 424,37.51769001307781,127.12644138694988
16084537,CU 삼전현대점,convenience,서울 송파구 삼전동 8-15,서울 송파구 백제고분로21길 5,37.5044914913528,127.089689956277
13056558,세븐일레븐 잠실교통회관점,convenience,서울 송파구 신천동 11-7,서울 송파구 올림픽로 319,37.5156643128465,127.10559346981931
26395428,GS25 문정센타점,convenience,서울 송파구 문정동 68-21,서울 송파구 새말로5길 6,37.4832463421576,127.124777807359
1634143908,GS25 뉴마천중앙점,convenience,서울 송파구 마천동 128-63,서울 송파구 거마로20길 27,37.4970680801345,127.149376458073
69441751,CU 송파에스아이팰리스점,convenience,서울 송파구 송파동 85,서울 송파구 백제고분로42길 4-5,37.5057833147647,127.109212268303
1352239844,CU 신가락본점,convenience,서울 송파구 가락동 99-2,서울 송파구 송파대로28길 6,37.4935057434461,127.119023282105
12296946,GS25 가락스타점,convenience,서울 송파구 가락동 98,서울 송파구 송파대로30길 16,37.49472016149516,127.11916090723903
1274129886,GS25 대한제당점,convenience,서울 송파구 신천동 7-23,서울 송파구 올림픽로 299,37.51546700786273,127.1035413236783
1068436884,GS25 석촌상상점,convenience,서울 송파구 석촌동 23-5,서울 송파구 송파대로49길 47,37.505930665191194,127.0994814864698
12315384,GS25 풍납퍼스트점,convenience,서울 송파구 풍납동 259-8,서울 송파구 토성로 26,37.5304598937141,127.113135574805
768074673,CU 문정파인타운점,convenience,서울 송파구 문정동 100-6,서울 송파구 새말로 153,37.4845377555101,127.130369949843
12296808,GS25 방이진실점,convenience,서울 송파구 방이동 34-9,서울 송파구 올림픽로32길 14,37.5148511794134,127.109039977171
642751211,세븐일레븐 챌린지스토어점,convenience,서울 송파구 신천동 7-18,서울 송파구 올림픽로 269,37.51422034367248,127.10108622315934
12296891,GS25 신천으뜸점,convenience,서울 송파구 잠실동 186-7,서울 송파구 백제고분로7길 48,37.5106368122054,127.084155132909
119606465,CU 방이본점,convenience,서울 송파구 방이동 67-12,서울 송파구 오금로15길 5,37.5122616796716,127.109056569346
25757273,GS25 잠실우성점,convenience,서울 송파구 잠실동 328,서울 송파구 백제고분로18길 29,37.50249093833953,127.08399896794545
516158897,세븐일레븐 방이프리미엄점,convenience,서울 송파구 방이동 174,서울 송파구 백제고분로50길 19-28,37.51475067195553,127.11799376242836
1080523149,CU 문정유탑점,convenience,서울 송파구 문정동 651-14,서울 송파구 법원로6길 7,37.48346564006558,127.12184979821944
508251410,GS25 송파배명점,convenience,서울 송파구 삼전동 181,서울 송파구 삼학사로11길 3,37.5013578828537,127.096440040045
26775805,CU 송파래미안점,convenience,서울 송파구 송파동 162,서울 송파구 오금로32길 14,37.50481067385724,127.11990302465497
1287806093,CU 신정역센트럴점,convenience,서울 양천구 신정동 955-6,서울 양천구 중앙로48길 66,37.5243650623949,126.858822828099
25757203,GS25 신정사랑점,convenience,서울 양천구 신정동 295-4,서울 양천구 신목로 25,37.51768912344,126.874413773321
19204675,CU 한성냉열점,convenience,서울 양천구 신월동 88-32,서울 양천구 가로공원로71길 2,37.5371272764582,126.834848119331
1720294504,CU 목동한영점,convenience,서울 양천구 목동 711-2,서울 양천구 목동중앙남로14가길 49,37.54223528926689,126.8647998421408
1073569782,CU 목동힐스테이트점,convenience,서울 양천구 신정동 1023-23,서울 양천구 신월로36길 19,37.5199599002804,126.858686335039
838241201,CU 목동드림타워점,convenience,서울 양천구 목동 923-14,서울 양천구 목동동로 233-1,37.52733332406193,126.87178089162214
1581450038,GS25 신정로점,convenience,서울 양천구 신정동 996-1,서울 양천구 목동로19길 11,37.52486378402176,126.86304605256854
1024010896,GS25 양천유니버스점,convenience,서울 양천구 신월동 1063,서울 양천구 중앙로29길 61,37.517639087356535,126.8472422272768
1845287243,GS25 목동라벨라점,convenience,서울 양천구 신정동 323-6,서울 양천구 목동서로 383,37.5158672912855,126.86151397139
211894035,GS25 목동낙원점,convenience,서울 양천구 목동 318-116,서울 양천구 목동중앙본로7가길 65,37.5424760152993,126.866523869341
1466621605,GS25 목동본점,convenience,서울 양천구 신정동 337,서울 양천구 목동남로4길 6-23,37.5079537158451,126.865358209918
2069786133,GS25 신정신서점,convenience,서울 양천구 신정동 989-1,서울 양천구 오목로42길 5,37.5249859210011,126.860396389308
973011749,GS25 신정역점,convenience,서울 양천구 신정동 922-16,서울 양천구 오목로 153,37.52498692591715,126.85451037727807
638700285,CU 목동오거리점,convenience,서울 양천구 신정동 888-46,서울 양천구 신정중앙로23길 3,37.526667100864785,126.86340250858731
735726992,세븐일레븐 목동서로점,convenience,서울 양천구 목동 408-23,서울 양천구 목동서로 252,37.5248122425218,126.86924324299
2081542673,GS25 신정동성당점,convenience,서울 양천구 신정동 964-39,서울 양천구 중앙로46길 29,37.52248039882084,126.85529240270901
21544005,GS25 목동현대점,convenience,서울 양천구 목동 961,서울 양천구 오목로 300,37.52489407830106,126.86991846901891
2018674357,CU 신정태화점,convenience,서울 양천구 신정동 1021-7,서울 양천구 중앙로32길 67,37.5205215090392,126.861205600589
12296797,GS25 신월대로점,convenience,서울 양천구 신월동 23-14,서울 양천구 화곡로 105,37.540001548159395,126.83362428716735
1055071202,GS25 목동칸타빌점,convenience,서울 양천구 목동 803-1,서울 양천구 목동중앙서로8길 23,37.5316277279927,126.866303352986
27364570,GS25 신목열매점,convenience,서울 양천구 신정동 130-1,서울 양천구 신목로2길 7,37.5184620632092,126.876005171047
8444605,세븐일레븐 목동리더스점,convenience,서울 양천구 신정동 296-93,서울 양천구 신목로 50,37.5198316847315,126.872708865595
19205547,CU 신월광영점,convenience,서울 양천구 신월동 44-24,서울 양천구 남부순환로 310,37.5388372357506,126.825969009411
399367511,GS25 양천본점,convenience,서울 양천구 목동 502-1,서울 양천구 목동중앙북로 60,37.5469684493732,126.869800907713
16416422,GS25 양천신정점,convenience,서울 양천구 신정동 1192-4,서울 양천구 신월로 266,37.521916209796444,126.85081723126358
1338197119,GS25 목동역7단지점,convenience,서울 양천구 목동 808-31,서울 양천구 목동로 216,37.5277965771193,126.864638107522
17046051,CU 목동역점,convenience,서울 양천구 신정동 995-1,서울 양천구 목동로 185,37.5250229915778,126.864373876027
1049066862,세븐일레븐 목동중앙본점,convenience,서울 양천구 목동 807-5,서울 양천구 등촌로 2,37.53028934065701,126.86437112907184
2006579217,세븐일레븐 어바니엘염창점,convenience,서울 양천구 목동 514-18,서울 양천구 공항대로 630,37.54666120051031,126.8747917981658
16590594,CU 오목교역점,convenience,서울 양천구 목동 406-21,서울 양천구 오목로 325,37.5250837261677,126.873641162494
275679348,GS25 신정뉴타운점,convenience,서울 양천구 신월동 564-1,서울 양천구 남부순환로85길 12,37.5146374228006,126.842123259158
423304506,CU 신월행운점,convenience,서울 양천구 신월동 1074,서울 양천구 곰달래로11길 56,37.53440276084104,126.83428163196935
811873996,GS25 목동13단지점,convenience,서울 양천구 신정동 327,서울 양천구 목동동로 100,37.516238848710216,126.86650840073165
26896125,CU 목동파리공원점,convenience,서울 양천구 목동 905-22,서울 양천구 목동동로 339,37.5322653002388,126.87676184582772
19034500,GS25 신월제일점,convenience,서울 양천구 신월동 229-26,서울 양천구 곰달래로14길 10,37.5291666483953,126.837888599955
12296933,GS25 목동고목점,convenience,서울 양천구 목동 751-2,서울 양천구 목동중앙본로 26,37.5390023511758,126.870286589114
443049272,CU 신목동점,convenience,서울 양천구 신정동 281-1,서울 양천구 신목로5길 13,37.5176772082975,126.872542850996
562377543,GS25 목동한가람점,convenience,서울 양천구 목동 909-5,서울 양천구 목동동로 435,37.5373848550413,126.884867120068
508197293,CU 양천두리점,convenience,서울 양천구 신정동 880-8,서울 양천구 은행정로 93,37.5280749973627,126.858497935884
939510237,CU 목4동점,convenience,서울 양천구 목동 728-21,서울 양천구 목동중앙남로5길 46,37.536900811440795,126.86431050318896
521347045,CU 신월경창점,convenience,서울 양천구 신월동 484-1,서울 양천구 중앙로53길 65,37.52461034580371,126.84259547781308
2058146404,GS25 신월수정점,convenience,서울 양천구 신월동 199-5,서울 양천구 남부순환로 408,37.53095786887488,126.8308442561036
19203639,CU 목동11단지점,convenience,서울 양천구 신정동 325,서울 양천구 목동동로 10,37.5132192245247,126.857708206166
756423028,GS25 목동호반써밋점,convenience,서울 양천구 신정동 1150-41,서울 양천구 중앙로29길 11,37.517186203060504,126.85317831815478
1866260663,CU 양천중앙점,convenience,서울 양천구 신정동 970-1,서울 양천구 중앙로48길 6,37.52303092004286,126.85238743918755
816139268,CU 한강르네상스양화2호점,convenience,서울 영등포구 당산동 30-3,서울 영등포구 노들로 147,37.5425464242696,126.896256034154
2064292780,CU 여의중앙점,convenience,서울 영등포구 여의도동 44-21,서울 영등포구 국제금융로8길 19,37.5207620017854,126.929136517064
2019001298,GS25 영등포유윈시티점,convenience,서울 영등포구 영등포동7가 63-18,서울 영등포구 국회대로 632,37.5254061890395,126.904194203444
27062754,CU 여의도선착장1호점,convenience,서울 영등포구 여의도동 85-1,서울 영등포구 여의동로 280,37.52496258568632,126.93901986761166
101683491,CU 한강버스여의도점,convenience,서울 영등포구 여의도동 85-1,,37.52894344213031,126.93440531432992
19200821,CU 문래벤처점,convenience,서울 영등포구 문래동3가 82-29,서울 영등포구 선유로 70,37.5200220066182,126.889957044665
967811519,세븐일레븐 여의IFC점,convenience,서울 영등포구 여의도동 24,서울 영등포구 국제금융로2길 7,37.52460959702852,126.92669952183441
27498417,GS25 영등포영달점,convenience,서울 영등포구 영등포동4가 428-13,서울 영등포구 영신로24길 18-1,37.5162936560044,126.904450180753
16075393,GS25 대방역점,convenience,서울 영등포구 신길동 1432,서울 영등포구 여의대방로62길 2,37.513876816596685,126.92664667803419
13056563,세븐일레븐 여의도메리어트호텔점,convenience,서울 영등포구 여의도동 28-3,서울 영등포구 여의대로 8,37.521153424467336,126.91855815406645
1649762580,GS25 당산양화점,convenience,서울 영등포구 당산동6가 342,서울 영등포구 선유로52길 11,37.53585030897605,126.89951479784288
1414175855,CU 당산SK점,convenience,서울 영등포구 당산동5가 9-13,서울 영등포구 선유동2로 64,37.5340968902607,126.898377820177
12149444,세븐일레븐 여의점,convenience,서울 영등포구 여의도동 11-11,서울 영등포구 여의서로 43,37.5307821302228,126.92490027525129
27495720,GS25 강서타워점,convenience,서울 영등포구 문래동6가 10,서울 영등포구 선유로 75,37.5206448567482,126.889268355981
195106645,GS25 타임스퀘어점,convenience,서울 영등포구 영등포동4가 442,서울 영등포구 영중로 15,37.517233707169474,126.90371599319953
8003372,GS25 동여의점,convenience,서울 영등포구 여의도동 45-13,서울 영등포구 여의대방로65길 23,37.520239208173614,126.9287840766518
428206371,GS25 여의순복음점,convenience,서울 영등포구 여의도동 13-5,서울 영등포구 국회대로76길 18,37.5299812131077,126.92222883323
1511815762,세븐일레븐 양평행운점,convenience,서울 영등포구 양평동2가 19-4,서울 영등포구 선유서로21길 14,37.5227660347506,126.883866947793
8001119,GS25 여의성우점,convenience,서울 영등포구 여의도동 15-12,서울 영등포구 국회대로66길 17,37.5284683677557,126.919445080337
882388255,세븐일레븐 한강르네상스양화1호점,convenience,서울 영등포구 당산동 95-1,서울 영등포구 한강남자전거길 1203,37.5377281782454,126.904070951737
22458599,세븐일레븐 전경련회관점,convenience,서울 영등포구 여의도동 28-1,서울 영등포구 여의대로 24,37.5222303289509,126.920180300537
27498414,GS25 여의에클라트점,convenience,서울 영등포구 여의도동 14-21,서울 영등포구 국회대로 780,37.53001518814595,126.91915379153536
1342612843,CU 여의도선착장터미널점,convenience,서울 영등포구 여의도동 85-1,서울 영등포구 여의도한강공원길 231,37.529579153395765,126.93369653727487
1449591911,GS25 영등포리드점,convenience,서울 영등포구 당산동2가 47-4,서울 영등포구 양산로 96,37.5244013354065,126.893403230047
17050585,CU 영등포에이스점,convenience,서울 영등포구 문래동3가 55-20,서울 영등포구 경인로 775,37.5149841232753,126.898597163676
48801419,GS25 영등포리미티오점,convenience,서울 영등포구 영등포동2가 139,서울 영등포구 버드나루로 5,37.5192747502046,126.912155416737
2141223775,CU 영신점,convenience,서울 영등포구 영등포동5가 18-1,서울 영등포구 영등포로 225,37.51968616399641,126.90699782606124
1844006595,GS25 여의도현대점,convenience,서울 영등포구 여의도동 2-2,,37.52549298883295,126.92736271927402
27498395,GS25 여의서린점,convenience,서울 영등포구 여의도동 45-19,서울 영등포구 여의대방로65길 17,37.519595303384165,126.92930390559252
630679080,CU 영등포공군호텔점,convenience,서울 영등포구 신길동 1279,서울 영등포구 영등포로86길 23,37.5108885238513,126.922931807579
12297241,GS25 대림제일점,convenience,서울 영등포구 대림동 994-4,서울 영등포구 시흥대로 591,37.4855251381734,126.903250157728
1137799517,CU 영등포세무서점,convenience,서울 영등포구 양평동4가 22-1,서울 영등포구 선유로47길 15,37.53554907379748,126.8950256784954
1058462309,CU 당산센트럴아이파크점,convenience,서울 영등포구 당산동5가 43,서울 영등포구 영신로 247,37.5295773089347,126.902461309231
7955820,세븐일레븐 여의1호점,convenience,서울 영등포구 여의도동 41-1,서울 영등포구 국제금융로7길 22,37.5234241613374,126.933256272294
281954822,CU 양평한신점,convenience,서울 영등포구 양평동5가 76,서울 영등포구 양평로24길 9,37.5407785136294,126.891086345469
12297243,GS25 영등포병원점,convenience,서울 영등포구 당산동3가 388-1,서울 영등포구 당산로33길 9,37.5272388049173,126.895661806155
16095526,CU 신길역점,convenience,서울 영등포구 신길동 59-2,서울 영등포구 영등포로 353,37.51503255104681,126.91803883393945
1174024210,GS25 여의파크원점,convenience,서울 영등포구 여의도동 22,서울 영등포구 여의대로 108,37.52658306675714,126.92714445328207
1353106016,GS25 문래승호점,convenience,서울 영등포구 문래동2가 40-6,서울 영등포구 경인로77길 14,37.51294542440794,126.89278385191008
113642798,GS25 브라이튼여의도1호점,convenience,서울 영등포구 여의도동 525,서울 영등포구 국제금융로 39,37.52365011325421,126.92980348718594
786381171,GS25 신길센트럴점,convenience,서울 영등포구 신길동 355-356,서울 영등포구 도림로 308,37.5051333439936,126.902764553331
20038207,GS25 영등포센트럴점,convenience,서울 영등포구 영등포동4가 443,서울 영등포구 문래로 180,37.5179963653856,126.902022786982
19199330,CU 영등포마사회점,convenience,서울 영등포구 영등포동3가 18,서울 영등포구 영중로8길 14,37.5181299622588,126.906782572941
12297266,GS25 여의파라곤점,convenience,서울 영등포구 여의도동 13,서울 영등포구 국회대로 800,37.53074620727823,126.92093828855792
21544343,GS25 서울역점,convenience,서울 용산구 동자동 43-120,서울 용산구 한강대로 401,37.554048557232754,126.97233189463573
241886003,세븐일레븐 용산서울역점,convenience,서울 용산구 서계동 219-1,서울 용산구 청파로 395,37.5548675699444,126.968744024279
1921276513,CU 한강르네상스이촌2호점,convenience,서울 용산구 이촌동 302-17,서울 용산구 서빙고로62길 5-486,37.5174664675558,126.970024267056
992690296,CU 용산아이파크몰점,convenience,서울 용산구 한강로3가 40-999,서울 용산구 한강대로23길 55,37.52956185970801,126.96471343188172
383639940,GS25 커넥트서울역점,convenience,서울 중구 봉래동2가 122-11,서울 중구 한강대로 405,37.554433007940794,126.9711807950791
65239433,GS25 나인트리로카우스점,convenience,서울 용산구 한강로3가 40-708,서울 용산구 한강대로23길 25,37.527639913596,126.964348923035
913513187,CU 원효로고가점,convenience,서울 용산구 원효로3가 288-1,서울 용산구 원효로 123,37.5334696242037,126.956933206668
17056313,GS25 이태원점,convenience,서울 용산구 이태원동 123-30,서울 용산구 이태원로 185,37.5347198327024,126.994578233975
12297288,GS25 용산점,convenience,서울 용산구 한강로3가 40-147,서울 용산구 한강대로 49,37.52542871091349,126.96387596903905
17056210,CU 이태원탑점,convenience,서울 용산구 이태원동 118-88,서울 용산구 이태원로19길 10,37.5349503389148,126.991948788447
1459105942,GS25 용산파크타워점,convenience,서울 용산구 용산동5가 24-1,서울 용산구 서빙고로 69,37.523340722648484,126.97256156962803
1234086706,CU 서부이촌점,convenience,서울 용산구 이촌동 193-4,서울 용산구 이촌로 100-11,37.5233673673915,126.958827068459
350559745,CU 나인원한남점,convenience,서울 용산구 한남동 829,서울 용산구 한남대로 91,37.536277679639305,127.00504397657159
31640798,GS25 이태원프리미엄점,convenience,서울 용산구 이태원동 227-28,서울 용산구 회나무로25길 1,37.5399418457531,126.991445866127
1432736951,GS25 한남행복점,convenience,서울 용산구 한남동 795-2,서울 용산구 한남대로 158,37.54241446737969,127.00273718693249
146779982,CU 용산프레지던트점,convenience,서울 용산구 한강로1가 166-6,서울 용산구 이태원로4길 30,37.5332253263954,126.975346844051
897350416,GS25 뉴이태원본점,convenience,서울 용산구 이태원동 137-56,서울 용산구 우사단로 34,37.5332278213131,126.995699557154
1953324332,CU 신용산래미안점,convenience,서울 용산구 한강로2가 422,서울 용산구 한강대로 95,37.52910563647278,126.96672742386657
1145307349,이마트24 한강이촌1호점,convenience,서울 용산구 이촌동 362-1,서울 용산구 한강북자전거길 1775,37.51534166332408,126.98221867300677
1490862493,CU 용산땡땡거리점,convenience,서울 용산구 한강로3가 40-369,서울 용산구 한강대로7길 39,37.525138591469,126.961051313975
1359300432,GS25 남산서울타워점,convenience,서울 용산구 용산동2가 산 1-11,,37.5510418592121,126.988036016787
7879250,세븐일레븐 한강로점,convenience,서울 용산구 한강로3가 16-60,서울 용산구 청파로 46,37.5319368845768,126.956559601829
1044520056,GS25 용산웰츠타워점,convenience,서울 용산구 문배동 11-10,서울 용산구 백범로90길 90,37.53756926342799,126.968644888331
1444677636,CU 용산게이트웨이점,convenience,서울 용산구 동자동 12,서울 용산구 후암로 107,37.5534839213077,126.9735973483
8422707,세븐일레븐 한남UN점,convenience,서울 용산구 한남동 28-11,서울 용산구 독서당로 86,37.53421857292897,127.01005147056213
19032324,GS25 동자제일점,convenience,서울 용산구 갈월동 1-5,서울 용산구 한강대로102길 12,37.54975628090207,126.97267071227778
1845142226,GS25 용산파크자이점,convenience,서울 용산구 한강로1가 50-1,서울 용산구 한강대로 205,37.53631162456734,126.97292453724953
43339112,GS25 뉴한남중앙점,convenience,서울 용산구 한남동 657-147,서울 용산구 대사관로31길 21,37.5343377907253,127.005792842328
9615362,CU 유엔빌리지점,convenience,서울 용산구 한남동 312-5,서울 용산구 유엔빌리지1길 2,37.53294366839789,127.00991100667325
24209540,CU 용산전자랜드본관점,convenience,서울 용산구 한강로3가 16-9,서울 용산구 청파로 74,37.53278849501337,126.95955955692149
318570438,GS25 뉴후암사랑점,convenience,서울 용산구 후암동 105-64,서울 용산구 후암로 29,37.54854998667779,126.97763108379732
1480679563,CU 용산앰버서더호텔점,convenience,서울 용산구 한강로3가 40-969,서울 용산구 청파로20길 95,37.5318381500473,126.96294967461
1900968708,이마트24 R해방촌점,convenience,서울 용산구 용산동2가 37-3,서울 용산구 신흥로11길 1,37.5429580439997,126.98752585045
1435825526,GS25 숙대드림점,convenience,서울 용산구 청파동2가 42-31,서울 용산구 청파로47나길 19,37.54586883481207,126.96703681964668
1510815650,GS25 용리단길점,convenience,서울 용산구 한강로2가 88,서울 용산구 한강대로48길 17-5,37.5316531478396,126.971637586417
1755276136,CU H용산몬드리안호텔점,convenience,서울 용산구 이태원동 22-76,서울 용산구 장문로 23,37.5285641152689,126.993107954052
386012169,CU 용산해방촌오거리점,convenience,서울 용산구 용산동2가 16,서울 용산구 신흥로18길 4,37.5457040984256,126.985828013487
19198907,CU 용산역점,convenience,서울 용산구 한강로2가 2-196,서울 용산구 새창로 213,37.53036180707,126.96735250486505
12297262,GS25 남영역점,convenience,서울 용산구 갈월동 101-41,서울 용산구 한강대로 259,37.5417120936591,126.97238171507
1830661942,CU 한남카페거리2호점,convenience,서울 용산구 한남동 684-31,서울 용산구 이태원로54길 62,37.5357146576252,127.001013766046
25757238,GS25 용산하얏트점,convenience,서울 용산구 이태원동 243-37,서울 용산구 회나무로44길 46,37.5394230851903,126.995279418082
1424136021,세븐일레븐 남영헤리티지점,convenience,서울 용산구 갈월동 98-6,서울 용산구 한강대로71길 47,37.5413407188848,126.971693887718
1419618512,GS25 용산한남점,convenience,서울 용산구 한남동 29-21,서울 용산구 독서당로 77,37.5342546931622,127.009060357396
8320251,세븐일레븐 관광특구점,convenience,서울 용산구 한남동 737-50,서울 용산구 이태원로 211,37.5349073364554,126.997388675434
16047842,월드24시 연신내점,convenience,서울 은평구 갈현동 398-1,서울 은평구 통일로 855-15,37.61926814131914,126.91979916362456
925704030,아싸셀프다24시,convenience,서울 은평구 구산동 23-29,서울 은평구 갈현로16길 16-2,37.608128903195414,126.91299215654415
164440965,제로스토어 명지대점,convenience,서울 서대문구 남가좌동 343-43,서울 서대문구 거북골로 47,37.578716649936524,126.92295591417309
26596611,김덕후의곱창조 홍대2호점,convenience,서울 마포구 서교동 369-41,서울 마포구 양화로16길 34,37.5528687243491,126.921351758802
1820157569,GS25 응암한빛점,convenience,서울 은평구 응암동 590-23,서울 은평구 응암로13길 14,37.58935680790376,126.9155377909899
473869263,CU 은평한옥마을점,convenience,서울 은평구 진관동 205-9,서울 은평구 진관길 9,37.64226398589167,126.9393965926556
1182256171,CU 우주마을점,convenience,서울 은평구 신사동 237-227,서울 은평구 가좌로11길 24-7,37.5960778644756,126.905575720802
178151316,GS25 불광행복점,convenience,서울 은평구 불광동 445-338,서울 은평구 통일로92길 38,37.6260129722264,126.923943637884
1300391085,GS25 은평모아점,convenience,서울 은평구 구산동 304-52,서울 은평구 서오릉로 273,37.61836583597772,126.90582165182316
2133696267,GS25 역촌시그니처점,convenience,서울 은평구 역촌동 189-1,서울 은평구 갈현로7길 25,37.603772175671516,126.90882523025483
1972972217,CU 구산본점,convenience,서울 은평구 갈현동 464-19,서울 은평구 연서로17길 8,37.6127346669332,126.916608848311
12297251,GS25 응암송원점,convenience,서울 은평구 응암동 111-1,서울 은평구 은평로 98,37.599527706886,126.918829507371
12297254,GS25 구산점,convenience,서울 은평구 갈현동 489-23,서울 은평구 서오릉로 178,37.613125628092,126.914003416138
2003824816,CU 응암본점,convenience,서울 은평구 응암동 119-29,서울 은평구 응암로21가길 20,37.59522200916401,126.91772789283993
1233975783,GS25 뉴은평행운점,convenience,서울 은평구 신사동 16-20,서울 은평구 갈현로1길 6,37.5994056843023,126.909616443571
1785461291,GS25 은평디에트르점,convenience,서울 은평구 진관동 144,서울 은평구 연서로46길 8,37.63354774117139,126.93254046194744
16767424,CU 녹번제일점,convenience,서울 은평구 녹번동 141-1,서울 은평구 진흥로 148,37.6085389688336,126.926403185118
1031686449,세븐일레븐 연신내마에스트로점,convenience,서울 은평구 대조동 186-25,서울 은평구 통일로 827,37.617175141519,126.922488100846
1111843722,이마트24 R센트럴DMC점,convenience,서울 은평구 증산동 258,서울 은평구 수색로 200,37.579320324838896,126.90119417193362
1775313149,CU 역촌그린점,convenience,서울 은평구 역촌동 49-33,서울 은평구 갈현로14길 15,37.6069959971051,126.912501965206
1418066871,GS25 불광천사랑점,convenience,서울 은평구 응암동 122-32,서울 은평구 불광천길 486,37.595618850718346,126.91574812316581
27603068,GS25 진관헤스티아점,convenience,서울 은평구 진관동 100,서울 은평구 통일로 1030,37.634173680720465,126.917934210977
16587798,GS25 은평폭포점,convenience,서울 은평구 진관동 140,서울 은평구 연서로44길 7,37.62899275143264,126.93166095799528
27296081,GS25 구산중앙점,convenience,서울 은평구 구산동 18-20,서울 은평구 연서로11길 20-5,37.608876007749,126.91324271064
16268489,GS25 숭실학원점,convenience,서울 은평구 신사동 358,서울 은평구 은평터널로7길 2,37.59235652122333,126.90639454058423
1139832557,GS25 은평에셀점,convenience,서울 은평구 진관동 101,서울 은평구 진관1로 21-9,37.63198185904508,126.92097843881002
20038263,GS25 응암신진점,convenience,서울 은평구 응암동 117-22,서울 은평구 은평로8길 39,37.59701765947505,126.91899416193469
19203788,CU 불광중앙점,convenience,서울 은평구 불광동 484-133,서울 은평구 통일로88길 12-3,37.6236830886215,126.921299867995
12297253,GS25 연신내제일점,convenience,서울 은평구 대조동 196-25,서울 은평구 연서로26길 11,37.61684970040759,126.92085287284868
861944922,CU 구산예일점,convenience,서울 은평구 구산동 6-17,서울 은평구 서오릉로11길 14,37.61123937143797,126.91457300981095
12297219,GS25 뉴은평타운점,convenience,서울 은평구 진관동 107,서울 은평구 진관2로 90,37.63401758534235,126.92720169977578
1808847820,GS25 갈현코어점,convenience,서울 은평구 구산동 26-7,서울 은평구 갈현로 121,37.6087336024455,126.910760348028
1917152413,GS25 은평무궁화점,convenience,서울 은평구 역촌동 59-3,서울 은평구 역말로6길 6,37.6052593733243,126.914390723546
1339803767,GS25 녹번푸르지오점,convenience,서울 은평구 녹번동 281,서울 은평구 통일로 660,37.60562437033032,126.93584198968988
22448085,CU 은평어드벤스힐점,convenience,서울 은평구 진관동 100-4,서울 은평구 진관1로 21-35,37.633581425389885,126.91879134770454
1152162613,CU 신사공원점,convenience,서울 은평구 신사동 4-19,서울 은평구 은평로 33-8,37.5987366125594,126.91128412894
971463481,이마트24 연신내대조점,convenience,서울 은평구 대조동 203-31,서울 은평구 연서로26길 26,37.61577798065896,126.9215358623375
643596338,CU 역촌오거리점,convenience,서울 은평구 녹번동 144-43,서울 은평구 진흥로 114,37.6065621223146,126.923451553786
17056291,GS25 연서로점,convenience,서울 은평구 대조동 223-13,서울 은평구 연서로 162,37.6132004631089,126.917872318633
18829758,GS25 수색두빌점,convenience,서울 은평구 증산동 223-47,서울 은평구 수색로 191,37.57824807903105,126.90111860750041
1100003085,CU 은평드림점,convenience,서울 은평구 구산동 547,서울 은평구 서오릉로21길 47,37.6126182739738,126.906756499038
1269997303,CU 연신내제일점,convenience,서울 은평구 갈현동 456-4,서울 은평구 연서로27길 6,37.6178069853102,126.918841354991
1933244990,CU 불광햇빛점,convenience,서울 은평구 불광동 285-11,서울 은평구 통일로 708-8,37.6097855930362,126.931829166177
939786466,CU 불광NC점,convenience,서울 은평구 대조동 15-38,서울 은평구 통일로65길 12-8,37.60963202752933,126.92961742855516
1100775176,GS25 수색아이파크점,convenience,서울 은평구 수색동 341-6,서울 은평구 수색로 322,37.58580390369152,126.8919752165277
19201306,CU 역촌제일점,convenience,서울 은평구 역촌동 78-45,서울 은평구 갈현로 59,37.6032155415762,126.910232420546
1207261882,CU 녹번대로점,convenience,서울 은평구 녹번동 159-35,서울 은평구 응암로 360,37.603134317188086,126.9227767255002
790265068,GS25 녹번역센트레빌점,convenience,서울 은평구 응암동 762,서울 은평구 백련산로 160,37.5993048101533,126.92654477232014
1122013145,GS25 뉴안녕인사동점,convenience,서울 종로구 관훈동 155-2,서울 종로구 인사동길 49,37.5744672291545,126.983551729672
850802282,CU 서순라길점,convenience,서울 종로구 봉익동 52,서울 종로구 서순라길 29,37.57201389405725,126.99364956848778
25757422,GS25 그랑서울본점,convenience,서울 종로구 청진동 70,서울 종로구 종로 33,37.57088810935141,126.98109614803792
12373401,세븐일레븐 종각점,convenience,서울 종로구 관철동 180,서울 종로구 삼일대로17길 51,37.569120858461886,126.98454674911615
150340269,CU 서촌사거리점,convenience,서울 종로구 통인동 137-15,서울 종로구 자하문로 37-1,37.57940318910125,126.97110664396799
16041817,CU 종로3가점,convenience,서울 종로구 낙원동 110,서울 종로구 돈화문로11길 38,37.5726875247096,126.989304916706
776872765,CU 인사동이브점,convenience,서울 종로구 인사동 152,서울 종로구 인사동3길 4,37.572167381907356,126.98666519846647
12297185,GS25 종로사직점,convenience,서울 종로구 체부동 37-1,서울 종로구 자하문로 19-1,37.5777986760692,126.971757073159
19429294,세븐일레븐 종로사직점,convenience,서울 종로구 사직동 304-36,서울 종로구 인왕산로1길 29,37.5735673322526,126.96411535524454
952807321,CU 삼청점,convenience,서울 종로구 화동 61,서울 종로구 삼청로 68,37.5815739391765,126.981319872302
1890734163,CU 광화문점,convenience,서울 종로구 신문로1가 25,서울 종로구 새문안로 89,37.57047241281208,126.97450824080896
19729839,CU 종로사직공원점,convenience,서울 종로구 필운동 142,서울 종로구 사직로 95,37.5763348581801,126.969339568097
27498593,GS25 청진본점,convenience,서울 종로구 청진동 201-1,서울 종로구 종로3길 38,37.5720086766211,126.979474863535
27260481,이마트24 청계천점,convenience,서울 종로구 서린동 88,서울 종로구 청계천로 35,37.5693096043926,126.981341046733
800394966,세븐일레븐 뉴웨이브 종각점,convenience,서울 종로구 관철동 6-3,서울 종로구 삼일대로 393,37.5696744077642,126.987391222116
12297167,GS25 명륜성대점,convenience,서울 종로구 명륜1가 15,서울 종로구 명륜길 2,37.5878823199782,126.996585210919
530610178,GS25 경희궁자이점,convenience,서울 종로구 교북동 126,서울 종로구 송월길 155,37.57120236348138,126.9617031259019
16732961,CU 종로창덕궁점,convenience,서울 종로구 운니동 16,서울 종로구 율곡로6길 15,37.5765762259812,126.989394924815
12297218,GS25 종로관훈점,convenience,서울 종로구 관훈동 198-8,서울 종로구 인사동5길 42,37.5724814724983,126.983812524402
20038328,GS25 종각점,convenience,서울 종로구 관철동 45-1,서울 종로구 우정국로2길 21,37.56963619982952,126.98433383637853
26502546,GS25 창신역점,convenience,서울 종로구 숭인동 53-21,서울 종로구 지봉로 92,37.5782407143825,127.015559286679
1294711345,GS25 계동중앙점,convenience,서울 종로구 계동 86,서울 종로구 계동길 61,37.5800429626774,126.986559640276
1307881432,CU 종로1가점,convenience,서울 종로구 종로1가 24,서울 종로구 종로 19,37.57068518719696,126.97989631737886
1818787041,세븐일레븐 종로서촌점,convenience,서울 종로구 통의동 66,서울 종로구 자하문로 18-1,37.5778168310795,126.972327630607
25757622,GS25 종로동묘점,convenience,서울 종로구 숭인동 316-2,서울 종로구 지봉로 18,37.5718039532054,127.015974516522
19204217,CU 생산성빌딩점,convenience,서울 종로구 적선동 122-1,서울 종로구 새문안로5가길 32,37.5748978795063,126.973506019724
25757185,GS25 수성동계곡점,convenience,서울 종로구 누상동 166-118,서울 종로구 옥인6길 5,37.5818980138135,126.964410240445
254930086,이마트24 종로BS타워점,convenience,서울 종로구 효제동 193-1,서울 종로구 종로35길 12,37.571787846269444,127.00403098364963
12297250,GS25 국일관점,convenience,서울 종로구 관수동 20,서울 종로구 수표로 96,37.5698079844486,126.98976150464885
1405487517,이마트24 종로3가점,convenience,서울 종로구 묘동 18,서울 종로구 율곡로8길 101,37.572795854981905,126.99196282796032
1192078629,GS25 종로율곡로점,convenience,서울 종로구 연건동 315,서울 종로구 율곡로 191-1,37.5762199084512,127.00014490213
12297369,GS25 종로인사점,convenience,서울 종로구 관훈동 144,서울 종로구 인사동길 59,37.5751159183367,126.983359141695
1345202666,CU 도렴빌딩점,convenience,서울 종로구 도렴동 60,서울 종로구 새문안로5길 37,37.573649257301604,126.97421283565599
12297212,GS25 종로안국점,convenience,서울 종로구 재동 104-1,서울 종로구 율곡로 61,37.5769398635178,126.985912660418
1236733480,CU 경희당점,convenience,서울 종로구 신문로2가 1-102,서울 종로구 경희궁길 36,37.5729184726539,126.970065447387
19205126,CU 종로피아노길점,convenience,서울 종로구 관철동 11-14,서울 종로구 청계천로 73,37.5686687254352,126.985877996429
1252129929,세븐일레븐 마로니에공원점,convenience,서울 종로구 동숭동 1-115,서울 종로구 대학로 116,37.58162494830595,127.00235822622533
799869189,세븐일레븐 종로재동점,convenience,서울 종로구 재동 12,서울 종로구 북촌로5길 4,37.57955619880447,126.9846940296201
1388630307,GS25 종로광장시장점,convenience,서울 종로구 종로5가 398-1,서울 종로구 동호로 401-2,37.5702733299092,127.001693408995
19202933,CU 종로동숭점,convenience,서울 종로구 동숭동 1-55,서울 종로구 대학로12길 13,37.58277551110834,127.00264016715825
17042171,CU 광화문광장점,convenience,서울 종로구 신문로1가 1-1,서울 종로구 새문안로 103-1,37.57046285058139,126.97617788613809
27498597,GS25 혜화경찰서점,convenience,서울 종로구 인의동 28-36,서울 종로구 창경궁로 112-11,37.572504196642846,126.9984989790743
684196220,세븐일레븐 종로3가역점,convenience,서울 종로구 돈의동 62,서울 종로구 돈화문로11길 9,37.5724083444579,126.990828615429
9629618,CU 시청광장점,convenience,서울 중구 을지로1가 192-11,서울 중구 을지로 6,37.565391694088134,126.97907146469551
369389234,CU 명동본점,convenience,서울 중구 명동2가 2-20,서울 중구 명동길 58,37.5637438479601,126.985601620647
1626017877,CU 한국프레스센터점,convenience,서울 중구 태평로1가 25,서울 중구 세종대로 124,37.5674205185068,126.977873331336
27498619,GS25 신당제니스점,convenience,서울 중구 흥인동 13-1,서울 중구 다산로46길 17,37.566978127908975,127.01665036689408
17043474,CU 광희금호점,convenience,서울 중구 광희동1가 89-1,서울 중구 마른내로 155,37.56487085583792,127.00522134460407
16556879,CU 바비엥점,convenience,서울 중구 순화동 215,서울 중구 통일로 86,37.56314616575152,126.96964378228282
1216773935,세븐일레븐 무교본점,convenience,서울 중구 무교동 24-2,서울 중구 무교로 13,37.56714862610981,126.97901437762353
966609022,세븐일레븐 광희본점,convenience,서울 중구 쌍림동 25-6,서울 중구 마른내로 146,37.5645752783228,127.004239312121
1965710622,이마트24 퇴계로점,convenience,서울 중구 충무로5가 20-29,서울 중구 퇴계로 247,37.56260406227834,126.9992903351668
893388677,GS25 세운힐스2단지점,convenience,서울 중구 입정동 280,서울 중구 을지로15길 32,37.5680486407985,126.994184173372
27498618,GS25 충무로타운점,convenience,서울 중구 충무로3가 59-22,서울 중구 수표로 14,37.5623838395379,126.990506138609
12297357,GS25 동대문패션점,convenience,서울 중구 을지로6가 23,서울 중구 을지로 254,37.5659844345218,127.006297852553
54131602,CU 중구해성점,convenience,서울 중구 남대문로4가 17-19,서울 중구 세종대로12길 12,37.56171886090005,126.97706915580339
722910531,CU 명동타임워크점,convenience,서울 중구 명동1가 59-5,서울 중구 남대문로 78,37.5641849907812,126.983003903858
15891245,CU 남대문로5가점,convenience,서울 중구 남대문로5가 84-6,서울 중구 세종대로 8-1,37.557582514648395,126.97339784321139
27498614,GS25 무교YG타워점,convenience,서울 중구 다동 155,서울 중구 남대문로9길 40,37.56700654557931,126.980634178447
1150811212,GS25 동대문패션타운점,convenience,서울 중구 을지로6가 18-97,서울 중구 장충단로13길 13,37.5678295805788,127.007857794901
8560938,GS25 덕수점,convenience,서울 중구 태평로2가 362-1,서울 중구 세종대로 89,37.5644757941047,126.976479738315
27259918,이마트24 중구소공점,convenience,서울 중구 소공동 86-8,서울 중구 소공로 100-1,37.5638096752367,126.979821198625
361911742,CU 엠버서더서울점,convenience,서울 중구 묵정동 18-9,서울 중구 동호로27길 25,37.5605641957268,127.001693189228
1270556275,GS25 북창중앙점,convenience,서울 중구 태평로2가 56-1,서울 중구 세종대로18길 2,37.5637659607581,126.977254153304
16821979,CU 을지로비즈센터점,convenience,서울 중구 저동2가 78,서울 중구 수표로 45,37.565274170441576,126.98972477307431
328349299,GS25 해든센터점,convenience,서울 중구 남대문로5가 548,서울 중구 후암로60길 21,37.5549482318346,126.974456943465
744000276,CU 청계상가점,convenience,서울 중구 산림동 207-1,서울 중구 청계천로 160,37.5678063298518,126.99548476892346
10475965,세븐일레븐 소공점,convenience,서울 중구 소공동 28,서울 중구 남대문로7길 11,37.563698188265704,126.98125642511535
1337460134,세븐일레븐 New Wave 명동점,convenience,서울 중구 충무로2가 62-9,서울 중구 퇴계로 139,37.5614807290132,126.987202456499
924383287,GS25 을지트윈점,convenience,서울 중구 을지로4가 323,서울 중구 을지로 170,37.56601161451832,126.99794674538317
14594950,GS25 배재공원점,convenience,서울 중구 서소문동 39-1,서울 중구 서소문로11길 50,37.56482466252884,126.97311569492248
17538951,GS25 중구순화점,convenience,서울 중구 순화동 66,서울 중구 세종대로7길 43,37.5610727484884,126.972401733732
76348864,CU 국보1호점,convenience,서울 중구 봉래동1가 5-36,서울 중구 칠패로 42,37.5594746451124,126.973560148926
12297134,GS25 광희문점,convenience,서울 중구 신당동 304-499,서울 중구 청구로 116,37.5621675108203,127.010548704375
463966257,GS25 동대문DDP점,convenience,서울 중구 을지로7가 143,서울 중구 을지로 281,37.56742487525097,127.0099551904662
12297137,GS25 서울스퀘어점,convenience,서울 중구 남대문로5가 541,서울 중구 한강대로 416,37.555599426559205,126.97343023677374
1727207609,GS25 을지2가장교점,convenience,서울 중구 을지로2가 101-28,서울 중구 을지로9길 8,37.5666633909255,126.988474961065
12297208,GS25 북창점,convenience,서울 중구 북창동 24-2,서울 중구 남대문로1길 26,37.56219466639155,126.97748099814052
1239503201,세븐일레븐 청계크리스탈점,convenience,서울 중구 수표동 100,서울 중구 청계천로 106,37.5676437502238,126.989279603778
2004280973,CU 동대문본점,convenience,서울 중구 신당동 217-1,서울 중구 청계천로 298,37.56949714980684,127.01013657765105
1153129340,GS25 세운푸르지오점,convenience,서울 중구 인현동2가 240,서울 중구 마른내로 79,37.5644609683609,126.996576093455
12297182,GS25 소공점,convenience,서울 중구 소공동 24,서울 중구 남대문로7길 15,37.56380356012085,126.98097682930292
2039501968,GS25 을지스타시티점,convenience,서울 중구 을지로5가 275-5,서울 중구 동호로 352,37.56564579857395,127.0026350349357
1744177376,세븐일레븐 중구매크로점,convenience,서울 중구 저동2가 7-2,서울 중구 을지로12길 28,37.56509855609676,126.99068802671351
1368974691,이마트24 명동중앙로점,convenience,서울 중구 명동2가 32-2,서울 중구 명동8길 21-7,37.5629166795932,126.985168282607
1918328697,CU 중구KT리마크빌점,convenience,서울 중구 흥인동 86,서울 중구 다산로 258,37.56625555491652,127.01646683873665
700672997,세븐일레븐 퇴계로5가점,convenience,서울 중구 장충동2가 173-2,서울 중구 퇴계로 272,37.5627986636126,127.001946773027
1682190044,이마트24 R구리대명점,convenience,경기 구리시 교문동 765,경기 구리시 이문안로 27,37.5924558890811,127.134385123343
1011174729,이마트24 다산메디컬점,convenience,경기 남양주시 다산동 6149,경기 남양주시 다산중앙로 15,37.6146054002733,127.155281196708
1407709412,이마트24 다산아이비플레이스점,convenience,경기 남양주시 다산동 6028,경기 남양주시 다산중앙로 153,37.6278265745629,127.15033784401307
696450589,이마트24 R퇴계원제일점,convenience,경기 남양주시 퇴계원읍 퇴계원리 56-13,경기 남양주시 퇴계원읍 퇴계원로 119,37.6569392262741,127.143775953465
253373407,GS25 신내데시앙플렉스,convenience,서울 중랑구 신내동 262-1,서울 중랑구 신내역로3길 40-36,37.61724570941149,127.10406853512279
711564111,CU 혜원사거리점,convenience,서울 중랑구 망우동 517-47,서울 중랑구 상봉로 90,37.5937847197596,127.09344532745028
16058729,CU 중랑면목점,convenience,서울 중랑구 면목동 359-5,서울 중랑구 면목로 400,37.5876550086905,127.087923749203
1004075734,GS25 상봉점,convenience,서울 중랑구 상봉동 333-2,서울 중랑구 동일로120길 59-24,37.5970209024371,127.084098323975
12297202,GS25 상봉써너스점,convenience,서울 중랑구 망우동 479,서울 중랑구 용마산로115길 127,37.597282969575176,127.09382225067516
1913665274,CU 면목주함점,convenience,서울 중랑구 면목동 1550,서울 중랑구 봉우재로 50,37.59072744854013,127.07892017723113
281135689,GS25 상봉중앙본점,convenience,서울 중랑구 상봉동 286-20,서울 중랑구 상봉중앙로8길 44,37.602237177354624,127.08962145133879
1162801179,GS25 상봉보람점,convenience,서울 중랑구 상봉동 118,서울 중랑구 망우로 270,37.5953469707406,127.082667430451
24893347,CU 중랑본점,convenience,서울 중랑구 상봉동 87-18,서울 중랑구 봉우재로33길 58,37.5947001149472,127.088792606421
1102673460,GS25 상봉사랑점,convenience,서울 중랑구 상봉동 128-85,서울 중랑구 망우로 240,37.5945230728279,127.079298985043
455637983,GS25 신내행운점,convenience,서울 중랑구 신내동 410-8,서울 중랑구 봉화산로56길 46,37.60638289885544,127.09833764945596
1142045801,GS25 상봉주한점,convenience,서울 중랑구 상봉동 107-26,서울 중랑구 면목로 476,37.594288431168195,127.08626930561987
25757370,GS25 화랑대역점,convenience,서울 중랑구 묵동 2,서울 중랑구 신내로25가길 2,37.61953465974421,127.0843275634096
1787268489,이마트24 묵동자이점,convenience,서울 중랑구 묵동 164-4,서울 중랑구 숙선옹주로 6-9,37.6148259640399,127.077969309502
340814609,CU 중랑면목로점,convenience,서울 중랑구 면목동 402-4,서울 중랑구 면목로56길 73,37.583878130686905,127.09252947672447
524992637,GS25 상봉송림점,convenience,서울 중랑구 상봉동 49-11,서울 중랑구 송림길 5,37.5993477553363,127.095302622537
19635497,CU 신내중앙점,convenience,서울 중랑구 신내동 650,서울 중랑구 신내로17길 83,37.61615139760993,127.09164860718133
17046128,CU 망우점,convenience,서울 중랑구 망우동 470-10,서울 중랑구 망우로 410,37.5990755030326,127.09769389071843
1993001376,GS25 중랑타운점,convenience,서울 중랑구 상봉동 1,서울 중랑구 봉화산로48길 62,37.6048342314922,127.093744532896
463765338,CU 망우사랑점,convenience,서울 중랑구 망우동 508-21,서울 중랑구 봉우재로57길 33,37.5960864893088,127.094904405816
121172930,GS25 상봉센트럴시티점,convenience,서울 중랑구 상봉동 504,서울 중랑구 망우로 313,37.5970917364423,127.087058402409
369066417,GS25 면목본점,convenience,서울 중랑구 면목동 121-26,서울 중랑구 면목로 432,37.5904737872368,127.08728393945
27250392,세븐일레븐 상봉세이지움점,convenience,서울 중랑구 상봉동 503,서울 중랑구 봉우재로 101,37.59268610158236,127.08428253940274
17046208,CU 망우써너스빌점,convenience,서울 중랑구 망우동 495,서울 중랑구 용마산로115길 109,37.59780151100538,127.09436077960598
21655740,세븐일레븐 면목점,convenience,서울 중랑구 면목동 91-69,서울 중랑구 면목로 456,37.5925572426597,127.086792692077
732183545,GS25 묵동이편한점,convenience,서울 중랑구 묵동 50-3,서울 중랑구 숙선옹주로9길 45-8,37.61703139265067,127.08351488003527
425325823,CU 면목하모니점,convenience,서울 중랑구 면목동 15-1,서울 중랑구 용마산로96길 16,37.59019127032666,127.09824614202067
25757631,GS25 중랑지웰점,convenience,서울 중랑구 면목동 538,서울 중랑구 면목로69길 16,37.5872020789305,127.086338117047
26853835,GS25 중랑상봉점,convenience,서울 중랑구 상봉동 124-5,서울 중랑구 봉우재로25길 21,37.593211929004,127.083509768155
1802578027,세븐일레븐 중랑망우점,convenience,서울 중랑구 망우동 509-20,서울 중랑구 상봉로26길 55,37.5960457711776,127.096231465687
12297124,GS25 상봉한국점,convenience,서울 중랑구 상봉동 90,서울 중랑구 망우로50길 16,37.5964551999724,127.088853574301
67170579,CU 묵동더드림점,convenience,서울 중랑구 묵동 245-8,서울 중랑구 동일로 855,37.60685926786131,127.07819882044087
81324947,CU 상봉청년주택점,convenience,서울 중랑구 상봉동 125-1,서울 중랑구 봉우재로 97,37.5923152865557,127.083729563044
1274749029,GS25 용마행복점,convenience,서울 중랑구 면목동 527-35,서울 중랑구 용마산로 310,37.57958759046244,127.09254228040717
820045305,GS25 신내9단지점,convenience,서울 중랑구 신내동 657,서울 중랑구 신내로 135,37.6113521223311,127.09582080437
7880696,세븐일레븐 상봉점,convenience,서울 중랑구 상봉동 88-93,서울 중랑구 봉우재로33길 72,37.5952042457816,127.089354843629
27498778,GS25 중화태릉점,convenience,서울 중랑구 중화동 326-4,서울 중랑구 중랑천로20길 49,37.5977341147545,127.073885117874
1216259855,GS25 중화지구점,convenience,서울 중랑구 중화동 329-167,서울 중랑구 동일로123길 112,37.5996869971449,127.074625375835
1266314387,GS25 신내역점,convenience,서울 중랑구 신내동 317-6,서울 중랑구 신내로16길 76,37.61284423199746,127.10007564088843
1991383478,세븐일레븐 신내참좋은점,convenience,서울 중랑구 신내동 800,서울 중랑구 용마산로117길 8,37.60061611598685,127.09994262050736
1582585979,세븐일레븐 면목사가정로점,convenience,서울 중랑구 면목동 536-7,서울 중랑구 사가정로 412-6,37.580147006328126,127.09034668526635
489850662,세븐일레븐 상봉망우점,convenience,서울 중랑구 망우동 506-16,서울 중랑구 상봉로 108,37.5954426658036,127.093291137919
475006733,세븐일레븐 중랑스마트빌점,convenience,서울 중랑구 상봉동 129-19,서울 중랑구 망우로36길 26,37.5934496606896,127.078446349989
369651825,GS25 중랑면일점,convenience,서울 중랑구 망우동 411-33,서울 중랑구 용마공원로2길 50,37.59285274541748,127.09938760157044
