id,name,category,address,road_address,lat,lon
1172527233,청정24시스터디카페,study_cafe,서울 광진구 자양동 666-28,서울 광진구 자양로3길 49,37.5298138656748,127.084000183479
619876931,24시공존스터디룸 강남점,study_cafe,서울 서초구 서초동 1330-16,서울 서초구 서초대로78길 44,37.4938073482111,127.028450999005
905815016,올림픽24시스터디센터,study_cafe,서울 송파구 문정동 150-24,서울 송파구 중대로 60-3,37.4913201322818,127.116074171864
823043195,스터디카페예감 구의점,study_cafe,서울 광진구 구의동 70-6,서울 광진구 자양로 242,37.5479961263047,127.08881299587891
1334281123,초심 대치학원가사거리점,study_cafe,서울 강남구 대치동 941-18,서울 강남구 삼성로 301,37.49917522468141,127.06043781867895
1450589305,멘토즈 선릉역점,study_cafe,서울 강남구 대치동 897-3,서울 강남구 선릉로 420,37.5024965907952,127.050272270633
723731949,카공족 강남일원점,study_cafe,서울 강남구 일원동 687-2,서울 강남구 일원로9길 8,37.48938797546777,127.08218529269172
783250571,멘토즈 봉은사역점,study_cafe,서울 강남구 삼성동 107-4,서울 강남구 영동대로112길 6,37.5148949367743,127.060673323927
1963652068,멘토즈 강남대치점,study_cafe,서울 강남구 대치동 939-26,서울 강남구 도곡로 431,37.4980693599856,127.057488757299
1576632287,초심 대치은마점,study_cafe,서울 강남구 대치동 316,서울 강남구 삼성로 212,37.4959864672271,127.064040352484
126992304,초심 강남도곡점,study_cafe,서울 강남구 역삼동 786-20,서울 강남구 도곡로 233,37.49366559039923,127.04409896444452
1372187901,플랜트 대치한티역라운지,study_cafe,서울 강남구 대치동 935,서울 강남구 선릉로64길 24,37.4981267530487,127.054252257587
1511006597,멘토즈 강남대청점,study_cafe,서울 강남구 일원동 684-4,서울 강남구 일원로 43,37.4900615201522,127.081474791357
1682433072,공본스터디카페 대치센터점,study_cafe,서울 강남구 대치동 974,서울 강남구 삼성로64길 5,37.5012531506032,127.060033495031
1671766683,멘토즈 강남일원점,study_cafe,서울 강남구 일원동 719,서울 강남구 일원로14길 25,37.4829976383587,127.080127312388
1068309468,플랜트 대치역라운지,study_cafe,서울 강남구 대치동 448,서울 강남구 삼성로 221,37.4967030959047,127.061730645401
1266186905,공본스터디카페 대치2센터,study_cafe,서울 강남구 대치동 940-7,서울 강남구 도곡로77길 5,37.4986572787113,127.0583825999
1788800890,멘토즈 청담점,study_cafe,서울 강남구 청담동 131-10,서울 강남구 영동대로 732,37.5233739584151,127.055838444921
1648104888,공본스터디카페 일원센터,study_cafe,서울 강남구 일원동 715-1,서울 강남구 일원로 95,37.4857334505219,127.083523407339
1179438011,지공스터디카페 도곡점,study_cafe,서울 강남구 도곡동 544-2,서울 강남구 도곡로 188,37.4918208787648,127.040020313137
839074755,타임유스터디카페 대치한티역점,study_cafe,서울 강남구 대치동 922-23,서울 강남구 선릉로64길 5,37.4978598873505,127.052631536683
100600746,엘알마 대치점,study_cafe,서울 강남구 대치동 989-13,서울 강남구 도곡로84길 6,37.4989037759815,127.062639422311
1212264109,엘알마 역삼점,study_cafe,서울 강남구 역삼동 836-37,서울 강남구 강남대로62길 33,37.4910397329376,127.034195346209
314609591,공본스터디카페 세곡센터,study_cafe,서울 강남구 자곡동 638,서울 강남구 자곡로 120,37.4721183191809,127.096510985876
349136221,공본스터디카페 은곡사거리센터,study_cafe,서울 강남구 세곡동 581,서울 강남구 헌릉로 569,37.4658207240126,127.10133300687
1426920836,공본스터디카페 청담역센터,study_cafe,서울 강남구 삼성동 65-11,서울 강남구 삼성로120길 7,37.516719031548,127.052157253854
1662592971,셀독24스터디카페 도곡점,study_cafe,서울 강남구 도곡동 544-13,서울 강남구 도곡로22길 5,37.4914867012836,127.03973518136
1257093518,그루스터디센터 서울대치센터,study_cafe,서울 강남구 역삼동 756-11,서울 강남구 선릉로69길 7,37.4984488710122,127.051205919581
882494345,시간과공간 스터디카페 대치본점,study_cafe,서울 강남구 대치동 908,서울 강남구 선릉로 344,37.50050137213003,127.05118470309716
1674379332,랭스영 강남,study_cafe,서울 강남구 역삼동 637-2,서울 강남구 테헤란로13길 24,37.5012775636322,127.03208180995638
560910403,엘알마 일원점,study_cafe,서울 강남구 일원동 663-6,서울 강남구 일원로3길 52,37.4923599708229,127.084073560441
1994855337,댓츠원 스터디랩 대치센터,study_cafe,서울 강남구 대치동 905-19,서울 강남구 역삼로 441,37.50215563206,127.055158784511
1139977108,스터디카페포레 대치본점,study_cafe,서울 강남구 대치동 959-6,서울 강남구 삼성로 412,37.50398484672864,127.05854282013343
263833166,그루스터디카페 강남세곡센터,study_cafe,서울 강남구 자곡동 634,서울 강남구 자곡로 108,37.4720003111922,127.09537131654
942323149,하이스코 독학관,study_cafe,서울 강남구 대치동 1014-2,서울 강남구 삼성로57길 39,37.4971653649786,127.058072715471
1739917935,라이벌독학관 X관,study_cafe,서울 강남구 대치동 1019-2,서울 강남구 삼성로51길 10-20,37.4975685763572,127.060738463285
1057740168,리바운드 역삼점,study_cafe,서울 강남구 역삼동 773-17,서울 강남구 언주로71길 5-8,37.497112666237,127.04456803348
944994398,위넌스터디카페 양재역점,study_cafe,서울 강남구 도곡동 902-2,서울 강남구 남부순환로363길 16,37.4863794175041,127.038129156632
1958138074,도곡서우스터디카페,study_cafe,서울 강남구 도곡동 467-7,서울 강남구 언주로30길 21,37.48870512033675,127.05180420612223
1365489180,스카이캐슬 스터디카페 3호점,study_cafe,서울 강남구 대치동 929,서울 강남구 삼성로67길 21,37.50066052571,127.057750852216
1196652287,올백독학관,study_cafe,서울 강남구 대치동 940,서울 강남구 도곡로73길 10,37.4985054886581,127.057403145254
126286494,이지스스터디카페 학여울점,study_cafe,서울 강남구 대치동 994-16,서울 강남구 영동대로 219,37.498361822094694,127.06832612146114
1529647422,우주런 랭귀지 스페이스,study_cafe,서울 강남구 역삼동 816-4,서울 강남구 강남대로96길 5,37.4998209013725,127.027456963325
1153858124,시작스터디카페 대치점,study_cafe,서울 강남구 대치동 940-6,서울 강남구 도곡로77길 7,37.4987879323903,127.058366869331
2023403911,비에이블스터디카페 압구정점,study_cafe,서울 강남구 신사동 529,서울 강남구 압구정로 112,37.52317354408793,127.02106379862383
1112336406,올백독학 브레인관,study_cafe,서울 강남구 대치동 934-11,서울 강남구 도곡로73길 17,37.4989688638316,127.056869724357
554300689,이니셜스터디카페 한티점,study_cafe,서울 강남구 대치동 938-16,서울 강남구 도곡로 413,37.4974476650318,127.055607664557
1246176629,메가로스쿨 조성우스터디카페&연구소,study_cafe,서울 강남구 역삼동 826-38,서울 강남구 테헤란로4길 38-3,37.4957917942684,127.030348158271
1551046369,더대치스터디카페,study_cafe,서울 강남구 대치동 1019-11,서울 강남구 삼성로 227,37.49744214052685,127.06130944390586
1939438360,카공족 천호역점,study_cafe,서울 강동구 성내동 45-1,서울 강동구 천호옛길 90,37.5367403844048,127.125974576012
373991024,카공족 암사역점,study_cafe,서울 강동구 암사동 502-22,서울 강동구 상암로 31,37.5505127032768,127.12714185842
692026762,카공족 길동역점,study_cafe,서울 강동구 길동 391-5,서울 강동구 양재대로 1482,37.5379261234228,127.140337161784
582432170,카공족 명일역점,study_cafe,서울 강동구 명일동 324-1,서울 강동구 양재대로 1626,37.5506470653892,127.144289001669
391999383,멘토즈 성내점,study_cafe,서울 강동구 성내동 276-2,서울 강동구 풍성로 135,37.531561899603,127.127221688578
1622823259,초심 고덕점,study_cafe,서울 강동구 명일동 47-10,서울 강동구 동남로75길 13-15,37.553582658829285,127.15553022230615
1648644972,어라운드스터디카페 상일점,study_cafe,서울 강동구 상일동 514,서울 강동구 구천면로 640,37.5502870960125,127.169087383573
913394809,그루스터디카페 암사동센터,study_cafe,서울 강동구 암사동 504-21,서울 강동구 올림픽로 813,37.55366829695521,127.1285290320581
73275506,어라운드스터디카페 강일점,study_cafe,서울 강동구 강일동 675-1,서울 강동구 아리수로93길 27,37.56560153688314,127.17390647420527
1975004387,타임유스터디카페 상일동역점,study_cafe,서울 강동구 고덕동 210-3,서울 강동구 고덕로83길 12,37.55758542234282,127.16891147376104
124942201,플랜트스터디카페 둔촌라운지,study_cafe,서울 강동구 둔촌동 50-2,서울 강동구 천호대로 1196,37.5343651211304,127.1442836493332
1588700886,플랜트스터디카페 강동성내라운지,study_cafe,서울 강동구 성내동 120-29,서울 강동구 풍성로 93,37.53274321171128,127.1228723702622
1889917352,셀독24스터디카페 길동점,study_cafe,서울 강동구 길동 96,서울 강동구 명일로 243,37.54042310018501,127.14675521502575
1267624967,엘알마 암사점,study_cafe,서울 강동구 암사동 463-6,서울 강동구 올림픽로 802,37.5525400962394,127.128668555675
1564587563,명심스터디카페,study_cafe,서울 강동구 길동 322-15,서울 강동구 양재대로128길 42,37.5444192866246,127.145089462251
1808185245,늘봄스터디카페,study_cafe,서울 강동구 성내동 322-6,서울 강동구 올림픽로 568,37.5322031381119,127.121492330084
1192328262,르하임스터디카페 굽은다리역점,study_cafe,서울 강동구 명일동 346-1,서울 강동구 양재대로 1576,37.5461620189583,127.143449767853
1230551595,엘림스터디카페 강동점,study_cafe,서울 강동구 길동 147-3,서울 강동구 천호대로 1203,37.535402547441,127.144713328445
1487944625,온유스터디카페,study_cafe,서울 강동구 명일동 248-1,서울 강동구 동남로67길 48,37.5488547356742,127.153070412983
1595185191,인스터디 스터디카페,study_cafe,서울 강동구 성내동 420-18,서울 강동구 성안로 69-1,37.5298633382605,127.131494160816
1208640880,고잉스터디카페 둔촌센터,study_cafe,서울 강동구 성내동 439-5,서울 강동구 양재대로85길 14,37.5246022410199,127.134032538825
450993401,강동 에스파시오 스터디룸,study_cafe,서울 강동구 천호동 528-2,서울 강동구 성안로25길 9,37.5379891327828,127.134978643471
1081344747,화이트펜슬스터디카페 고덕점,study_cafe,서울 강동구 명일동 48-1,서울 강동구 동남로73길 31,37.5526695456542,127.154464535676
2106107660,공라밸스터디카페,study_cafe,서울 강동구 상일동 526,서울 강동구 상일로12길 95,37.55677856280298,127.17235244334542
1983821502,스터디카페36.5,study_cafe,서울 강동구 성내동 439-15,서울 강동구 양재대로 1325,37.524808765834,127.134652844149
294621470,아이비스터디 카페 굽은다리역점,study_cafe,서울 강동구 천호동 31-4,서울 강동구 양재대로 1589,37.5474969624486,127.142983838433
2090787057,아이블스터디카페 천호강동점,study_cafe,서울 강동구 천호동 162-4,서울 강동구 진황도로 59,37.5376619009844,127.133542225901
547934941,라온스터디카페,study_cafe,서울 강동구 길동 133-5,서울 강동구 천호대로199길 15,37.5372296410936,127.147732192763
844742633,101워크앤스터디 천호점,study_cafe,서울 강동구 천호동 425-5,서울 강동구 올림픽로 664,37.5405499719408,127.124975074839
1622630745,일취월장관리형스터디카페 서울고덕점,study_cafe,서울 강동구 명일동 70,서울 강동구 구천면로 504,37.5490567773659,127.154287334744
1679526186,내공관리형스터디카페,study_cafe,서울 강동구 성내동 440-30,서울 강동구 양재대로 1317,37.5239927923139,127.134359513185
713910889,디딤스터디카페 명일역센터,study_cafe,서울 강동구 명일동 315-13,서울 강동구 구천면로 427,37.5504771445113,127.146187595374
1686537189,비에이블스터디카페 명일센터,study_cafe,서울 강동구 명일동 325-2,서울 강동구 구천면로 418,37.5505028837155,127.145042407878
1694189132,오픈하우스 천호,study_cafe,서울 강동구 천호동 430-1,서울 강동구 올림픽로70길 25,37.5394209761096,127.12501618713
1873989953,하임스터디카페 고덕점,study_cafe,서울 강동구 고덕동 501,서울 강동구 동남로81길 20,37.5605554071887,127.155578669584
293907444,이븐스터디카페,study_cafe,서울 강동구 고덕동 210-2,서울 강동구 고덕로83길 14,37.5577457991645,127.168911835779
1967410226,공부습관 관리형 스터디센터 고덕점,study_cafe,서울 강동구 고덕동 502-7,서울 강동구 아리수로68길 44,37.5608768352503,127.15643272617
1523764129,공간샘스터디카페 명일역점,study_cafe,서울 강동구 명일동 327-1,서울 강동구 구천면로 428,37.5501627419198,127.146150768431
1773489266,더달썸스터디 카페 프랜차이즈 창업 가맹 본사,study_cafe,서울 강동구 천호동 337-51,서울 강동구 선사로 62,37.5439975914177,127.121135789527
43529145,하우스터디 둔촌스터디카페,study_cafe,서울 강동구 성내동 417-2,서울 강동구 풍성로 204,37.52914651633201,127.13436310014873
1402486812,에이블스터디카페,study_cafe,서울 강동구 둔촌동 54-5,서울 강동구 명일로13길 8,37.53408958706224,127.14414282369017
750213096,로컬워크앤스터디 천호점,study_cafe,서울 강동구 성내동 30-12,서울 강동구 천호옛14길 28,37.5359257275147,127.126958687927
1791797757,몽스터디카페,study_cafe,서울 강동구 천호동 550-5,서울 강동구 구천면로 212,37.5403807314915,127.12819958191
2125841474,카일클래스 스터디카페,study_cafe,서울 강동구 명일동 243-3,서울 강동구 동남로67길 37,37.5486467232914,127.153673146247
1872370732,두잇스터디카페 명일센터,study_cafe,서울 강동구 명일동 343-5,서울 강동구 상암로 207,37.5466235064905,127.145514689193
825362739,카공족 미아사거리역점,study_cafe,서울 강북구 미아동 55-3,서울 강북구 도봉로10길 22,37.6135971059242,127.030892053406
1154018918,카공족 미아역점,study_cafe,서울 강북구 미아동 304-1,서울 강북구 도봉로 193,37.6260030880331,127.025985355614
1291277695,카공족 수유역점,study_cafe,서울 강북구 번동 418-9,서울 강북구 도봉로 350,37.638559969952965,127.0266933169868
1858275188,멘토즈 강북번동점,study_cafe,서울 강북구 번동 310-18,서울 강북구 오현로 193,37.62897445790406,127.03931320829116
303313583,리게인스터디카페 수유점,study_cafe,서울 강북구 번동 443-3,서울 강북구 도봉로82길 39,37.6350625888243,127.025595379965
1301556545,멘토즈 미아영훈점,study_cafe,서울 강북구 미아동 482-11,서울 강북구 숭인로 53,37.61266992282896,127.02751652140623
1922715358,지공스터디카페 수유점,study_cafe,서울 강북구 수유동 472-4,서울 강북구 덕릉로 46,37.6340439929415,127.018539176797
1854778681,엘알마 수유점,study_cafe,서울 강북구 수유동 360-20,서울 강북구 삼양로 423,37.641251261464475,127.01659781445822
1142056036,타임유스터디카페 솔샘점,study_cafe,서울 강북구 미아동 838-96,서울 강북구 솔샘로 225,37.6201256719263,127.017751882559
213135691,셀독24스터디카페 미아점,study_cafe,서울 강북구 미아동 49-110,서울 강북구 월계로7길 62,37.6128276633137,127.034154763028
111434869,시너지플레이스 스터디카페 미아점,study_cafe,서울 강북구 미아동 206-20,서울 강북구 도봉로 217,37.628054825571,127.025103592547
488479552,단향스터디카페 수유센터,study_cafe,서울 강북구 수유동 472-602,서울 강북구 삼양로79길 20,37.6309917456482,127.016571742051
379443683,라엘스터디룸,study_cafe,서울 강북구 미아동 791-2035,서울 강북구 인수봉로6길 22,37.6218470709983,127.013932694637
1325114392,화이트펜슬 스터디카페 미아뉴타운점,study_cafe,서울 강북구 미아동 474-2,서울 강북구 숭인로7길 28,37.6134345936925,127.024655825855
2052448805,마이플레이스 스터디카페 수유점,study_cafe,서울 강북구 수유동 340-9,서울 강북구 삼양로 441,37.6429091433027,127.016088306712
786587736,작심스터디카페 서울삼각산점,study_cafe,서울 강북구 미아동 1357-10,서울 강북구 삼양로19길 138,37.6165526345177,127.015773410341
1281089346,헤븐스터디카페 삼양점,study_cafe,서울 강북구 미아동 777-6,서울 강북구 삼양로 246,37.6253800886115,127.0186684288
1027089371,올티칭스터디카페 미아뉴타운점,study_cafe,서울 강북구 미아동 703-7,서울 강북구 삼양로 189-1,37.620773950597,127.020425263232
130044091,단박스터디카페,study_cafe,서울 강북구 번동 461-80,서울 강북구 한천로132길 10,37.6394190259587,127.028751163419
1771449570,내공관리형스터디카페 미아점,study_cafe,서울 강북구 미아동 206-12,서울 강북구 도봉로 217,37.628065634269,127.02511832302
1237890290,미라클스터디카페 수유센터,study_cafe,서울 강북구 수유동 254-6,서울 강북구 한천로 1122,37.6452628307261,127.019915275757
1943727016,온리스터디카페 가오리역점,study_cafe,서울 강북구 수유동 322-9,서울 강북구 삼양로 474-1,37.6456373788735,127.015673047224
1565182985,한빛스터디카페,study_cafe,서울 강북구 미아동 1348-3,서울 강북구 솔샘로 251,37.6197485923559,127.020622073833
1246181401,온타임스터디카페 미아점,study_cafe,서울 강북구 미아동 1357-10,서울 강북구 삼양로19길 138,37.61659948802009,127.01575756300151
1280082992,헤븐스터디카페 미아점,study_cafe,서울 강북구 미아동 126-23,서울 강북구 도봉로 168,37.6238394836533,127.027462866792
1852727138,지니24스터디카페 번동점,study_cafe,서울 강북구 번동 306-11,서울 강북구 오현로 190,37.6284743814579,127.039400173562
1402682207,위넌스터디카페 가오리역점,study_cafe,서울 강북구 수유동 339-2,서울 강북구 삼양로 437,37.6424090713952,127.016275152369
872198315,메이크잇 스터디카페,study_cafe,서울 강북구 번동 242-1,서울 강북구 한천로105길 33,37.625527626796,127.045851019435
65547748,초월스터디카페 솔샘점,study_cafe,서울 강북구 미아동 1339-6,서울 강북구 솔샘로 216,37.6198933779057,127.016648568031
548936530,온리스터디카페 수유점,study_cafe,서울 강북구 수유동 189-49,서울 강북구 한천로 1071,37.6419032479292,127.023771260108
2037424235,블루투스 스튜디오,study_cafe,서울 강북구 번동 222,서울 강북구 월계로37길 91,37.62609864928925,127.0440184935919
686129510,카공족 쌍문역1호점,study_cafe,서울 도봉구 쌍문동 88-106,서울 도봉구 도봉로 483,37.6489390738633,127.034535034661
2008861486,러쉬스터디카페 쌍문역점,study_cafe,서울 도봉구 창동 650-58,서울 도봉구 도봉로 452,37.64601028221274,127.03347422430453
246571521,라이프플러스스터디카페 신창시장점,study_cafe,서울 도봉구 창동 578-158,서울 도봉구 덕릉로 227,37.6384849073287,127.037637991937
1642548470,작심스터디카페 쌍문노해로점,study_cafe,서울 도봉구 쌍문동 137-202,서울 도봉구 노해로 201-1,37.651090802688714,127.03061634971596
1508537850,아레아스터디카페,study_cafe,서울 도봉구 창동 593-11,서울 도봉구 도봉로110라길 69-32,37.6434672564842,127.037935103198
930429629,플랜에이스터디카페 쌍문센터,study_cafe,서울 도봉구 쌍문동 423-13,서울 도봉구 삼양로146길 10,37.652359915191795,127.01322560892876
2038377454,멘토즈 창동역점,study_cafe,서울 도봉구 창동 256-3,서울 도봉구 노해로63다길 25,37.6540085667824,127.04607250714011
278856532,타임유스터디카페 창동점,study_cafe,서울 도봉구 창동 75-13,서울 도봉구 노해로65길 10,37.6518234702544,127.0466162236898
931007351,여기다관리형스파르타,study_cafe,서울 도봉구 창동 700-36,서울 도봉구 도봉로 524,37.6517827126759,127.037055441511
502972875,멘토즈 노원 월계점,study_cafe,서울 노원구 월계동 776,서울 노원구 초안산로5길 12,37.63256099011693,127.05174756321061
1515320955,카공족 창동점,study_cafe,서울 도봉구 창동 750-2,서울 도봉구 도봉로136가길 4,37.65884133083192,127.04149809011552
31341109,타임유스터디카페 창동프리미엄점,study_cafe,서울 도봉구 창동 9-1,서울 도봉구 노해로 379,37.65249951898456,127.05024630106908
1265021400,헤븐스터디카페 월계점,study_cafe,서울 노원구 월계동 907-9,서울 노원구 덕릉로60길 192,37.632347017378,127.043942875984
584553451,비원스터디카페 2호점,study_cafe,서울 도봉구 쌍문동 423-92,서울 도봉구 삼양로 534,37.650723714379296,127.0133658328131
1821204312,와이엔 24시 스터디카페,study_cafe,서울 강서구 화곡동 1017-1,서울 강서구 화곡로13길 92,37.5440516431215,126.833060822602
1918694442,24시스터디카페 목동광장점,study_cafe,서울 양천구 목동 907-14,서울 양천구 목동동로 385,37.5358802106571,126.879474740777
1043130238,디딤스터디카페 방화역센터,study_cafe,서울 강서구 방화동 453-45,서울 강서구 금낭화로 103,37.5746771979776,126.811387819457
533202533,스터디25,study_cafe,서울 양천구 목동 773-3,서울 양천구 목동중앙로 43,37.53354055196422,126.86952556465242
2085310722,카공족 강서화곡로점,study_cafe,서울 강서구 화곡동 24-90,서울 강서구 화곡로 242,37.5464690974588,126.84570215632
774606185,카공족 까치산역점,study_cafe,서울 강서구 화곡동 343-61,서울 강서구 강서로 33,37.5307232735317,126.847119381568
1665424695,카공족 화곡역1호점,study_cafe,서울 강서구 화곡동 1052,서울 강서구 강서로 188,37.5432339857285,126.839228449441
785913047,셀독24스터디카페 화곡점,study_cafe,서울 강서구 화곡동 1031,서울 강서구 강서로 202,37.5442210694095,126.838267896133
1394822811,카공족 강서구청점,study_cafe,서울 강서구 화곡동 1116-3,서울 강서구 화곡로 330,37.5532705794673,126.851201775672
906085102,초심스터디라운지 염창점,study_cafe,서울 강서구 염창동 242-34,서울 강서구 양천로 611,37.5550858841069,126.866082642852
838560261,카공족 우장산역1호점,study_cafe,서울 강서구 내발산동 719-4,서울 강서구 강서로45나길 50,37.5502606728243,126.835811605931
234777780,초심 강서화곡점,study_cafe,서울 강서구 화곡동 1008-26,서울 강서구 강서로45길 29,37.5477442126901,126.8345395313
1738551613,플랜에이스터디카페 우장산역센터,study_cafe,서울 강서구 내발산동 719-1,서울 강서구 강서로 279,37.5506835962703,126.836067565102
1831863082,어라운드스터디카페 발산점,study_cafe,서울 강서구 내발산동 689-1,서울 강서구 강서로45길 174,37.55299431467598,126.83071863890287
248352144,초심 등촌점,study_cafe,서울 강서구 등촌동 664-1,서울 강서구 공항대로 335,37.5582134251261,126.844883436725
826809740,초심 등촌역점,study_cafe,서울 강서구 염창동 275-8,서울 강서구 공항대로65길 26,37.5500898895668,126.868520106665
1954501508,어라운드스터디카페 화곡점,study_cafe,서울 강서구 화곡동 1051-17,서울 강서구 강서로 183,37.5426139324999,126.839106443227
956526834,플랜트스터디카페 발산역점,study_cafe,서울 강서구 마곡동 797-14,서울 강서구 공항대로 269-15,37.5596050810452,126.837236406005
87050390,멘토즈 등촌3동점,study_cafe,서울 강서구 등촌동 699,서울 강서구 공항대로41길 56,37.560185794424974,126.84632918901305
2005841157,플랜트스터디카페 까치산역점,study_cafe,서울 강서구 화곡동 345-12,서울 강서구 곰달래로 101,37.5305155914202,126.8440176281
1837087971,타임유스터디카페 가양역점,study_cafe,서울 강서구 등촌동 628-1,서울 강서구 화곡로 420,37.5605330128402,126.855146403801
129982606,어라운드스터디카페 방화점,study_cafe,서울 강서구 마곡동 1169,서울 강서구 양천로 126,37.5731781984248,126.817860981778
1597265325,타임유스터디카페 등촌점,study_cafe,서울 강서구 등촌동 695-1,서울 강서구 강서로62길 98,37.5616644047094,126.84500870601
525952801,공본스터디카페 방화역센터,study_cafe,서울 강서구 방화동 830-3,서울 강서구 방화대로47가길 7,37.576498916379,126.813030358193
220428884,그루스터디카페 우장산역센터,study_cafe,서울 강서구 화곡동 84-5,서울 강서구 우현로 17,37.5472374531951,126.843499594294
782410141,플랜트스터디카페 내발산라운지,study_cafe,서울 강서구 내발산동 701-1,서울 강서구 강서로 299,37.552551224337336,126.83596728090835
354674836,컨센터블 아지트아카데미 화곡역점,study_cafe,서울 강서구 화곡동 1024-7,서울 강서구 강서로 215,37.5448975530621,126.836837258126
941078716,합격스터디카페 마곡점,study_cafe,서울 강서구 마곡동 744,서울 강서구 공항대로 103,37.5613015935185,126.82041385800277
396116675,카공족 아지트 발산점,study_cafe,서울 강서구 등촌동 679-6,서울 강서구 강서로56가길 53,37.5619273813216,126.84019222248
2061897980,감자스터디 카페 2호점,study_cafe,서울 강서구 화곡동 398-19,서울 강서구 강서로18다길 8,37.53457855388859,126.84773944843899
1079986806,플라타너스 스터디카페,study_cafe,서울 강서구 염창동 266-6,서울 강서구 공항대로65가길 5,37.5507359529355,126.871014285587
2007077888,열공다방 스터디카페 까치산역점,study_cafe,서울 강서구 화곡동 353-55,서울 강서구 강서로17길 62,37.53265058483809,126.84237606349893
1496250422,유명스터디카페,study_cafe,서울 강서구 등촌동 699-2,서울 강서구 공항대로41길 50,37.5598899662767,126.846097777639
756183042,작심스터디카페 화곡역점,study_cafe,서울 강서구 화곡동 1065-14,서울 강서구 화곡로 161,37.54183194802585,126.83916696303861
1509572028,노력스터디카페 까치산역점,study_cafe,서울 강서구 화곡동 343-6,서울 강서구 강서로 47-8,37.53201909317211,126.84587222035573
1705237915,패스스터디카페 까치산역점,study_cafe,서울 강서구 화곡동 873-12,서울 강서구 곰달래로 168,37.5307271776646,126.851592766919
1920974479,시작스터디카페 화곡역점,study_cafe,서울 강서구 화곡동 1065-1,서울 강서구 화곡로25길 2,37.5413886446677,126.838498055512
1237800142,비에이블스터디카페 화곡센터,study_cafe,서울 강서구 화곡동 1014-18,서울 강서구 화곡로13길 153,37.5448803631032,126.835487329449
788836215,가양어썸스터디카페,study_cafe,서울 강서구 가양동 27-1,서울 강서구 양천로53길 93,37.5674886909214,126.85008799123
1270072221,감자스터디카페 6호점,study_cafe,서울 강서구 화곡동 969-12,서울 강서구 까치산로 120,37.5484499855766,126.850285688042
1895976777,열두달스터디카페,study_cafe,서울 강서구 화곡동 1099-13,서울 강서구 공항대로44길 46,37.5542789358681,126.849889244945
1358405770,엘림스터디카페 신방화역점,study_cafe,서울 강서구 마곡동 739-3,서울 강서구 마곡중앙5로 81,37.5671174404507,126.818595634014
1946805705,이루다스터디카페 본점,study_cafe,서울 강서구 화곡동 391-60,서울 강서구 곰달래로 149,37.5308697698345,126.849640886447
408394161,감자스터디카페,study_cafe,서울 강서구 화곡동 373-1,서울 강서구 월정로32길 22,37.5351313768726,126.836658275657
1107186658,화곡스터디센터 더큐브,study_cafe,서울 강서구 화곡동 24-149,서울 강서구 까치산로 75,37.5453797316459,126.847041929552
787319466,에이비씨스터디카페 가양센터,study_cafe,서울 강서구 가양동 145-1,서울 강서구 강서로 502-9,37.5702576206978,126.842605868351
1411432371,에듀원스터디카페 등촌센터,study_cafe,서울 강서구 등촌동 688-1,서울 강서구 강서로62길 40,37.56260284385845,126.8419892745528
1196302811,비에이블스터디카페 등촌센터,study_cafe,서울 강서구 염창동 272-9,서울 강서구 공항대로 549,37.5502107981291,126.867066851024
411979028,24시사계스터디카페 남성역점 1관,study_cafe,서울 동작구 사당동 254-6,서울 동작구 사당로 216,37.48406126256418,126.97203322585958
933209517,24시사계스터디카페 이수역점,study_cafe,서울 동작구 사당동 91-129,서울 동작구 동작대로29나길 15,37.4887454874761,126.980406770835
714755900,투썬맘 스터디카페 숭실대점,study_cafe,서울 동작구 상도동 505,서울 동작구 사당로 30,37.49491681403072,126.95761122973191
2103669447,르하임 스터디카페S 보라매공원점,study_cafe,서울 동작구 신대방동 395-69,서울 동작구 보라매로5가길 16,37.4912752829006,126.924095166394
1050572359,카공족 당곡사거리점,study_cafe,서울 관악구 신림동 1429-1,서울 관악구 신림로 391,37.4890566304028,126.927814124097
1025873163,카공족 서울대벤처타운역점,study_cafe,서울 관악구 신림동 1514-9,서울 관악구 호암로26길 1,37.4709922574261,126.933898671791
1178685298,카공족 봉천역점,study_cafe,서울 관악구 봉천동 914-1,서울 관악구 청룡2길 1,37.4812005758125,126.946078815282
640488029,카공족 낙성대점,study_cafe,서울 관악구 봉천동 1658-4,서울 관악구 남부순환로 1936,37.4766122351452,126.963958267541
1300800952,카공족 신림역1호점,study_cafe,서울 관악구 신림동 1637-7,서울 관악구 신림로 305,37.4816172556517,126.929722982454
2055861077,카공족 신림역2호점,study_cafe,서울 관악구 신림동 1422-30,서울 관악구 남부순환로 1619-1,37.4847064683019,126.930663063917
1510861995,카공족 서울대입구역 1호점,study_cafe,서울 관악구 봉천동 58-3,서울 관악구 중앙길 15-1,37.4838437413676,126.953643242585
1972907471,카공족 봉천현대시장점,study_cafe,서울 관악구 봉천동 503-2,서울 관악구 양녕로 47,37.486242848916206,126.94658400139143
1293232139,플랜에이스터디카페 서울대입구역센터,study_cafe,서울 관악구 봉천동 874-6,서울 관악구 남부순환로 1797,37.4818780250069,126.949924707602
41441043,카공족 신대방역점,study_cafe,서울 관악구 신림동 523-1,서울 관악구 남부순환로151길 73,37.484394836968285,126.91435696351039
1234295979,초심 신림역점,study_cafe,서울 관악구 신림동 1425,서울 관악구 신림로 366,37.4869744041224,126.929308651145
501600104,어라운드스터디카페 신림점,study_cafe,서울 관악구 신림동 1640-9,서울 관악구 남부순환로 1610,37.4839019713678,126.929317199289
91979154,초심 신림점,study_cafe,서울 관악구 신림동 1522-4,서울 관악구 신림로23길 25,37.4698692981175,126.93498149357
1443827423,어라운드스터디카페 서울대점,study_cafe,서울 관악구 신림동 238-10,서울 관악구 신림로 89,37.4702816748823,126.939533451182
315624531,공본스터디카페 서울대입구역센터,study_cafe,서울 관악구 봉천동 864-3,서울 관악구 남부순환로220길 45,37.4792027355231,126.951622366776
1578931794,셀독24스터디카페 봉천현대시장점,study_cafe,서울 관악구 봉천동 496-5,서울 관악구 은천로 105,37.487138705911,126.94715097603
1694153537,플랜트스터디카페 관악은천점,study_cafe,서울 관악구 봉천동 952-1,서울 관악구 국회단지길 7,37.4866528548465,126.939224016758
1191128169,화이트펜슬스터디카페 구로디지털단지역점,study_cafe,서울 관악구 신림동 1653,서울 관악구 조원로 20,37.4832655713237,126.904556703399
1420722892,셀독24스터디카페 신림대학점,study_cafe,서울 관악구 신림동 1517-17,서울 관악구 호암로24길 77,37.46931568796628,126.93760118775681
1838735996,버들골스터디카페 1호점,study_cafe,서울 관악구 봉천동 1601-13,서울 관악구 남부순환로 1848,37.4801005885182,126.95503731892
1781298273,옵티멈스터디카페 신림대학점,study_cafe,서울 관악구 신림동 1538-7,서울 관악구 신림로15길 31,37.4688090751122,126.937139264623
1605144043,스페이스액트,study_cafe,서울 관악구 신림동 1638-32,서울 관악구 신림로59길 23,37.482695956817665,126.92854385033407
1865958474,랭스터디카페 신림점,study_cafe,서울 관악구 신림동 1428-23,서울 관악구 신림로 376,37.4879013188816,126.92893803437
1673466281,작심스터디카페 서울대입구역점,study_cafe,서울 관악구 봉천동 852-4,서울 관악구 남부순환로 1833,37.4811047551729,126.953848444765
614462745,모임공간 모락 사당점,study_cafe,서울 관악구 남현동 1058-23,서울 관악구 남현길 11,37.4759353382118,126.977556649086
245164811,데일리스터디카페 봉천점,study_cafe,서울 관악구 봉천동 911-20,서울 관악구 봉천로 415,37.4831413423482,126.946064983532
1915113150,아로스터디카페,study_cafe,서울 관악구 신림동 529-11,서울 관악구 난곡로66가길 17,37.4833534857443,126.914653250483
11757057,오늘도열려있다 사당스터디룸,study_cafe,서울 관악구 남현동 1061-18,서울 관악구 과천대로 939,37.4743772633205,126.981430242299
1253504864,버들골스터디 카페 2호점,study_cafe,서울 관악구 봉천동 868-26,서울 관악구 관악로17길 9,37.48062259593169,126.95130601288506
193158432,스터디룸제이,study_cafe,서울 관악구 봉천동 869-10,서울 관악구 남부순환로 1808,37.481085552556394,126.95091452106027
1752046305,스터디카페녹두,study_cafe,서울 관악구 신림동 122-25,서울 관악구 신림로12길 19-1,37.4717903057902,126.938445853394
90641502,비에이블스터디카페 관악성현센터,study_cafe,서울 관악구 봉천동 899-4,서울 관악구 양녕로 43,37.4859744251392,126.9467537952
174059440,카공족라운지,study_cafe,서울 관악구 신림동 511-17,서울 관악구 남부순환로161가길 71,37.4844078041222,126.914845394184
338929460,카공피플 봉천점,study_cafe,서울 관악구 봉천동 37-87,서울 관악구 관악로 244,37.4859118782138,126.956874589516
1735123686,캐치카페 서울대,study_cafe,서울 관악구 봉천동 863-1,서울 관악구 관악로 165,37.4800661042531,126.952118141657
1111724170,아이블스터디카페 난곡점,study_cafe,서울 관악구 신림동 1476-12,서울 관악구 난곡로 273,37.4783513115667,126.914967585155
1763580457,스터디룸위드 사당점,study_cafe,서울 관악구 남현동 1061-17,서울 관악구 과천대로 941,37.4746718889662,126.981400776028
1857604071,플랜스터디카페,study_cafe,서울 관악구 봉천동 1562-18,서울 관악구 쑥고개로 80,37.47921167574197,126.94526735544271
1969479767,집중소 신림4하임 스터디카페,study_cafe,서울 관악구 신림동 1561,서울 관악구 신림로23길 81,37.4673065098569,126.934413989841
1719006329,시작스터디카페 서울대입구역직영점,study_cafe,서울 관악구 봉천동 1673-21,서울 관악구 남부순환로 1861,37.4799994560624,126.956865551049
415385711,매일스터디 카페 서울대점,study_cafe,서울 관악구 신림동 1525,서울 관악구 호암로 602,37.4708056869777,126.933789181846
1694089580,탑플라이트스터디카페 서울대점,study_cafe,서울 관악구 신림동 242-3,서울 관악구 대학5길 14,37.469164794675436,126.9385101799921
1007869122,이니셜스터디카페 서울대입구역점,study_cafe,서울 관악구 봉천동 1568-2,서울 관악구 쑥고개로 125,37.47904013054619,126.95059929655183
591410639,두잇스터디카페 난곡점,study_cafe,서울 관악구 신림동 667-21,서울 관악구 난곡로 83,37.46289263591473,126.91875137664142
91374436,예그리나 스터디룸,study_cafe,서울 관악구 신림동 1519-18,서울 관악구 호암로24길 57,37.46947542409577,126.93639374930262
1888846508,청춘24시스터디카페 면목점,study_cafe,서울 중랑구 면목동 720-6,서울 중랑구 동일로 492,37.57431130388212,127.08032579749656
1343081943,24시스터디카페 한양대점,study_cafe,서울 성동구 행당동 128-22,서울 성동구 왕십리로 257,37.5580242447292,127.038751891763
857671490,카공족 아차산역점,study_cafe,서울 광진구 중곡동 115-16,서울 광진구 자양로43길 57,37.5531417860279,127.089924771064
343092883,카공족 어린이대공원역점,study_cafe,서울 광진구 화양동 112-12,서울 광진구 능동로19길 11,37.5469725586732,127.07309039103
1998583502,카공족 군자역점,study_cafe,서울 광진구 능동 221-5,서울 광진구 능동로32길 5,37.5553209547153,127.079075217556
707039156,어라운드스터디카페 중곡1호점,study_cafe,서울 광진구 중곡동 24-2,서울 광진구 용마산로 109,37.5633506947623,127.086695414131
611147158,초심 군자역점,study_cafe,서울 광진구 중곡동 341-29,서울 광진구 천호대로 571,37.5567058118958,127.081686501794
1968946721,어라운드스터디카페 자양점,study_cafe,서울 광진구 자양동 512-2,서울 광진구 뚝섬로33길 34,37.5365479914375,127.070122611076
2088294435,초심 광진구청점,study_cafe,서울 광진구 자양동 769-7,서울 광진구 자양로 131,37.53948777821459,127.08291009289445
322659007,카공족 건대로데오점,study_cafe,서울 광진구 자양동 8-12,서울 광진구 동일로20길 59,37.5406178458964,127.066953670615
1658444699,초심 중곡점,study_cafe,서울 광진구 중곡동 24-3,서울 광진구 용마산로 107,37.56318758549631,127.08673483987982
2036322421,지공스터디카페 군자점,study_cafe,서울 광진구 능동 279-5,서울 광진구 능동로 290,37.5555832091721,127.078979297164
242535696,초심 광장점,study_cafe,서울 광진구 광장동 470-10,서울 광진구 아차산로 506,37.5414190793696,127.097632190065
1724670632,초심 구의점,study_cafe,서울 광진구 구의동 202-5,서울 광진구 광나루로 588,37.5426907565714,127.093845451337
1188547721,어라운드스터디카페 구의점,study_cafe,서울 광진구 자양동 661-27,서울 광진구 뚝섬로 665,37.53178571078345,127.083358642113
1816672842,그루스터디카페 구의광장센터,study_cafe,서울 광진구 구의동 199-22,서울 광진구 광나루로54길 38,37.539238900580656,127.09512989002033
34038741,공본스터디카페 자양센터,study_cafe,서울 광진구 자양동 636-29,서울 광진구 뚝섬로 636,37.531650936111,127.080214404801
2073848684,지공스터디카페 광장점,study_cafe,서울 광진구 광장동 246-11,서울 광진구 천호대로 799,37.5459558880488,127.102617100951
1329986700,봄날의서재 광장점,study_cafe,서울 광진구 구의동 202-27,서울 광진구 광나루로 586,37.5428701388252,127.093740442679
1718719496,작심스터디카페 동서울터미널점,study_cafe,서울 광진구 구의동 587-62,서울 광진구 구의강변로 57,37.5359310730499,127.092042518882
1167542934,홈워크,study_cafe,서울 광진구 화양동 33-34,서울 광진구 능동로13길 75,37.5448847662898,127.068890214346
2111538742,라퓨타 스터디라운지,study_cafe,서울 광진구 구의동 252-102,서울 광진구 아차산로49길 37,37.5386309445569,127.084159428551
1760006635,화이트펜슬스터디카페 광장점,study_cafe,서울 광진구 구의동 211-3,서울 광진구 아차산로65길 11,37.540928347688826,127.09391339620073
1418347459,스터디카페101,study_cafe,서울 광진구 구의동 221-5,서울 광진구 구의로 11,37.539166934507456,127.08921212105966
740740136,투또톤토 랩스페이스,study_cafe,서울 광진구 화양동 5-3,서울 광진구 능동로 125,37.5422073896978,127.071263970515
1737825433,예스스터디카페,study_cafe,서울 광진구 중곡동 89-4,서울 광진구 영화사로 32,37.5567346252438,127.090368208409
1942174692,작심스터디카페 건대입구역점,study_cafe,서울 광진구 자양동 864,서울 광진구 아차산로 212,37.5408134665288,127.066770540569
2134552687,랭스터디카페 세종대점,study_cafe,서울 광진구 화양동 206,서울 광진구 광나루로 390,37.5473834880346,127.072970841447
907303946,작심스터디카페 더작심 중곡점,study_cafe,서울 광진구 중곡동 614-11,서울 광진구 천호대로101길 43,37.5611978075743,127.075481107865
1600747247,집중독서실스터디카페,study_cafe,서울 광진구 광장동 457-25,서울 광진구 아차산로70길 22,37.5420321907338,127.10139645945
1402800974,에브리아워 구의점,study_cafe,서울 광진구 구의동 252-117,서울 광진구 아차산로49길 22,37.53790268824773,127.08450710223404
1666487021,예일스터디카페,study_cafe,서울 광진구 군자동 359,서울 광진구 군자로 69,37.5493707079783,127.070637070676
1011809550,소월스터디카페 강변점,study_cafe,서울 광진구 자양동 695,서울 광진구 구의강변로 11,37.53142717200343,127.09061711435385
456957942,열공다방 스터디카페 군자점,study_cafe,서울 광진구 능동 276-1,서울 광진구 천호대로 560,37.5564555171091,127.08010517586
1031527982,군자역 스터디카페,study_cafe,서울 광진구 중곡동 341-1,서울 광진구 천호대로109길 10,37.557289160768235,127.08110088631096
328031225,제로그라운드,study_cafe,서울 광진구 자양동 600-14,서울 광진구 자양번영로 18,37.531165830408284,127.07529809857398
603109085,호랑이스터디카페 아차산역점,study_cafe,서울 광진구 구의동 50-13,서울 광진구 자양로 287,37.5514942180176,127.091802501127
1382759703,숨스터디카페,study_cafe,서울 광진구 화양동 498-1,서울 광진구 광나루로 418,37.546378905097114,127.07578301043489
589417480,작심스터디카페 화양점,study_cafe,서울 광진구 화양동 18-26,서울 광진구 동일로30길 51,37.5475725616006,127.070223466253
1909603238,페이스더블랙워크&스터디 건대세종점,study_cafe,서울 광진구 군자동 355-14,서울 광진구 광나루로 347,37.5484258413184,127.068633198882
28471028,이루다스터디카페 자양점,study_cafe,서울 광진구 자양동 553-501,서울 광진구 뚝섬로 552,37.5342443444827,127.071274495245
1472889628,PK독학재수학원 스터디센터 광진본원2관,study_cafe,서울 광진구 구의동 219-5,서울 광진구 아차산로 453,37.539380728599,127.092392995127
1296634640,다다르다 세종대군자1호센터,study_cafe,서울 광진구 군자동 103,서울 광진구 군자로 108,37.5527287011716,127.07217141946
2023742757,더모어 스터디카페 건대자양역점,study_cafe,서울 광진구 자양동 610-12,서울 광진구 뚝섬로 595,37.5332087217035,127.076200744565
640010390,이루다스터디카페,study_cafe,서울 광진구 자양동 581-1,서울 광진구 뚝섬로 590,37.5331354166311,127.075301210086
1541010902,스터디셀럽,study_cafe,서울 광진구 중곡동 28-6,서울 광진구 용마산로 113,37.5637868330134,127.086618953099
1734782585,지니24스터디카페 군자점,study_cafe,서울 광진구 중곡동 161-23,서울 광진구 능동로 330,37.5589454425721,127.080737114511
682711791,카공족 구로디지털단지역점,study_cafe,서울 구로구 구로동 1125-2,서울 구로구 시흥대로 569,37.48380749359597,126.90176669634013
970938346,카공족 개봉역점,study_cafe,서울 구로구 개봉동 407-19,서울 구로구 개봉로20길 84,37.49324536110666,126.85888820896898
982230813,멘토즈 천왕역점,study_cafe,서울 구로구 오류동 362,서울 구로구 오리로 1165,37.487182934357314,126.83815575522715
603473533,초심 고척점,study_cafe,서울 구로구 고척동 76-38,서울 구로구 경인로 403,37.4980719897565,126.864217946824
437128074,멘토즈 신도림점,study_cafe,서울 구로구 신도림동 437-1,서울 구로구 경인로59길 8,37.5063700137459,126.883398108083
211552675,지공스터디카페 개봉2호점,study_cafe,서울 구로구 개봉동 361-1,서울 구로구 개봉로3길 51,37.485969404734,126.853440692837
227745164,멘토즈 양천고점,study_cafe,서울 구로구 개봉동 482,서울 구로구 고척로27길 126,37.50750915667468,126.84520443619452
515494317,지공랩스터디카페 개봉점,study_cafe,서울 구로구 개봉동 403-160,서울 구로구 개봉로 30,37.4882482152604,126.856509532686
2095553564,셀독24스터디카페 고척점,study_cafe,서울 구로구 고척동 195-13,서울 구로구 고척로 228-6,37.505799206606554,126.85824932838094
1789136801,그루스터디카페 구일센터,study_cafe,서울 구로구 구로동 685-216,서울 구로구 구일로4길 29,37.4917345086418,126.875863920914
91273279,지공스터디카페 개봉1호점,study_cafe,서울 구로구 개봉동 63-35,서울 구로구 고척로 101,37.5012760607982,126.845245577733
370795877,플랜트스터디카페 개봉푸르지오라운지,study_cafe,서울 구로구 개봉동 130-21,서울 구로구 경인로31길 88,37.5010824098276,126.848774421234
472089089,모두의스터디카페,study_cafe,서울 구로구 신도림동 337,서울 구로구 경인로 661,37.509712702782785,126.88801547786377
1794050835,홀릭스터디카페 구로점,study_cafe,서울 구로구 구로동 569-25,서울 구로구 새말로 18,37.5019449536807,126.883170888349
1565159258,더작심스터디카페 구로거리공원점,study_cafe,서울 구로구 구로동 108-4,서울 구로구 가마산로27길 66,37.49963075487727,126.89025273487894
2052958912,오늘스터디카페,study_cafe,서울 구로구 천왕동 14-78,서울 구로구 오류로 20,37.4862306459387,126.839532725517
1049789743,마스터플랜스터디카페 구로역점,study_cafe,서울 구로구 구로동 552-8,서울 구로구 공원로 91,37.5044428239602,126.887170603835
1506856664,작심스터디카페 오류동역점,study_cafe,서울 구로구 개봉동 70-16,서울 구로구 경인로 237,37.4977730173898,126.846677692521
854000073,시작이반스터디카페 고척점,study_cafe,서울 구로구 고척동 76-160,서울 구로구 경인로 397,37.4976994755985,126.863871447076
696995809,앤딩스터디카페 개봉역점,study_cafe,서울 구로구 개봉동 407-12,서울 구로구 개봉로20길 54,37.4934363427707,126.857361274607
1272540060,피플스터디센터 구로점,study_cafe,서울 구로구 구로동 97-5,서울 구로구 가마산로 286,37.4966546961187,126.892170480306
253729346,지니24스터디카페 신도림점,study_cafe,서울 구로구 신도림동 400-1,서울 구로구 신도림로 7,37.5061772080012,126.877183624811
1734811918,기본스터디카페 신도림점,study_cafe,서울 구로구 신도림동 375-1,서울 구로구 경인로65길 44,37.5095297151099,126.885113504157
480309764,앤딩스터디카페 오류동역점,study_cafe,서울 구로구 개봉동 73-7,서울 구로구 고척로22길 74,37.4983585082712,126.847247585012
1822802444,미니스터디카페,study_cafe,서울 구로구 신도림동 437-1,서울 구로구 경인로59길 8,37.5063916668474,126.883427480197
1135171801,골든스터디카페 신도림점,study_cafe,서울 구로구 신도림동 375-1,서울 구로구 경인로65길 44,37.509594670888,126.885199363671
1705428501,스페이스365 스터디카페 고척점,study_cafe,서울 구로구 고척동 52-49,서울 구로구 경인로47길 76,37.5021917429421,126.86452827756
1810797459,이은스터디카페 신도림센터,study_cafe,서울 구로구 신도림동 309-6,서울 구로구 신도림로19길 7,37.511195936897614,126.88446171930872
2032076708,원스스터디카페 구로점,study_cafe,서울 구로구 구로동 313-119,서울 구로구 도림로 69,37.489659070114534,126.89096046881492
1839719923,자모스터디 카페 구로점,study_cafe,서울 구로구 오류동 47-31,서울 구로구 경인로 178-2,37.4946160573883,126.841343312282
837075853,그로우랩스터디카페 고척스카이점,study_cafe,서울 구로구 고척동 76-37,서울 구로구 중앙로1길 25,37.49788101118174,126.86346626843935
430720677,타임 스터디카페,study_cafe,서울 구로구 신도림동 435-10,서울 구로구 경인로 619-3,37.5068833136399,126.884036324395
2000816124,엘더스터디카페 오류동점,study_cafe,서울 구로구 오류동 156-100,서울 구로구 오류로8길 6,37.4909360039192,126.841087629678
278751365,작심스터디카페 서울신도림점,study_cafe,서울 구로구 신도림동 397-2,서울 구로구 신도림로 20,37.50665821444259,126.87880242304206
1594725346,아이블스터디카페 구로대림점,study_cafe,서울 구로구 구로동 144-10,서울 구로구 도림로 81,37.4902034789734,126.892160531807
1897317530,디딤스터디카페 구로역센터,study_cafe,서울 구로구 구로동 569-8,서울 구로구 새말로 19,37.5023015093903,126.88292605184
957879776,위넌스터디카페 구로수궁점,study_cafe,서울 구로구 궁동 279,서울 구로구 오리로 1316,37.4988197573427,126.829422889333
640374900,큐브스터디카페24,study_cafe,서울 구로구 고척동 160-6,서울 구로구 고척로 202,37.5049329997639,126.855734558556
1821244505,탑24스터디카페,study_cafe,서울 구로구 항동 123,서울 구로구 서해안로 2104,37.4803514728811,126.823660386213
1179966214,기본스터디카페 고척점,study_cafe,서울 구로구 고척동 192,서울 구로구 고척로 237,37.5066257607809,126.859281495198
126754820,예스터디카페,study_cafe,서울 구로구 항동 122,서울 구로구 서해안로 2098,37.479984025494,126.823167180515
1765400166,탑스터디카페,study_cafe,서울 구로구 궁동 279-8,서울 구로구 오리로 1304,37.4977673147035,126.829375525361
1314467326,스터디카페공간 구로,study_cafe,서울 구로구 구로동 23-7,서울 구로구 공원로6가길 43,37.5032525320893,126.889968090399
1909926680,지운스터디카페 구일역점,study_cafe,서울 구로구 구로동 650-4,서울 구로구 구일로10길 27,37.49594017626407,126.8722665611373
1431169940,에이플러스스터디카페,study_cafe,서울 구로구 고척동 72-7,서울 구로구 경인로 373,37.4969061024378,126.861898425361
863650461,카공족 독산사거리점,study_cafe,서울 금천구 독산동 289-7,서울 금천구 시흥대로 405,37.4699509076559,126.897564888497
957433836,초심 시흥힐스테이트점,study_cafe,서울 금천구 시흥동 985,서울 금천구 시흥대로39길 16,37.44713598875884,126.90242604887266
864275434,그루스터디카페 독산역센터,study_cafe,서울 금천구 독산동 1005,서울 금천구 벚꽃로 104,37.46460186267887,126.89080696817771
2143823084,지공스터디카페 독산점,study_cafe,서울 금천구 독산동 331-4,서울 금천구 범안로17길 23,37.46757270344804,126.89400396004999
1778683099,플랜트스터디카페 금천은행나무라운지,study_cafe,서울 금천구 시흥동 259-5,서울 금천구 금하로 733-3,37.4507704768559,126.911319032809
986389265,엘알마 금천시흥점,study_cafe,서울 금천구 시흥동 830-22,서울 금천구 탑골로 5,37.4511011101152,126.910075467276
1730147307,화이트펜슬 스터디카페 가산점,study_cafe,서울 금천구 가산동 152-30,서울 금천구 가산로7길 12,37.4755505255633,126.892319513822
656824280,비에이블스터디카페 시흥센터,study_cafe,서울 금천구 시흥동 890-13,서울 금천구 시흥대로 196,37.451404837818,126.902240808131
2029820672,데일리스터디카페 독산점,study_cafe,서울 금천구 독산동 973-2,서울 금천구 독산로 329,37.4762952924244,126.903357022699
557615258,화이트펜슬 스터디카페 금천점,study_cafe,서울 금천구 가산동 772,서울 금천구 가산로 106,37.4754445381733,126.893680818697
1423867899,작심스터디카페 가산퍼블릭점,study_cafe,서울 금천구 가산동 60-26,서울 금천구 디지털로 178,37.4764378727169,126.887330295899
561576536,비온탑스터디카페 금천시흥점,study_cafe,서울 금천구 시흥동 936-1,서울 금천구 시흥대로 158,37.448183879419,126.903537851502
76402907,그린 스터디카페 시흥삼익점,study_cafe,서울 금천구 시흥동 794-11,서울 금천구 독산로50길 90,37.4624190289194,126.909291030082
205873070,시작스터디카페 금천구청역점,study_cafe,서울 금천구 독산동 1150,서울 금천구 벚꽃로 30,37.4582226449625,126.89371085602404
1785953233,아이블스터디카페,study_cafe,서울 금천구 독산동 146-14,서울 금천구 시흥대로 469,37.4754827267686,126.898165562011
1877744359,캐슬스터디카페,study_cafe,서울 금천구 독산동 1155,서울 금천구 시흥대로 291,37.45983652665811,126.89799237317936
1726502481,가산스터디카페 또바기비즈,study_cafe,서울 금천구 가산동 60-18,서울 금천구 디지털로9길 47,37.47956290423835,126.88579931082921
1759118031,조셉스터디카페,study_cafe,서울 금천구 시흥동 890,서울 금천구 시흥대로 204,37.4522226712406,126.901895040072
652166267,청담스터디카페 금천시흥점,study_cafe,서울 금천구 시흥동 492-49,서울 금천구 시흥대로39길 45,37.4465092466673,126.900698955029
399746055,페이지스터디카페,study_cafe,서울 금천구 독산동 901-14,서울 금천구 독산로108길 101,37.4803582901907,126.9094841632
1983554737,파티앤스터디 금천구청,study_cafe,서울 금천구 독산동 1150,서울 금천구 벚꽃로 30,37.45801006227401,126.89377332136202
110363099,썬스터디카페 독산점,study_cafe,서울 금천구 독산동 192-2,서울 금천구 독산로 258,37.4697174670982,126.902804793671
1447639739,그로우랩 스터디카페 금천롯데캐슬점,study_cafe,서울 금천구 독산동 1155,서울 금천구 시흥대로 291,37.4596749474168,126.89661251079
598438577,기본스터디카페 금천시흥점,study_cafe,서울 금천구 시흥동 264-14,서울 금천구 금하로 749,37.4502240240734,126.913155035165
1887456698,브릴리언트컴퍼니,study_cafe,서울 금천구 가산동 429-1,서울 금천구 가산디지털2로 108,37.47789095652612,126.88065779647903
156069391,어반스터디카페 금천시흥점,study_cafe,서울 금천구 시흥동 272-20,서울 금천구 금하로 726,37.4503732362873,126.910266203512
1333479721,심다스터디카페,study_cafe,서울 금천구 독산동 901-15,서울 금천구 독산로108길 99,37.4802969063553,126.909333867598
1754617523,웨이온작업카페,study_cafe,서울 금천구 가산동 459-14,서울 금천구 가산디지털2로 144,37.48082888920497,126.87951686447725
517241386,합격이음,study_cafe,서울 금천구 가산동 371-37,서울 금천구 가산디지털1로 128,37.4772362490304,126.88369550155
299862974,포텐스터디카페 금천롯데캐슬점,study_cafe,서울 금천구 독산동 1155,서울 금천구 시흥대로 291,37.45971462155303,126.8966463648319
1286671897,부엉이라운지,study_cafe,서울 금천구 시흥동 990-8,서울 금천구 시흥대로51길 33,37.4507477699342,126.899815222842
1219721054,초심 광명소하점,study_cafe,경기 광명시 소하동 35-2,경기 광명시 금하로 531,37.4514265940162,126.891057806491
789121037,포텐스터디카페 광명소하점,study_cafe,경기 광명시 소하동 35-9,경기 광명시 금하로 534,37.451196393326,126.891556541143
6646985,타임스터디카페 광명소하점,study_cafe,경기 광명시 소하동 48-56,경기 광명시 하안로 196,37.4546492040632,126.886888299487
136943547,라온스터디카페 광명소하점,study_cafe,경기 광명시 소하동 1364,경기 광명시 하안로 112,37.4483798935061,126.89163067416
902396819,카공족 광명하안점,study_cafe,경기 광명시 하안동 34-1,경기 광명시 하안로 313,37.46327926806685,126.87887925877027
2066509315,원스스터디카페 광명소하점,study_cafe,경기 광명시 소하동 1365,경기 광명시 하안로 108,37.4477596332902,126.892219225466
1213741058,어라운드스터디카페 광명하안점,study_cafe,경기 광명시 하안동 52-1,경기 광명시 하안로287번길 11,37.4607724759412,126.87958635163
342269313,멘토즈 스터디카페 광명하안점,study_cafe,경기 광명시 하안동 36-4,경기 광명시 범안로 1050,37.462156578116,126.879732204722
1774191490,어라운드스터디카페 광명소하점,study_cafe,경기 광명시 소하동 1341-2,경기 광명시 소하로 86,37.447203530837655,126.88348660705981
40487193,비전스터디카페,study_cafe,경기 광명시 소하동 1339-1,경기 광명시 소하로 81,37.447650059892844,126.88402271544007
1038385992,올티칭스터디카페 광명하안점,study_cafe,경기 광명시 하안동 37-4,경기 광명시 하안로 293-8,37.4617409799476,126.879504545907
1863149163,공간샘스터디카페 하안동점,study_cafe,경기 광명시 하안동 52-3,경기 광명시 하안로287번길 7,37.460975542502716,126.87991946674141
1938121394,플랜24스터디카페 광명소하센터,study_cafe,경기 광명시 소하동 1339,경기 광명시 소하로 77,37.4479356464029,126.883987241117
1693551718,집중소스터디카페 광명1하임,study_cafe,경기 광명시 하안동 52-2,경기 광명시 하안로287번길 9,37.4608726491985,126.879744433843
100392969,카공족 공릉과기대점,study_cafe,서울 노원구 공릉동 392-24,서울 노원구 동일로192길 66,37.62683257432204,127.07651372160146
60259366,카공족 석계역점,study_cafe,서울 노원구 월계동 58-6,서울 노원구 석계로3길 10,37.615849719087,127.064113560421
1715471281,카공족 마들역점,study_cafe,서울 노원구 상계동 651-5,서울 노원구 동일로 1545,37.6663904993509,127.056973419751
1482621453,멘토즈스터디카페 공릉점,study_cafe,서울 노원구 공릉동 420-2,서울 노원구 공릉로46길 3,37.6271570000123,127.079138797439
86843144,멘토즈 수락산역점,study_cafe,서울 노원구 상계동 1132-63,서울 노원구 동일로243길 13,37.6782116710251,127.054389924964
616207075,초심 중계은행사거리점,study_cafe,서울 노원구 중계동 366-5,서울 노원구 중계로 206,37.6508224425794,127.077510595268
534728636,카공족 화랑점,study_cafe,서울 노원구 공릉동 89-1,서울 노원구 노원로1길 67,37.620825366151536,127.08363579441834
1481012085,카공족 광운대역점,study_cafe,서울 노원구 월계동 379-33,서울 노원구 석계로18길 5,37.62327401439612,127.06040108213804
260461449,카공족 상계역점,study_cafe,서울 노원구 중계동 606,서울 노원구 덕릉로83길 5,37.65969962750401,127.07502086622026
1254326694,타임유스터디카페 석계역점,study_cafe,서울 노원구 월계동 493-1,서울 노원구 화랑로 321,37.614682372488,127.063495274522
680749049,초심 서울과학기술대점,study_cafe,서울 노원구 공릉동 441-152,서울 노원구 동일로192길 87,37.6277031427486,127.077563612752
232059337,타임유스터디카페 수락산역점,study_cafe,서울 노원구 상계동 1120-1,서울 노원구 동일로242길 17,37.675772627383,127.056505631898
1379593030,어라운드스터디카페 노원상계점,study_cafe,서울 노원구 상계동 1309,서울 노원구 노원로28길 62,37.65466297851485,127.07091007922143
918371055,멘토즈 중계중앙점,study_cafe,서울 노원구 중계동 411-7,서울 노원구 덕릉로 603,37.65178043158238,127.07288702761034
1855434220,초심 하계점,study_cafe,서울 노원구 하계동 256-12,서울 노원구 노원로 246,37.6396767492362,127.074121512208
988834803,어라운드스터디카페 중계점,study_cafe,서울 노원구 중계동 364-22,서울 노원구 한글비석로 254,37.6504037627836,127.077087486696
735817334,멘토즈 광운대점,study_cafe,서울 노원구 월계동 413-1,서울 노원구 석계로 102,37.6232845478401,127.060942550444
1870123549,타임유스터디카페 노원하계점,study_cafe,서울 노원구 하계동 256-15,서울 노원구 노원로 254,37.6401996829581,127.073541926654
304584825,타임유스터디카페 공릉점,study_cafe,서울 노원구 공릉동 312-4,서울 노원구 동일로197길 21,37.6284060099233,127.07021335286731
1167221894,어라운드스터디카페 중계역점,study_cafe,서울 노원구 중계동 512,서울 노원구 동일로 1280,37.643467805393,127.06546637776
1240919835,셀독24스터디카페 중계은사점,study_cafe,서울 노원구 중계동 360-5,서울 노원구 중계로 219,37.650497480317306,127.07567224903687
1215379030,단디스터디카페 노원역점,study_cafe,서울 노원구 상계동 746-3,서울 노원구 동일로 1365,37.6506103719421,127.06123456908
835499944,단디스터디카페 온수골사거리점,study_cafe,서울 노원구 상계동 694,서울 노원구 노원로 547,37.6609850223078,127.057983622098
1202175969,공간샘스터디카페 노원점,study_cafe,서울 노원구 중계동 188-45,서울 노원구 한글비석로 362,37.6581824791257,127.074856145719
919909891,비에이블스터디카페 공릉센터,study_cafe,서울 노원구 공릉동 408-6,서울 노원구 공릉로 181,37.62615947246758,127.07934051184942
1778135041,단디스터디카페 마들역점,study_cafe,서울 노원구 상계동 624,서울 노원구 동일로227길 26,37.66894399372894,127.05482747506784
351857188,엔와이 스터디카페 중계은행사거리점,study_cafe,서울 노원구 중계동 364-24,서울 노원구 중계로 201,37.6504681775501,127.077782188762
226823172,단디스터디카페 상계한신점,study_cafe,서울 노원구 상계동 450,서울 노원구 한글비석로 444,37.6636129559208,127.068493172751
786090997,비에이블스터디카페 하계센터,study_cafe,서울 노원구 하계동 256-12,서울 노원구 노원로 246,37.63963351623805,127.07409880907393
1087776416,여백스터디카페&워크스페이스 노원점,study_cafe,서울 노원구 상계동 398-7,서울 노원구 노원로 474,37.6587106611342,127.065416295158
572843591,노원역 스터디룸 스터디카페 더골스터디,study_cafe,서울 노원구 상계동 353-1,서울 노원구 상계로5길 3,37.6567112791249,127.063961690539
2059359080,페이스 스터디카페&워크스페이스 공릉점,study_cafe,서울 노원구 공릉동 566-32,서울 노원구 동일로182길 20,37.6229906333399,127.075320389383
2109102030,퍼스트스터디카페 노원상계점,study_cafe,서울 노원구 상계동 649-8,서울 노원구 동일로 1528,37.6647627659306,127.058125967738
615101764,초월스터디카페 광운대점,study_cafe,서울 노원구 월계동 429-6,서울 노원구 석계로13길 23,37.6202118588346,127.061563035159
619151856,시작스터디카페 상계점,study_cafe,서울 노원구 상계동 1040-18,서울 노원구 수락산로 222,37.6709192158518,127.05423498222
314648589,스토피아 상계센터,study_cafe,서울 노원구 상계동 169-103,서울 노원구 한글비석로24가길 6-7,37.6622062825937,127.071927070694
1836889309,런앤런스터디카페 중계점,study_cafe,서울 노원구 중계동 503,서울 노원구 동일로207길 23,37.6429763036595,127.063011738508
828690155,스터디카페포레 노원,study_cafe,서울 노원구 상계동 693-4,서울 노원구 상계로 59,37.6561602780441,127.061515642144
1661725940,플랜에이스터디카페 과학기술대센터,study_cafe,서울 노원구 공릉동 435-2,서울 노원구 공릉로 231,37.629747493915,127.076159859225
1352407036,다온스터디카페,study_cafe,서울 노원구 중계동 366-11,서울 노원구 한글비석로 276,37.6518719070166,127.077784786041
1104095146,위퍼스트스터디카페 광운대점,study_cafe,서울 노원구 월계동 410-7,서울 노원구 석계로 103,37.622832385575,127.060683913367
2104624647,단디스터디카페 중계2호점,study_cafe,서울 노원구 중계동 55-17,서울 노원구 중계로12가길 19,37.647976390628,127.082595417379
969343629,미래스터디카페,study_cafe,서울 노원구 중계동 366-13,서울 노원구 중계로18길 17,37.6515240666277,127.07787734478974
1948058037,타임유스터디카페 방학점,study_cafe,서울 도봉구 방학동 718-6,서울 도봉구 마들로 649-20,37.66833914031624,127.04486744428335
1086101922,셀독24스터디카페 창동점,study_cafe,서울 도봉구 창동 26,서울 도봉구 노해로 384,37.65198107770512,127.05112191291971
854956389,타임유스터디카페 방학중앙점,study_cafe,서울 도봉구 방학동 670-2,서울 도봉구 방학로 169,37.6621225703411,127.03341119019835
456144713,위스터디카페,study_cafe,서울 도봉구 창동 333,서울 도봉구 노해로65길 7-18,37.651695963017445,127.04550901487627
579975823,하베르스터디카페 창동점,study_cafe,서울 도봉구 창동 181-3,서울 도봉구 마들로13길 165,37.65760983425397,127.04596593727726
1980173223,시너지플레이스스터디카페 도봉점,study_cafe,서울 도봉구 도봉동 566,서울 도봉구 도봉로181길 29,37.6841065314335,127.044186525598
1797402929,작심스터디카페 창동점,study_cafe,서울 도봉구 창동 296-20,서울 도봉구 해등로16길 32,37.6554310293946,127.041737574192
804190082,워크앤스터디24 쌍문점,study_cafe,서울 도봉구 쌍문동 256,서울 도봉구 해등로 255,37.6573748590334,127.028191446541
153010334,스토피아스터디카페 쌍문센터,study_cafe,서울 도봉구 쌍문동 45-8,서울 도봉구 해등로 184,37.6579267152456,127.03640118825
2038348251,미라클스터디카페 쌍문점,study_cafe,서울 도봉구 쌍문동 199-13,서울 도봉구 방학로11길 89,37.6589003992292,127.034320921037
67723631,퍼스트스터디카페,study_cafe,서울 도봉구 쌍문동 176,서울 도봉구 해등로25길 32,37.6564834903805,127.032825031523
973568775,비전스터디카페,study_cafe,서울 도봉구 도봉동 79-8,서울 도봉구 도봉로180나길 34,37.6837683281399,127.04956677155
1879957726,초월스터디카페 방학점,study_cafe,서울 도봉구 방학동 669-3,서울 도봉구 방학로 173,37.662105612739786,127.03283770709214
736683572,워크앤스터디24,study_cafe,서울 도봉구 방학동 720-33,서울 도봉구 마들로 650,37.668035556341,127.047060469715
212293657,강스터디카페,study_cafe,서울 도봉구 쌍문동 423-2,서울 도봉구 삼양로 538-5,37.6512751217444,127.013314938258
1211875147,일도노,study_cafe,서울 도봉구 창동 366-2,서울 도봉구 해등로 24,37.6464329461121,127.044121139997
1411453606,터닝스터디카페 도봉점,study_cafe,서울 도봉구 도봉동 568-31,서울 도봉구 도봉로181길 14,37.6840845473283,127.045138808036
1348881490,레즈고스터디카페 방학점,study_cafe,서울 도봉구 방학동 665-13,서울 도봉구 방학로 166,37.6626648687138,127.033735574015
78017920,단향스터디카페 도봉직영센터,study_cafe,서울 도봉구 쌍문동 19-15,서울 도봉구 도당로 14,37.65946956348933,127.03519043237513
1444559438,화이트펜슬스터디카페 창동점,study_cafe,서울 도봉구 창동 749-16,서울 도봉구 도봉로136길 7,37.6592503313393,127.041626381502
1942420917,열공다방스터디카페 창동점,study_cafe,서울 도봉구 창동 715-34,서울 도봉구 도봉로 566,37.655349037713,127.039115192253
979987191,정진스터디카페,study_cafe,서울 도봉구 창동 715-70,서울 도봉구 해등로 119,37.6542060813066,127.040626322464
1811072794,스터디&카페독서실,study_cafe,서울 도봉구 쌍문동 257-2,서울 도봉구 시루봉로 70,37.6569414877898,127.028186749594
1068230551,라임독립룸 스터디카페,study_cafe,서울 도봉구 방학동 668-5,서울 도봉구 방학로 176,37.6625111362261,127.032542079557
682617511,라이프랩,study_cafe,서울 도봉구 창동 33-3,서울 도봉구 노해로70길 81,37.64881170564659,127.0525214453628
1340620766,에이스스터디카페 창동센터,study_cafe,서울 도봉구 창동 731-34,서울 도봉구 해등로16길 7,37.6563809844981,127.040823562089
1648697182,시작스터디카페 창동점,study_cafe,서울 도봉구 창동 333-2,서울 도봉구 노해로65길 11,37.6518110227662,127.046193534441
1246918727,비원스터디카페 2호점,study_cafe,서울 도봉구 쌍문동 423-92,서울 도봉구 삼양로 534,37.650727319728,127.013353368502
1422366487,1프로스터디카페 쌍문점,study_cafe,서울 도봉구 쌍문동 45-6,서울 도봉구 해등로 180,37.657782448161626,127.0367558360432
1493972362,메이크잇 스터디카페 창동점,study_cafe,서울 도봉구 창동 823,서울 도봉구 해등로16길 25,37.6557373633064,127.041737745663
1541771947,보들리스터디카페,study_cafe,서울 도봉구 창동 333-1,서울 도봉구 노해로65길 7-12,37.6517318777321,127.045830863629
18513925,세그루스터디카페,study_cafe,서울 도봉구 쌍문동 262-10,서울 도봉구 시루봉로 59,37.6561883731643,127.027737693591
1702674111,시작스터디카페 쌍문점,study_cafe,서울 도봉구 쌍문동 산 69-3,서울 도봉구 해등로 243,37.657625906952,127.029524281938
2139694897,카공족 회기경희대점,study_cafe,서울 동대문구 회기동 54-15,서울 동대문구 경희대로4길 60,37.5913741727665,127.055518955178
325713033,카공족 답십리사거리점,study_cafe,서울 동대문구 답십리동 53-6,서울 동대문구 전농로 86-1,37.5726595323329,127.05761849206
545998686,카공족 장안점,study_cafe,서울 동대문구 장안동 335-6,서울 동대문구 답십리로 304,37.57177626419386,127.07427263973891
2024312896,카공족 외대점,study_cafe,서울 동대문구 이문동 363-5,서울 동대문구 휘경로3길 4,37.5957945788952,127.062448788778
1838558013,어라운드스터디카페 휘경점,study_cafe,서울 동대문구 휘경동 42-23,서울 동대문구 망우로 101,37.5909750174418,127.064417177918
111895437,어라운드스터디카페 답십리점,study_cafe,서울 동대문구 답십리동 12-3,서울 동대문구 한천로11길 6,37.56736851450224,127.06191568862386
427960958,멘토즈 경희대점,study_cafe,서울 동대문구 회기동 45-74,서울 동대문구 회기로 151,37.59138873926493,127.05323629459488
86272745,멘토즈 서울시립대점,study_cafe,서울 동대문구 전농동 152-11,서울 동대문구 서울시립대로 164,37.58332681880632,127.05485066753667
145558414,공본스터디카페 장안센터,study_cafe,서울 동대문구 장안동 93-83,서울 동대문구 사가정로25가길 5,37.5812295395559,127.07127850601
616146167,초심 장안사거리점,study_cafe,서울 동대문구 장안동 308-1,서울 동대문구 장한로 140,37.5728497623307,127.072153476117
2136571103,카공족 휘경점,study_cafe,서울 동대문구 휘경동 276-49,서울 동대문구 망우로 78,37.58975725761621,127.0620225461211
1031323364,카공족 장안삼거리점,study_cafe,서울 동대문구 장안동 285-1,서울 동대문구 사가정로 229,37.57894685741938,127.07055292507508
1410599171,공본스터디카페 전농센터,study_cafe,서울 동대문구 전농동 498-21,서울 동대문구 서울시립대로 58,37.5762858017094,127.048078114947
1223901816,초심 경희대점,study_cafe,서울 동대문구 회기동 45-107,서울 동대문구 회기로 152,37.5910851565587,127.053121718791
1402165003,어라운드스터디카페 전농점,study_cafe,서울 동대문구 전농동 26-15,서울 동대문구 전농로 120,37.5756777304,127.05789250699
1121803233,타임유스터디카페 팔복장안점,study_cafe,서울 동대문구 장안동 331-2,서울 동대문구 답십리로 303,37.5724052983393,127.07405026241
144707760,작심스터디카페 고려대정문점,study_cafe,서울 동대문구 제기동 137-332,서울 동대문구 안암로26길 8,37.5888949961359,127.036016548578
1782254689,커피엔스터디카페,study_cafe,서울 동대문구 이문동 325-52,서울 동대문구 이문로 86,37.5944879963941,127.059234160236
1036913631,엠스터디카페24 청량리역점,study_cafe,서울 동대문구 전농동 620-4,서울 동대문구 왕산로 192,37.5795938136879,127.044604698405
542794617,DCT 스터디카페 신이문점,study_cafe,서울 동대문구 이문동 38-46,서울 동대문구 한천로58길 75-19,37.6004309426132,127.069156557328
665802698,스터디카페 더딩글 답십리,study_cafe,서울 동대문구 답십리동 530-16,서울 동대문구 고미술로 81,37.5657435297423,127.055660655917
279032778,새날스터디카페 휘경점,study_cafe,서울 동대문구 휘경동 77-6,서울 동대문구 망우로21길 8,37.5906001758473,127.062798847466
2015802132,퍼플크로스스터디카페,study_cafe,서울 동대문구 전농동 26-13,서울 동대문구 전농로 124,37.575888572998124,127.0578722934482
1245747644,더스터디카페 회기점,study_cafe,서울 동대문구 휘경동 281-6,서울 동대문구 망우로14길 6,37.588907980955234,127.05957620327781
1569355921,랭스터디카페 경희대점,study_cafe,서울 동대문구 회기동 57-11,서울 동대문구 회기로 163,37.5907998968862,127.054321720719
248882369,카공라운지,study_cafe,서울 동대문구 휘경동 187-20,서울 동대문구 이문로 58,37.5923758828873,127.057797871675
1442247040,조이에듀스터디카페,study_cafe,서울 동대문구 휘경동 34-21,서울 동대문구 망우로20길 59,37.5906699104176,127.06545633563
127616746,여백스터디 카페워크스페이스 회기점,study_cafe,서울 동대문구 이문동 345-8,서울 동대문구 이문로 61,37.5928841173984,127.057644271915
1734155163,위넌스터디카페 장안센터2호점,study_cafe,서울 동대문구 장안동 107-19,서울 동대문구 한천로 205,37.5791627384999,127.068093092356
152569449,단디스터디 카페 전농점,study_cafe,서울 동대문구 전농동 40,서울 동대문구 사가정로 136,37.577593149977865,127.05988756258773
1986980410,올케어관리형스터디카페,study_cafe,서울 동대문구 용두동 144-31,서울 동대문구 왕산로 77,37.5784473401617,127.031977908965
532450225,디딤스터디카페 답십리센터,study_cafe,서울 동대문구 답십리동 252-13,서울 동대문구 전농로 71,37.5712515514618,127.057053685041
600782264,시립동대문청소년센터 스터디카페다온,study_cafe,서울 동대문구 청량리동 11-1,서울 동대문구 제기로33길 25,37.5872411618531,127.049817448912
213551868,페이스 스터디카페&워크스페이스 회기점,study_cafe,서울 동대문구 전농동 152-88,서울 동대문구 서울시립대로29길 44,37.5854782116967,127.055233793416
2137798443,브리즈스터디카페 장안점,study_cafe,서울 동대문구 장안동 361-1,서울 동대문구 장한로 60,37.5663396821936,127.068262521996
1668377229,독서당스터디카페 동대문구청점,study_cafe,서울 동대문구 용두동 39-728,서울 동대문구 왕산로32길 99,37.5751076186873,127.039978807922
486961225,위넌스터디카페 회기점,study_cafe,서울 동대문구 이문동 264-222,서울 동대문구 천장산로7길 10-1,37.5985579007546,127.057149266593
1146253361,온다스터디카페,study_cafe,서울 동대문구 전농동 103-103,서울 동대문구 전농로 217-3,37.5835528806213,127.053071079772
685138684,그로우랩스터디카페 동대문휘경점,study_cafe,서울 동대문구 휘경동 57-1,서울 동대문구 한천로 264,37.5843090848262,127.068315156331
578693282,위넌스터디카페 장안점,study_cafe,서울 동대문구 장안동 335-5,서울 동대문구 답십리로 302,37.57191162864695,127.0739297834881
835971627,더라이트스터디카페,study_cafe,서울 동대문구 답십리동 245-2,서울 동대문구 답십리로 154,37.5726291460458,127.057109071623
1538502574,키위스터디카페 신설동점,study_cafe,서울 동대문구 신설동 84-4,서울 동대문구 한빛로 1,37.5762517430305,127.023820561741
752803864,장안사계 가을 스터디카페,study_cafe,서울 동대문구 장안동 308-2,서울 동대문구 답십리로 287,37.5726793774386,127.072311790904
1260552960,일취월장입시관리형스터디카페 전농점,study_cafe,서울 동대문구 전농동 295-316,서울 동대문구 사가정로 109,37.5772567518227,127.056906570137
1537047571,본스터디카페,study_cafe,서울 동대문구 답십리동 97-18,서울 동대문구 전농로 114,37.5750948365605,127.057791305008
309652344,카공족 신대방삼거리역점,study_cafe,서울 동작구 상도동 248-2,서울 동작구 성대로1길 6,37.5003410925622,126.932826725152
472539332,카공족 이수역점,study_cafe,서울 동작구 사당동 150-3,서울 동작구 사당로 285,37.4846438873708,126.97917315616
1973061519,카공족 상도역점,study_cafe,서울 동작구 상도1동 683,서울 동작구 양녕로 263,37.5036635903569,126.948100638845
1850085122,카공족 숭실대점,study_cafe,서울 동작구 상도동 489-7,서울 동작구 상도로 368,37.4958649703074,126.953606411459
549734695,카공족 대방점,study_cafe,서울 동작구 대방동 385-13,서울 동작구 여의대방로36길 1,37.50422973736823,126.9223799587237
1115408757,초심 노량진역점,study_cafe,서울 동작구 노량진동 148-5,서울 동작구 노량진로 184,37.5133142966858,126.946186927446
829379090,플랜에이스터디카페 노량진제1센터,study_cafe,서울 동작구 노량진동 72-30,서울 동작구 노량진로14길 15,37.512847566334585,126.94234608126341
1551600767,초심 여의대방점,study_cafe,서울 동작구 대방동 384-8,서울 동작구 여의대방로 206,37.505205732984,126.922695621115
411485328,플랜트스터디카페 보라매라운지,study_cafe,서울 동작구 신대방동 498-9,서울 동작구 여의대방로 86-1,37.496718446646,126.916358060419
873127309,플랜트스터디카페 상도점,study_cafe,서울 동작구 상도동 527,서울 동작구 상도로31길 19,37.50546170419759,126.94353363405759
582890431,엘알마 이수2호점,study_cafe,서울 동작구 사당동 144-18,서울 동작구 사당로 295,37.4850423183025,126.980251705403
1578198829,그루스터디카페 대방동센터,study_cafe,서울 동작구 대방동 37-2,서울 동작구 등용로 119,37.511760725906655,126.93177024937788
1837578600,셀스스터디룸 사당점,study_cafe,서울 동작구 사당동 1019-46,서울 동작구 동작대로 49,37.4810402387699,126.981494168923
1971115163,엘알마 이수1호점,study_cafe,서울 동작구 사당동 144-18,서울 동작구 사당로 295,37.4850765615301,126.980281093841
1303790317,수림당 스터디룸&카페,study_cafe,서울 동작구 노량진동 202-3,서울 동작구 만양로14사길 1,37.512418233544516,126.94715238495844
400981514,혜림재 스터디룸&카페,study_cafe,서울 동작구 노량진동 205-31,서울 동작구 만양로14바길 24,37.51133507606238,126.94681722172987
1459508820,아늑스터디카페 숭실대점,study_cafe,서울 동작구 상도동 485-1,서울 동작구 상도로37길 81,37.4973498447578,126.953646203697
207635649,마이스터디룸&카페,study_cafe,서울 동작구 노량진동 126-6,서울 동작구 만양로14가길 22,37.5125677743143,126.945119718548
2037570183,컨센터블 스터디룸&카페 이수점,study_cafe,서울 동작구 동작동 333,서울 동작구 동작대로39길 22,37.4940437176766,126.982351504619
1807005332,어썸팩토리 상도플레이스,study_cafe,서울 동작구 상도1동 801-1,서울 동작구 상도로 294,37.5013465271627,126.94884186198
1399323264,카공족 중앙대점,study_cafe,서울 동작구 상도1동 491-1,서울 동작구 흑석로 18,37.504781805788,126.952546831853
1298307594,랭스터디카페 노량진점,study_cafe,서울 동작구 노량진동 112-5,서울 동작구 노량진로 159,37.51397803751894,126.94361431365496
210605553,르하임스터디카페 대방역점,study_cafe,서울 동작구 대방동 341-4,서울 동작구 여의대방로 286,37.5119948101101,126.925511787598
1319315580,올탑 스터디카페 노량진점,study_cafe,서울 동작구 노량진동 54-8,서울 동작구 장승배기로 170,37.5128205217923,126.940500164047
679051533,하루 스터디룸&카페,study_cafe,서울 동작구 노량진동 126-14,서울 동작구 만양로18길 14,37.5130461625978,126.945023225368
118064282,사계스터디카페 중앙대점,study_cafe,서울 동작구 흑석동 97-1,서울 동작구 서달로 166,37.507736274201285,126.96280890315127
2049294335,8길3스터디카페,study_cafe,서울 동작구 상도동 299,서울 동작구 국사봉8길 3,37.49641963370713,126.93078115201192
1280460319,앤딩스터디카페 상도점,study_cafe,서울 동작구 상도동 22-107,서울 동작구 만양로 7,37.5055280080143,126.946612110209
1547000609,올패스 스터디룸 노량진점,study_cafe,서울 동작구 노량진동 148-57,서울 동작구 만양로18길 15,37.513186807992,126.945214277262
689436258,위넌스터디카페 보라매점,study_cafe,서울 동작구 대방동 402-12,서울 동작구 상도로 30,37.4996247886336,126.923904642165
1726946137,정진스터디카페 노량진,study_cafe,서울 동작구 노량진동 148-23,서울 동작구 만양로18길 41,37.51315486382114,126.94628544714132
1069937263,열공스터디카페 사당점,study_cafe,서울 동작구 사당동 1007-50,서울 동작구 동작대로 71,37.4828710993341,126.981561555653
852365964,아늑스터디카페 노량진점,study_cafe,서울 동작구 노량진동 258-42,서울 동작구 노량진로8길 40,37.5124234129389,126.937464651263
580143763,아늑스터디카페 상도점,study_cafe,서울 동작구 상도동 22-1,서울 동작구 만양로 11,37.5058615098136,126.946900273762
884009253,쌤스터디카페,study_cafe,서울 동작구 사당동 86-9,서울 동작구 동작대로 129,37.4883204495305,126.981897170946
1070874210,랭스터디카페 중앙대점,study_cafe,서울 동작구 흑석동 183-1,서울 동작구 흑석로 110,37.5081124513044,126.961427742909
1723440746,만점24스터디카페 사당점,study_cafe,서울 동작구 사당동 1045-8,서울 동작구 남부순환로 2061,37.476903967385816,126.97778812177552
1419031305,아늑스터디카페 신대방점,study_cafe,서울 동작구 신대방동 342-31,서울 동작구 보라매로 78,37.4964089402544,126.927965365711
1117637010,스터디하랑 상도점,study_cafe,서울 동작구 상도1동 765,서울 동작구 상도로37길 8,37.502647541793,126.948755023171
239770252,그린스터디 카페 상도점,study_cafe,서울 동작구 상도동 250-6,서울 동작구 성대로 23,37.4996374747286,126.932946098964
1868898886,제일스터디카페,study_cafe,서울 동작구 노량진동 83-10,서울 동작구 노량진로14길 33,37.5121341502093,126.942714230742
1639420524,오라스터디룸,study_cafe,서울 동작구 노량진동 57-1,서울 동작구 노량진로 140,37.5127823698029,126.941685575496
914332056,작심스터디카페 중앙대청룡점,study_cafe,서울 동작구 흑석동 207-17,서울 동작구 흑석로6길 18,37.5058925241837,126.956660652256
1734415680,청춘24시스터디카페,study_cafe,서울 마포구 염리동 10-132,서울 마포구 숭문길 182,37.554523584397785,126.94665526600541
172728505,900원 숲24시스터디카페,study_cafe,서울 은평구 응암동 84-7,서울 은평구 은평로 173,37.6016088125812,126.926817688123
1923680454,청춘24시스터디카페,study_cafe,서울 은평구 불광동 12-2,서울 은평구 불광로 120,37.617458343792,126.933286707335
1549692412,숲24시스터디카페,study_cafe,서울 은평구 불광동 423,서울 은평구 연서로 292,37.6216710995849,126.926766309787
1914541315,노블24시스터디카페 은평직영센터,study_cafe,서울 은평구 불광동 483-1,서울 은평구 통일로 908,37.6241004190302,126.920216496731
919257268,카공족 망원역1호점,study_cafe,서울 마포구 서교동 477-1,서울 마포구 동교로13길 20,37.55547581911522,126.91308170418485
84223022,초심 홍대상수점,study_cafe,서울 마포구 상수동 317-1,서울 마포구 독막로 67-13,37.5483668165284,126.920573403741
1192144433,카공족 합정역점,study_cafe,서울 마포구 합정동 364-28,서울 마포구 독막로 14,37.5484673980952,126.91492534293
525090879,공본스터디카페 광흥창센터,study_cafe,서울 마포구 창전동 102-1,서울 마포구 서강로1길 12-9,37.5491014316634,126.931094588685
750265407,공본스터디카페 서강대센터,study_cafe,서울 마포구 신수동 89-6,서울 마포구 광성로 36-1,37.5496057462578,126.937114476182
111172318,멘토즈 서강대점,study_cafe,서울 마포구 신수동 1-1,서울 마포구 백범로 35,37.5514647806046,126.942979508164
1124972015,공본스터디카페 상암센터,study_cafe,서울 마포구 상암동 1683,서울 마포구 상암산로1길 77,37.58026772220444,126.88296483848188
2026651986,지공스터디카페 마포신수점,study_cafe,서울 마포구 구수동 25,서울 마포구 토정로 199,37.5455392844386,126.933364429432
1721520812,두드림,study_cafe,서울 마포구 노고산동 31-158,서울 마포구 고산길 4,37.55307281823184,126.93768307034973
130913818,작심스터디카페 마포대흥점,study_cafe,서울 마포구 대흥동 326-5,서울 마포구 독막로 249,37.546587839912,126.94147366942
333778069,셀스스터디룸 홍대점,study_cafe,서울 마포구 동교동 158-25,서울 마포구 동교로 198,37.5576559234122,126.923021742321
114019448,라운지365 홍대점,study_cafe,서울 마포구 서교동 371-7,서울 마포구 양화로 114,37.55358134874257,126.91991487616887
1895686979,WTS자기개발센터 원투 스픽 스터디룸,study_cafe,서울 마포구 동교동 205-5,서울 마포구 월드컵북로 24,37.55701586397832,126.91978670738781
1203771403,클로버스터디카페 망원점,study_cafe,서울 마포구 망원동 413-42,서울 마포구 포은로 72,37.55367831809861,126.90601062637107
431578229,올탑스터디카페 망원점,study_cafe,서울 마포구 망원동 485-10,서울 마포구 망원로 94,37.5576734027399,126.907229048563
437942631,다다스터디룸 홍대점,study_cafe,서울 마포구 동교동 176-18,서울 마포구 신촌로2안길 14,37.5573301425969,126.927905629688
1694444405,독심관리형스터디카페,study_cafe,서울 마포구 성산동 165-3,서울 마포구 월드컵북로 199,37.56842443764782,126.90652863502613
1876311333,단심 스터디카페 마포공덕점,study_cafe,서울 마포구 도화동 353,서울 마포구 도화4길 73,37.5387183973969,126.951132481446
1551961923,비먼트스터디카페,study_cafe,서울 마포구 도화동 1-62,서울 마포구 새창로4나길 21,37.541147197499214,126.9526177100417
690988561,연남스페이스,study_cafe,서울 마포구 연남동 361-9,서울 마포구 연남로 84,37.5664270161954,126.918825821518
508070156,염리스페이스,study_cafe,서울 마포구 염리동 147-14,서울 마포구 숭문길 14,37.5470727656936,126.945637603408
976068329,모임공간 모락 홍대점,study_cafe,서울 마포구 동교동 156-2,서울 마포구 양화로 175,37.55775409925477,126.92436505019778
1591648875,할거하마 워크 & 스터디 홍대점,study_cafe,서울 마포구 동교동 201-53,서울 마포구 동교로 185,37.5570947183347,126.921827182938
2112169783,비에이블스터디카페 마포센터,study_cafe,서울 마포구 신수동 31-1,서울 마포구 백범로 71,37.5490557217892,126.939774284694
1283513890,지니24 스터디카페 대흥점,study_cafe,서울 마포구 대흥동 773-3,서울 마포구 큰우물로 14,37.5444756058858,126.940886905582
463344169,디스앤댓,study_cafe,서울 마포구 동교동 161-9,서울 마포구 월드컵북로 8,37.5559552533995,126.920919585238
1957280259,작심스터디카페 이대역점,study_cafe,서울 마포구 대흥동 12-33,서울 마포구 신촌로 162,37.5563232793847,126.943643536894
41323008,토즈스터디카페 공덕센터,study_cafe,서울 마포구 염리동 159-10,서울 마포구 백범로 134-1,37.545923230701,126.945941704156
1234456864,헤리티지 스터디카페,study_cafe,서울 마포구 성산동 593-6,서울 마포구 모래내로1길 8,37.5648094943578,126.904096225446
1347304742,비에이블스터디카페 마포도화센터,study_cafe,서울 마포구 도화동 205-14,서울 마포구 삼개로 27,37.5379411133418,126.947581307994
829039554,미라클스터디카페 마포공덕센터,study_cafe,서울 마포구 도화동 563,서울 마포구 마포대로 68,37.5413330725805,126.94894015207
2089890213,홍대스터디룸 나로,study_cafe,서울 마포구 서교동 332-37,서울 마포구 와우산로29마길 10-3,37.5556398725016,126.926446186573
1651227167,플랜스터디앤워크,study_cafe,서울 마포구 성산동 200-49,서울 마포구 월드컵북로 179,37.5676710111586,126.908581744054
1772891091,파토스아카데미아 워크&스터디스페이스,study_cafe,서울 마포구 아현동 738,서울 마포구 마포대로 201,37.5522161907488,126.955503289313
287880072,랭귀지랩,study_cafe,서울 마포구 노고산동 31-34,서울 마포구 백범로1길 10,37.5542480231491,126.937746599561
605801271,카페워커스,study_cafe,서울 마포구 서교동 480-6,서울 마포구 동교로12길 3,37.5541013158071,126.912429170508
1879919985,지니24스터디카페 합정역점,study_cafe,서울 마포구 합정동 414-19,서울 마포구 독막로 9,37.5488924460194,126.91461592372
1877727229,아리스터디카페,study_cafe,서울 마포구 상수동 51-1,서울 마포구 토정로 149,37.5458413841417,126.927689246021
459266152,지니24스터디카페 공덕점,study_cafe,서울 마포구 공덕동 105-158,서울 마포구 마포대로 182,37.5503204862459,126.955491968086
1402628864,알지스터디플렉스,study_cafe,서울 마포구 상암동 1740,서울 마포구 월드컵북로 502,37.585037167210636,126.87986425406919
704225153,타임레서피스터디룸,study_cafe,서울 마포구 서교동 375-46,서울 마포구 양화로15길 17,37.5545430060388,126.919023183754
1471942818,올다스터디카페 성산점,study_cafe,서울 마포구 성산동 151-6,서울 마포구 월드컵북로 218,37.5694999052207,126.90499803232
293459755,다다스터디룸 홍대2호점,study_cafe,서울 마포구 동교동 174-7,서울 마포구 신촌로2길 5-15,37.557812369537,126.928223192212
123798953,이제마스터디카페 성산점,study_cafe,서울 마포구 성산동 208-9,서울 마포구 월드컵북로 82,37.5611434491188,126.916068782892
1837215905,라온2스터디룸,study_cafe,서울 마포구 서교동 393-5,서울 마포구 양화로 59,37.5506585907025,126.914876454332
1992133620,카공족 이대점,study_cafe,서울 서대문구 대현동 54-9,서울 서대문구 이화여대길 26,37.5579885380134,126.946033716739
154946081,카공족 명지대점,study_cafe,서울 서대문구 홍은동 356-39,서울 서대문구 가좌로 120,37.5832268630313,126.925513330308
915664581,카공족 연희점,study_cafe,서울 서대문구 연희동 187-47,서울 서대문구 연희로 98,37.56661946337249,126.93100035424482
1488997338,플랜에이스터디카페 이대이화센터,study_cafe,서울 서대문구 대현동 37-1,서울 서대문구 이화여대길 75,37.559034688872,126.944294536313
1324601396,카공족 홍제역점,study_cafe,서울 서대문구 홍제동 253-14,서울 서대문구 통일로 442-9,37.5888678517981,126.944992414197
118800738,플랜에이스터디카페 이화스터디룸카페,study_cafe,서울 서대문구 대현동 37-1,서울 서대문구 이화여대길 75,37.55906891980265,126.94427979758224
1775442299,공본스터디카페 연희센터,study_cafe,서울 서대문구 연희동 302-1,서울 서대문구 연희로12길 34,37.5664556509098,126.932855689288
896125662,멘토즈 이화여대점,study_cafe,서울 서대문구 대현동 56-122,서울 서대문구 이화여대길 53,37.5590649445668,126.945413852286
296284861,공본스터디카페 무악재센터,study_cafe,서울 서대문구 홍제동 47-10,서울 서대문구 통일로 333,37.5802050833654,126.95181747523
1589490856,플랜에이스터디카페 이화스터디2센터,study_cafe,서울 서대문구 대현동 37-1,서울 서대문구 이화여대길 75,37.5590121676929,126.944302475591
1755421134,공본스터디카페 홍은센터,study_cafe,서울 서대문구 홍은동 48-49,서울 서대문구 세검정로1길 104,37.5948618444402,126.946282255648
316709818,엘알마 서대문점,study_cafe,서울 서대문구 천연동 108,서울 서대문구 독립문로10길 11,37.5682523876956,126.961344683435
160661274,공본스터디카페 모래내센터점,study_cafe,서울 서대문구 홍은동 405-24,서울 서대문구 모래내로 279,37.5774238121904,126.928838328463
549804103,지공스터디카페 연희점,study_cafe,서울 서대문구 연희동 137-10,서울 서대문구 연희로 107-1,37.5676800793498,126.931247266052
1858347861,디딤스터디카페 홍제센터,study_cafe,서울 서대문구 홍제동 278-40,서울 서대문구 간호대로1길 31,37.59517807410063,126.94825795273594
185244156,이대앞스터디카페,study_cafe,서울 서대문구 대현동 34-15,서울 서대문구 이화여대길 52-49,37.559587462372,126.94528331455
467496081,미라클스터디카페 서대문센터,study_cafe,서울 서대문구 냉천동 182,서울 서대문구 경기대로 88,37.5665811672531,126.964622403195
498939505,스터디카페모각,study_cafe,서울 서대문구 창천동 377,서울 서대문구 연희로2길 62,37.55921323633418,126.9279219240056
1366303068,시작스터디카페 이대점,study_cafe,서울 서대문구 대현동 37-39,서울 서대문구 이화여대길 81,37.5589471524556,126.943999205235
914044753,앤딩스터디카페 홍제점,study_cafe,서울 서대문구 홍제동 139-22,서울 서대문구 통일로 412,37.5863091565145,126.947237186384
931529727,앤딩스터디카페 냉천점,study_cafe,서울 서대문구 냉천동 23,서울 서대문구 독립문로 65,37.5673621712922,126.96409456201
329544418,런앤런스터디카페 가재울점,study_cafe,서울 서대문구 남가좌동 338-37,서울 서대문구 증가로 115,37.5768670621105,126.924587982567
752108819,꿈공스터디카페 연대동문점,study_cafe,서울 서대문구 대신동 90-4,서울 서대문구 성산로 541,37.56460771446932,126.94506685099783
1620980054,하우와이 스터디카페 신촌점,study_cafe,서울 서대문구 창천동 13-14,서울 서대문구 연세로4길 29,37.5576559075058,126.938341337409
349977678,페즈 라이브러리 스터디카페,study_cafe,서울 서대문구 창천동 41-14,서울 서대문구 명물길 21,37.5580790552417,126.937729831197
1529995711,지니24스터디카페 가재울DMC점,study_cafe,서울 서대문구 남가좌동 379-2,서울 서대문구 수색로6길 45,37.572317552768105,126.91351040245645
884526216,랭스터디카페 신촌점,study_cafe,서울 서대문구 창천동 18-5,서울 서대문구 명물길 6,37.5573040244687,126.937402265311
1041596354,신촌스터디룸 윙스터디,study_cafe,서울 서대문구 창천동 62-59,서울 서대문구 연세로5다길 14,37.5566034259156,126.9347703988
16622378,미플,study_cafe,서울 서대문구 창천동 29-81,서울 서대문구 신촌로 109,37.55584476154621,126.93807121224222
1487647015,지니24스터디카페 추계예대점,study_cafe,서울 서대문구 북아현동 177-4,서울 서대문구 북아현로11가길 8,37.56251803965105,126.95509649153279
703491628,앤딩스터디카페 홍은점,study_cafe,서울 서대문구 홍제동 279-52,서울 서대문구 세검정로 89,37.5957674978538,126.948659526673
1998896852,르하임스터디카페 연희점,study_cafe,서울 서대문구 연희동 188-8,서울 서대문구 연희로 83,37.5658529214777,126.929820499202
1032617603,미라클 스터디카페 홍제센터,study_cafe,서울 서대문구 홍제동 139-5,서울 서대문구 통일로 404,37.5857877024308,126.947733454822
409338294,이룸24스터디카페,study_cafe,서울 서대문구 북가좌동 384-19,서울 서대문구 응암로 17,37.57557339602366,126.90711854796727
1151640389,투어스비긴,study_cafe,서울 서대문구 연희동 92-18,서울 서대문구 증가로 18,37.5700046561966,126.931262108655
1977108100,언더우드스터디카페,study_cafe,서울 서대문구 창천동 31-26,서울 서대문구 명물1길 2,37.5578391889434,126.937349756225
159236459,랭스터디카페 명지대점,study_cafe,서울 서대문구 남가좌동 324-50,서울 서대문구 거북골로 37,37.579283922854685,126.92379987179638
671467340,열공다방,study_cafe,서울 서대문구 냉천동 218,서울 서대문구 통일로 155-1,37.567936117876286,126.96413503572101
1611884263,앤딩스터디카페 북가좌점,study_cafe,서울 서대문구 북가좌동 107-1,서울 서대문구 거북골로 148,37.5754799671263,126.913405993801
64660571,언레이지 스터디카페,study_cafe,서울 서대문구 홍은동 402-8,서울 서대문구 거북골로 5-4,37.5809534457038,126.926614883136
832163473,위넌스터디카페 북가좌점,study_cafe,서울 서대문구 북가좌동 327-13,서울 서대문구 응암로 103,37.5820837341098,126.912703213903
378331595,당근스터디카페 홍제점,study_cafe,서울 서대문구 홍제동 274-49,서울 서대문구 세검정로 64-1,37.5933633516273,126.947972735429
1684979566,마커닷스터디룸 신촌점,study_cafe,서울 서대문구 창천동 31-92,서울 서대문구 명물길 19,37.558033943269955,126.9376121643946
195380776,모티브,study_cafe,서울 서대문구 창천동 13-111,서울 서대문구 연세로4길 40,37.5578598152295,126.938884418945
1287644681,그린스터디플레이스 가재울점,study_cafe,서울 서대문구 남가좌동 206-11,서울 서대문구 가재울로 52,37.57556672686401,126.92151581142757
1828904578,카공족 논현역 1호점,study_cafe,서울 서초구 반포동 706-4,서울 서초구 신반포로 336,37.510614551710404,127.02051962398053
73630430,카공족 교대역2호점,study_cafe,서울 서초구 서초동 1575-9,서울 서초구 서초중앙로 107,37.49145113335649,127.0137806611993
458901742,카공족 내방역점,study_cafe,서울 서초구 방배동 897-1,서울 서초구 서초대로26길 3,37.4876594700254,126.99455336917
216126030,카공족 남부터미널점,study_cafe,서울 서초구 서초동 1603-20,서울 서초구 서초중앙로 38,37.4854546089358,127.016272702289
1823649416,카공족 교대역1호점,study_cafe,서울 서초구 서초동 1570-5,서울 서초구 반포대로28길 72,37.4916386994308,127.012366102224
459898208,카공족 방배점,study_cafe,서울 서초구 방배동 924-14,서울 서초구 방배로 113,37.48417801822226,126.99561530948098
118519786,플랜에이스터디카페 서초교대센터,study_cafe,서울 서초구 서초동 1691-2,서울 서초구 서초중앙로24길 20,37.4947251545286,127.015695735359
259611254,셀독24스터디카페 신반포점,study_cafe,서울 서초구 잠원동 76-6,서울 서초구 반포대로 300,37.50593020257936,127.00110384200707
1053626612,어라운드스터디카페 서초우면점,study_cafe,서울 서초구 우면동 66-1,서울 서초구 바우뫼로7길 16,37.4710711565281,127.025073607884
1925366481,공간더하기 스터디카페 강남타워점,study_cafe,서울 서초구 서초동 1304-4,서울 서초구 서초대로77길 48,37.501936096571,127.025053390497
1004839725,크란츠스터디카페 서울교대점,study_cafe,서울 서초구 서초동 1656-13,서울 서초구 서초대로52길 38,37.4921231880542,127.014587028982
1715805392,프라임스터디카페 반포점,study_cafe,서울 서초구 반포동 54-15,서울 서초구 고무래로8길 7,37.5021698565351,127.010370618367
1441288268,행운스터디카페,study_cafe,서울 서초구 방배동 864-37,서울 서초구 도구로 119-2,37.48722176370342,126.98588655818843
439845523,헤세드스터디카페,study_cafe,서울 서초구 방배동 1943,서울 서초구 동작대로 144,37.489416227364,126.982920223157
777667036,더플레이스 다꿈,study_cafe,서울 서초구 서초동 1669-6,서울 서초구 서초중앙로22길 42,37.4932302927479,127.016367114242
278853948,시작스터디카페 서초점,study_cafe,서울 서초구 서초동 1523-5,서울 서초구 반포대로19길 9-8,37.4869159472836,127.008649846973
1680258462,헤이든스터디카페,study_cafe,서울 서초구 반포동 93-3,서울 서초구 사평대로26길 8,37.49975831161297,126.99870173533087
870372369,셀스스터디룸 사당3번출구점,study_cafe,서울 서초구 방배동 2525,서울 서초구 과천대로 946,37.47515493801084,126.98209818823109
1182765064,스터디카페더딩글 서초교대점,study_cafe,서울 서초구 서초동 1638-10,서울 서초구 서초중앙로22길 107,37.4945930078555,127.01969879162
157488190,에스랩 스터디카페 & 스터디룸 2호점 1관,study_cafe,서울 서초구 서초동 1302-39,서울 서초구 사평대로56길 14,37.50279334176511,127.02314804586942
168614030,더작심스터디카페 교대역점,study_cafe,서울 서초구 서초동 1673-1,서울 서초구 서초대로 302,37.4937188584477,127.014694765453
802970241,얼리버드스터디카페 반포점,study_cafe,서울 서초구 잠원동 75-10,서울 서초구 신반포로 157,37.50550402186723,127.00156640623871
1302830761,위넌 스터디카페 방배이수역점,study_cafe,서울 서초구 방배동 438-16,서울 서초구 동작대로 72,37.4829955607447,126.982362018086
1963501431,디딤스터디카페 서초점,study_cafe,서울 서초구 서초동 1530-17,서울 서초구 효령로49길 33,37.4851967403994,127.009719265454
1317164439,시공스터디카페 양재1호점,study_cafe,서울 서초구 양재동 265-18,서울 서초구 언남길 57,37.4740463428035,127.043524443238
888914779,공간이즈,study_cafe,서울 서초구 서초동 1330-16,서울 서초구 서초대로78길 44,37.493807347931586,127.02845212980785
1320398306,에스랩스터디카페 강남 2호점 2관,study_cafe,서울 서초구 서초동 1303-16,서울 서초구 서초대로77길 62,37.5027319229299,127.023903493086
1798567158,모빅회관,study_cafe,서울 서초구 서초동 1332-5,서울 서초구 사임당로 149-5,37.4921862523521,127.025298904802
203626403,작심스터디카페 서초그랑자이점,study_cafe,서울 서초구 서초동 1342-1,서울 서초구 효령로 398,37.487994294337,127.027408536289
1746466540,랭스터디카페 사당역점,study_cafe,서울 서초구 방배동 449-4,서울 서초구 방배천로2길 27,37.476993322274,126.984384851207
687985548,타임스터디카페,study_cafe,서울 서초구 서초동 1487-101,서울 서초구 효령로40길 53,37.4806721013138,127.006393570488
1520346261,어스 스터디카페 방배1호점,study_cafe,서울 서초구 방배동 910-8,서울 서초구 방배로 89,37.4822778278899,126.996761878385
1915605140,더공간스터디카페 교대역점,study_cafe,서울 서초구 서초동 1658-6,서울 서초구 서초중앙로20길 15,37.4923466023329,127.014872029192
525721049,독재자,study_cafe,서울 서초구 반포동 95-3,서울 서초구 서래로 39,37.498620333969,126.998188337598
1221092727,얼리버드스터디카페 반포2점,study_cafe,서울 서초구 잠원동 76-5,서울 서초구 반포대로 304,37.50608968106879,127.00104050902335
844293184,스탠바이 스터디카페 서초본점,study_cafe,서울 서초구 서초동 1511-13,서울 서초구 반포대로21길 34,37.487301620706894,127.00805627144109
1529003104,얼리버드 스터디카페 잠원점,study_cafe,서울 서초구 잠원동 67-6,서울 서초구 잠원로 46-6,37.508736501073,127.008926072977
57920694,시작스터디카페 양재시민의숲역점,study_cafe,서울 서초구 양재동 332-9,서울 서초구 동산로2길 23,37.4689335207252,127.042391050785
95724702,앤딩스터디카페 이수역점,study_cafe,서울 서초구 방배동 438-14,서울 서초구 동작대로 70,37.4828288766666,126.982379016829
1908455250,에스랩 스터디카페 &스터디룸 강남4호점,study_cafe,서울 서초구 서초동 1330-14,서울 서초구 서초대로78길 48,37.4934901563352,127.028605798013
1550481090,강남311,study_cafe,서울 서초구 서초동 1308-16,서울 서초구 강남대로65길 12,37.5005152799201,127.02472269182
39351541,멘토즈 스터디카페 방배점,study_cafe,서울 서초구 방배동 811-15,서울 서초구 방배로 202,37.49155345080958,126.99157916434724
204487019,메디컬로드맵,study_cafe,서울 서초구 반포동 52-6,서울 서초구 서초중앙로 225,37.5016642824994,127.011553492131
1718793336,프라임스터디카페,study_cafe,서울 서초구 서초동 1665-32,서울 서초구 서초중앙로20길 38,37.4923193941204,127.016224437145
519686134,킹스크로스 스터디카페 방배점,study_cafe,서울 서초구 방배동 910-5,서울 서초구 효령로31길 28,37.482459816273,126.996241779904
280152018,카공족 뚝섬점,study_cafe,서울 성동구 성수동1가 13-105,서울 성동구 상원10길 4,37.5490107043644,127.048402344786
307477020,카공족 신금호역점,study_cafe,서울 성동구 금호동2가 326,서울 성동구 금호산길 67,37.5543439127872,127.01950740415394
1105154860,초심 한양대점,study_cafe,서울 성동구 행당동 1-123,서울 성동구 마조로 45,37.5617012184452,127.041390955647
2089525874,어라운드스터디카페 금호점,study_cafe,서울 성동구 금호동1가 1756,서울 성동구 금호로 90,37.551384742609905,127.0257376196431
993387659,셀독24스터디카페 신금호역점,study_cafe,서울 성동구 금호동1가 119,서울 성동구 금호로 160,37.5551474812409,127.020229656742
1105738079,모임 왕십리점,study_cafe,서울 성동구 행당동 4-31,서울 성동구 마조로5길 6,37.560150034133,127.040432590811
634216076,위넌 스터디카페 한양대점,study_cafe,서울 성동구 행당동 159-6,서울 성동구 마조로3길 7-1,37.55846003271199,127.03963943225182
1505007894,위넌스터디카페 뚝섬역점,study_cafe,서울 성동구 성수동1가 22-5,서울 성동구 성수일로 39,37.5442044270146,127.049246778326
207854062,DCT 스터디카페 상왕십리점,study_cafe,서울 성동구 홍익동 405,서울 성동구 무학로 24,37.5662726338633,127.030312210495
17534689,링크스터디카페 한양대점,study_cafe,서울 성동구 사근동 210-4,서울 성동구 사근동길 47,37.5611093048822,127.046140873131
854108938,시너지플레이스 스터디카페 행당무학여고점,study_cafe,서울 성동구 행당동 317-189,서울 성동구 행당로17길 1-57,37.5588044342111,127.033070738602
1721696544,위넌스터디카페 성수점,study_cafe,서울 성동구 성수동1가 13-443,서울 성동구 상원길 60,37.5493730263822,127.04810722061
1613683413,단향스터디카페 BI왕십리센터,study_cafe,서울 성동구 홍익동 200,서울 성동구 왕십리로24길 38,37.5657416483338,127.034672032775
392448468,스터디룸모임공간 온유,study_cafe,서울 성동구 행당동 1-45,서울 성동구 마조로9길 14,37.5613431177741,127.03995107908
869611314,비에이블스터디카페 행당센터,study_cafe,서울 성동구 행당동 319-9,서울 성동구 고산자로 203,37.558270862166175,127.03371335168968
78912858,망고스터디카페 상왕십리역점,study_cafe,서울 성동구 홍익동 420,서울 성동구 마장로 185,37.5668879705822,127.030481113925
1734116591,포레스트스터디카페 한양대점,study_cafe,서울 성동구 행당동 16-53,서울 성동구 사근동길 6,37.560142274505395,127.04201258573154
170455049,뚝섬 큰나래스터디,study_cafe,서울 성동구 성수동1가 656-994,서울 성동구 왕십리로8길 13,37.5463337629984,127.046341109738
1656697754,소울 스터디카페,study_cafe,서울 성동구 하왕십리동 1058,서울 성동구 난계로 67,37.5579083363479,127.023979959722
579594396,스터디카페위드 뚝섬점,study_cafe,서울 성동구 성수동1가 13-103,서울 성동구 상원길 58,37.5491360227602,127.048207784076
619211603,하루스터디 카페 왕십리점,study_cafe,서울 성동구 행당동 1-33,서울 성동구 마조로9길 15,37.5611710904799,127.039764236908
2129545160,랭스터디카페 한양대점,study_cafe,서울 성동구 행당동 28-19,서울 성동구 왕십리로 235,37.5573295756844,127.041406645631
831592484,시작스터디카페 옥수점,study_cafe,서울 성동구 옥수동 285-73,서울 성동구 독서당로 216,37.54356145064059,127.01475546271728
151288930,엔젤레이디 카페 한양대점,study_cafe,서울 성동구 행당동 31-11,서울 성동구 왕십리로 225,37.5571689459946,127.042119565263
890690501,리얼스터디카페 성수점,study_cafe,서울 성동구 성수동2가 289-14,서울 성동구 성수일로8길 39,37.5457751289466,127.054791457416
1984410136,루트스터디카페,study_cafe,서울 성동구 응봉동 98,서울 성동구 독서당로 381,37.5501951417752,127.030692724043
1887601028,아에르스터디카페,study_cafe,서울 성동구 옥수동 284-2,서울 성동구 독서당로 208,37.5433092657738,127.013974643466
80574590,모어댄스터디카페 금호점,study_cafe,서울 성동구 금호동3가 1299,서울 성동구 장터길 23-1,37.5484127853006,127.018615267761
1396217997,달빛정원스터디카페,study_cafe,서울 성동구 행당동 322-100,서울 성동구 행당로8길 41-2,37.5560363154088,127.033969250516
1589644386,오디리움,study_cafe,서울 성동구 홍익동 336,서울 성동구 마장로 202-8,37.566301866259536,127.03220249157013
1112685814,열공스터디카페 옥수점,study_cafe,서울 성동구 옥수동 296-15,서울 성동구 한림말3길 16,37.5425512842915,127.015880013015
1986295933,아이디어스터디카페,study_cafe,서울 성동구 행당동 322-21,서울 성동구 행당로8길 9,37.5576220535755,127.030744436024
1981084332,오브스터디카페 신금호역점,study_cafe,서울 성동구 금호동2가 444,서울 성동구 무수막길 93,37.5540852647036,127.019877406878
62541073,이파리서재,study_cafe,서울 성동구 성수동2가 250-5,서울 성동구 동일로 77,37.5398860370953,127.062377237687
850859502,BM스터디카페,study_cafe,서울 성동구 하왕십리동 1054,서울 성동구 난계로 95,37.5605105114703,127.023504301609
2139534483,소울오피스카페,study_cafe,서울 성동구 하왕십리동 1058,서울 성동구 난계로 67,37.5579200488454,127.023982227017
1347210839,데어스터디카페,study_cafe,서울 성동구 하왕십리동 1058,,37.5578254236373,127.024082924178
1484543725,미라클스터디카페 옥수센터,study_cafe,서울 성동구 옥수동 563,서울 성동구 매봉길 48,37.5467105345872,127.014002436822
390712240,링크스터디카페 마장점,study_cafe,서울 성동구 마장동 782-6,서울 성동구 마장로 310,37.5665079878555,127.044008306057
1136707674,페블스터디카페,study_cafe,서울 성동구 성수동2가 220-17,서울 성동구 성덕정길 132,37.53649692337671,127.05795950850816
464992977,올티칭스터디카페 금호자이센터,study_cafe,서울 성동구 금호동2가 1215,서울 성동구 금호로 127,37.55316309764452,127.02237142660938
460504618,셀독24스터디카페 상왕십리역점,study_cafe,서울 중구 신당동 170-29,서울 중구 왕십리로 413,37.5649081303679,127.024222161148
667838155,어라운드스터디카페 왕십리점,study_cafe,서울 중구 황학동 2503,서울 중구 난계로 159,37.56567054639221,127.02336217297214
1886061660,위넌스터디카페 상왕십리점,study_cafe,서울 중구 황학동 1101-1,서울 중구 난계로 185,37.568205966493,127.023272410697
842119078,카공족 성신여대점,study_cafe,서울 성북구 동선동5가 2,서울 성북구 아리랑로4길 5,37.5945963206093,127.016428920958
1498624676,카공족 고대안암점,study_cafe,서울 성북구 안암동5가 134-94,서울 성북구 안암로 61-6,37.5823810781417,127.028462028937
54207833,카공족 정릉시장점,study_cafe,서울 성북구 정릉동 401-46,서울 성북구 보국문로 50,37.608864218633,127.01008529078
1584196577,카공족 종암점,study_cafe,서울 성북구 종암동 3-170,서울 성북구 종암로 124,37.6013086422974,127.033694260328
444278458,카공족 한성대입구역점,study_cafe,서울 성북구 동소문동2가 35,서울 성북구 동소문로6길 4-19,37.58842184319903,127.00721911549239
372597600,카공족 월곡역점,study_cafe,서울 성북구 하월곡동 17-7,서울 성북구 화랑로13길 8,37.6037392585147,127.042821889726
1173216014,카공족 길음점,study_cafe,서울 성북구 길음동 510-173,서울 성북구 동소문로 305-1,37.6074331753142,127.02835265749763
1805902897,초심 석계역점,study_cafe,서울 성북구 석관동 133-44,서울 성북구 한천로76다길 46,37.6131208971537,127.065260813554
387566506,초심 길음점,study_cafe,서울 성북구 길음동 518-13,서울 성북구 동소문로 295,37.6067422762317,127.027678551638
1815649720,멘토즈 하월곡점,study_cafe,서울 성북구 하월곡동 77-221,서울 성북구 오패산로 98,37.6108432457723,127.035642055686
805576727,초심 한성대점,study_cafe,서울 성북구 동소문동1가 32-3,서울 성북구 동소문로 13,37.58940570743514,127.00753284309502
430528412,멘토즈스터디카페 돈암점,study_cafe,서울 성북구 돈암동 609-1,서울 성북구 성북로4길 52,37.594565386148446,127.01132325741797
1318139260,초심 고려대점,study_cafe,서울 성북구 안암동5가 102-28,서울 성북구 고려대로24길 24,37.5851757680936,127.029244299538
1314149218,초심 성신여대점,study_cafe,서울 성북구 삼선동5가 298-14,서울 성북구 보문로 163,37.5888813371245,127.016361994826
1908248877,어라운드스터디카페 정릉점,study_cafe,서울 성북구 정릉동 239-1,서울 성북구 솔샘로 116,37.616451524243,127.009124689209
887438537,리게인스터디카페 석관점,study_cafe,서울 성북구 석관동 274-12,서울 성북구 돌곶이로22가길 12,37.609811831485665,127.05964950140047
1618763307,지공스터디카페 돈암점,study_cafe,서울 성북구 돈암동 609-1,서울 성북구 성북로4길 52,37.5945608808643,127.011326653712
234916728,멘토즈 고려대점,study_cafe,서울 성북구 안암동5가 102-33,서울 성북구 고려대로24길 42,37.5844189288862,127.029264382562
1952197263,리게인스터디카페 동덕여대점,study_cafe,서울 성북구 상월곡동 57-3,서울 성북구 장월로1길 57,37.6059800260624,127.04522293891
717420580,그루스터디카페 월곡센터,study_cafe,서울 성북구 하월곡동 77-221,서울 성북구 오패산로 98,37.61085948919245,127.03555712048669
904983857,엘알마 성신여대점,study_cafe,서울 성북구 삼선동4가 336,서울 성북구 보문로 183,37.5901771720109,127.014787305884
241665504,셀독24스터디카페 종암점,study_cafe,서울 성북구 종암동 132,서울 성북구 종암로 132,37.6019186637668,127.033515610381
1150115811,그루스터디카페 돈암동센터,study_cafe,서울 성북구 돈암동 19-98,서울 성북구 동소문로 190,37.5988985312294,127.022090691445
1826147040,업투유스터디카페,study_cafe,서울 성북구 보문동4가 14,서울 성북구 보문로 90-2,37.5834116227647,127.020735451402
628910185,랭스터디카페 성신여대점,study_cafe,서울 성북구 동선동1가 72-2,서울 성북구 동소문로20길 37-6,37.5908615978459,127.017209366007
825881203,위넌스터디카페 성신여대점,study_cafe,서울 성북구 보문동1가 10,서울 성북구 보문로 140,37.5874520434743,127.018523086055
417492398,조슈아스터디카페,study_cafe,서울 성북구 동소문동3가 32,서울 성북구 동소문로 36,37.5899362012061,127.010088397462
1205922218,앤딩스터디카페 종암점,study_cafe,서울 성북구 종암동 84-40,서울 성북구 종암로23길 16,37.5999546821519,127.032882846049
2023838827,스페이스84 스터디카페 정릉길음점,study_cafe,서울 성북구 정릉동 227-166,서울 성북구 서경로 84,37.6107360102463,127.014535414434
698372375,스터디101,study_cafe,서울 성북구 종암동 124-40,서울 성북구 종암로21길 128,37.60350883432924,127.03047793026539
1820141534,플로우라운지,study_cafe,서울 성북구 종암동 29-29,서울 성북구 북악산로 1064,37.5923980602494,127.035995590852
1206897379,르하임스터디카페 고대안암점,study_cafe,서울 성북구 안암동5가 15-25,서울 성북구 개운사길 45,37.588389656142304,127.02905534191733
995358089,모임스터디룸 성신여대점,study_cafe,서울 성북구 동선동1가 4-10,서울 성북구 동소문로20길 29-7,37.5914634597754,127.017215165986
2011703221,마인스터디카페,study_cafe,서울 성북구 종암동 87-6,서울 성북구 종암로 103,37.5993633041235,127.034039896948
62059663,지니24 스터디카페 성신여대점,study_cafe,서울 성북구 삼선동4가 322,서울 성북구 삼선교로23길 7,37.5899357591869,127.014357000997
1951859231,써니스터디카페,study_cafe,서울 성북구 길음동 25-7,서울 성북구 도봉로 11,37.6102501932449,127.029877024711
1317213143,새날스터디카페 석관점,study_cafe,서울 성북구 석관동 301-30,서울 성북구 돌곶이로 48,37.6084638993233,127.059752618251
716536935,튜터케이랑 성신여대점,study_cafe,서울 성북구 동소문동5가 67-5,서울 성북구 동소문로 88,37.5921854456787,127.015086627707
2121300831,멘토즈 동덕여대점,study_cafe,서울 성북구 하월곡동 27-62,서울 성북구 화랑로11길 27,37.6036350874025,127.041863766212
1666971794,열공다방 스터디카페 꿈의숲점,study_cafe,서울 성북구 장위동 218-32,서울 성북구 월계로 172,37.61925892214738,127.04490136495588
208085296,앤딩스터디카페 정릉서경대점,study_cafe,서울 성북구 정릉동 266-428,서울 성북구 서경로 99,37.6117380724518,127.013151589305
185226717,로니씨의 작업실,study_cafe,서울 성북구 동선동1가 2-9,서울 성북구 동소문로20가길 4,37.5921626745974,127.016903947482
1835982025,스터디카페 블랭크,study_cafe,서울 성북구 장위동 237-134,서울 성북구 돌곶이로 181,37.6168084398532,127.048918579199
356745750,공백 스터디라운지 길음역점,study_cafe,서울 성북구 길음동 531-25,서울 성북구 길음로 10,37.6043825119545,127.023881622755
480765952,스터디카페 더딩글 성신여대,study_cafe,서울 성북구 안암동1가 87-6,서울 성북구 고려대로7길 52,37.5881843064984,127.020017809868
1052011382,카공족 잠실새내점,study_cafe,서울 송파구 잠실동 205-2,서울 송파구 올림픽로12길 25,37.5093380760573,127.083433204433
1380008384,카공족 장지역점,study_cafe,서울 송파구 문정동 75-8,서울 송파구 새말로8길 28,37.4802539208067,127.12663379537
1871225518,카공족 송파사거리점,study_cafe,서울 송파구 송파동 95-40,서울 송파구 가락로 139,37.5024216464413,127.111163884319
431278900,카공족 석촌역1호점,study_cafe,서울 송파구 송파동 21,서울 송파구 백제고분로41길 8,37.5069696836943,127.108510514081
159325711,카공족 방이점,study_cafe,서울 송파구 방이동 213-8,서울 송파구 오금로31길 42,37.50928241331455,127.12335078724712
130108899,카공족 삼전역점,study_cafe,서울 송파구 삼전동 48-8,서울 송파구 백제고분로 210,37.5035606274558,127.089855092309
940389145,초심 송파역점,study_cafe,서울 송파구 송파동 97-14,서울 송파구 송파대로 378,37.5015541474888,127.110983912983
1390447073,멘토즈 송파문정점,study_cafe,서울 송파구 문정동 4-7,서울 송파구 동남로 134,37.49101455884,127.125881911857
1390382749,멘토즈스터디카페 송파 잠실여고점,study_cafe,서울 송파구 송파동 98-33,서울 송파구 가락로 144,37.50240655882822,127.11187521814752
1020467793,초심 잠실새내역점,study_cafe,서울 송파구 잠실동 184-1,서울 송파구 올림픽로 116,37.51139414786184,127.08346150757312
1176643332,타임유스터디카페 송파풍납점,study_cafe,서울 송파구 풍납동 406-1,서울 송파구 토성로 65,37.5289096670161,127.117346313501
271903,멘토즈 잠실새내점,study_cafe,서울 송파구 잠실동 175-14,서울 송파구 올림픽로 92,37.511472565864075,127.08082620416165
1190397342,멘토즈 방이역점,study_cafe,서울 송파구 방이동 206-11,서울 송파구 양재대로71길 1-20,37.5093564353491,127.125781506829
1071077759,봄날의서재 잠실새내점,study_cafe,서울 송파구 잠실동 195-7,서울 송파구 백제고분로9길 7,37.509450489567,127.079828709936
670586665,초심 잠실학원사거리점,study_cafe,서울 송파구 잠실동 242-9,서울 송파구 석촌호수로 118,37.5074384254204,127.090022605249
1629042111,그루스터디카페 문정동센터,study_cafe,서울 송파구 문정동 82-12,서울 송파구 새말로 120,37.48273255871295,127.12750517565675
2012898254,멘토즈 잠실푸르지오점,study_cafe,서울 송파구 신천동 11-4,서울 송파구 올림픽로35가길 9,37.517361082775004,127.10335164381864
489601072,어라운드스터디카페 잠실센터점,study_cafe,서울 송파구 잠실동 176-4,서울 송파구 백제고분로7길 3,37.5104995483514,127.079398895461
1432464391,타임유스터디카페 송파마천역점,study_cafe,서울 송파구 거여동 589-2,서울 송파구 오금로 551,37.4942929546292,127.150816104903
1741053303,멘토즈스터디카페 송파거여점,study_cafe,서울 송파구 거여동 36-4,서울 송파구 오금로 519,37.4930973221962,127.146517825228
1872896863,플랜에이 스터디카페 잠실센터,study_cafe,서울 송파구 신천동 11-4,서울 송파구 올림픽로35가길 9,37.5174844388558,127.103444569028
1986199876,초심 방이점,study_cafe,서울 송파구 방이동 207-8,서울 송파구 마천로 39,37.5091308485735,127.12524954268
1464260782,어라운드스터디카페 송파개롱역점,study_cafe,서울 송파구 가락동 175-12,서울 송파구 오금로46길 5,37.4965503249762,127.136447626516
235087376,어라운드스터디카페 방이점,study_cafe,서울 송파구 오금동 18,서울 송파구 양재대로72길 8,37.509541800339065,127.12768648826648
1994555240,봄날의서재 문정점,study_cafe,서울 송파구 문정동 618,서울 송파구 송파대로 111,37.4815350699678,127.122440237159
617701200,지공스터디카페 잠실새내점,study_cafe,서울 송파구 잠실동 209-1,서울 송파구 석촌호수로 82,37.5089637824627,127.086462820171
1431198743,봄날의서재 방이점,study_cafe,서울 송파구 방이동 219-7,서울 송파구 오금로31길 17,37.5074945655308,127.121860569112
1799466526,셀독24스터디카페 문정로데오점,study_cafe,서울 송파구 가락동 125-3,서울 송파구 동남로 145,37.4920669017926,127.12675550614
1626567985,그루스터디카페 송파센터,study_cafe,서울 송파구 송파동 162,서울 송파구 오금로32길 14,37.5046918309137,127.119814619218
1837413767,봄날의서재 잠실역점,study_cafe,서울 송파구 신천동 11-4,서울 송파구 올림픽로35가길 9,37.5174844388558,127.103444569028
84712149,워크온 스터디카페 문정점,study_cafe,서울 송파구 문정동 29-15,서울 송파구 동남로 126,37.4905937422237,127.125077239788
1611644599,스터디카페 36.5 석촌고분역센터,study_cafe,서울 송파구 삼전동 133-6,서울 송파구 백제고분로 263,37.5026811242137,127.095745085294
1684629754,이노블스터디카페 잠실삼전역점,study_cafe,서울 송파구 삼전동 11-9,서울 송파구 백제고분로21길 10,37.504748820428006,127.09016074658868
39288865,스터디룸 페이지 잠실점,study_cafe,서울 송파구 잠실동 192,서울 송파구 백제고분로7길 18,37.5104697543379,127.080817205448
1058307720,앤딩 스터디카페 오금점,study_cafe,서울 송파구 오금동 39-2,서울 송파구 오금로35길 42,37.5063272771487,127.129104930658
861787082,리더스스터디카페 잠실점,study_cafe,서울 송파구 잠실동 209-10,서울 송파구 석촌호수로 98,37.5080537507658,127.087708151669
169530171,하이컴스터디카페,study_cafe,서울 송파구 방이동 211-6,서울 송파구 마천로 2,37.51032526451733,127.1212340442579
1256415467,더그릿 관리형스터디센터 송파역점,study_cafe,서울 송파구 송파동 97-31,서울 송파구 송파대로 374,37.501330477206,127.11121881239
698032525,옴,study_cafe,서울 송파구 송파동 146-3,서울 송파구 가락로28길 3,37.5064730469609,127.116278588102
1993434429,로하스터디카페 송파문정점,study_cafe,서울 송파구 문정동 150,서울 송파구 중대로 24,37.49057880804699,127.11768887153292
354670693,얼리버드스터디카페 잠실점,study_cafe,서울 송파구 잠실동 209-9,서울 송파구 석촌호수로 94,37.50813138389314,127.08751031425777
442894890,화이트펜슬스터디카페 가락본점,study_cafe,서울 송파구 가락동 88-3,서울 송파구 중대로9길 39,37.4965536883763,127.118285155006
434597508,101워크앤스터디 방이점,study_cafe,서울 송파구 방이동 50-3,서울 송파구 오금로11길 65,37.5151437779915,127.114051282777
772260565,스터디그라운드스터디카페 석촌점,study_cafe,서울 송파구 석촌동 273-5,서울 송파구 가락로 94,37.5007507823619,127.106712419064
1544683040,비워크 서울,study_cafe,서울 송파구 잠실동 1-2,,37.51886467192156,127.08173912121396
1684016422,카공족 목동사거리점,study_cafe,서울 양천구 목동 788-1,서울 양천구 등촌로 46,37.5338424982922,126.864033192743
1853490215,카공족 신정네거리점,study_cafe,서울 양천구 신정동 1052-11,서울 양천구 중앙로 228,37.5169906441999,126.854601690014
1174280734,초심 목동점,study_cafe,서울 양천구 목동 923,서울 양천구 목동서로 213,37.52811423239825,126.8707161144086
2143736755,카공족 신정역점,study_cafe,서울 양천구 신정동 987-1,서울 양천구 오목로 196,37.5251746394094,126.859222905224
1717091840,멘토즈 신월신곡점,study_cafe,서울 양천구 신월동 550-3,서울 양천구 신월로 164,37.51776015796464,126.84201826930509
1667404259,초심 양천구청점,study_cafe,서울 양천구 신정동 323-32,서울 양천구 목동동로 59,37.515051104905,126.861618411723
997969529,멘토즈 신정중앙점,study_cafe,서울 양천구 신정동 1022-9,서울 양천구 중앙로32길 55,37.5198689079788,126.859448932153
629066057,멘토즈 목동역점,study_cafe,서울 양천구 신정동 895-44,서울 양천구 목동로25길 8,37.528004735176175,126.86309800754879
1243362903,초심 목동중앙점,study_cafe,서울 양천구 목동 752-10,서울 양천구 목동중앙로 97,37.5378155710598,126.872619465514
1593435321,플랜에이스터디카페 등촌센터,study_cafe,서울 양천구 목동 602-15,서울 양천구 목동중앙북로7길 20,37.5487517591239,126.867580939655
203044150,플랜에이스터디카페 목동센터,study_cafe,서울 양천구 목동 752-8,서울 양천구 목동중앙로 101,37.5379778873423,126.872745913908
1380018592,멘토즈 목동파리공원점,study_cafe,서울 양천구 목동 907,서울 양천구 목동서로 77,37.53575703279563,126.87797239294109
576441240,공본스터디카페 목동센터,study_cafe,서울 양천구 목동 912,서울 양천구 목동동로 350,37.5354747974779,126.88129020865
1655285679,그루스터디카페 목동센터,study_cafe,서울 양천구 목동 406-4,서울 양천구 오목로 279,37.5259374339439,126.868288735576
1049858026,지공스터디카페 신정점,study_cafe,서울 양천구 신정동 1320-1,서울 양천구 신정이펜2로 14,37.5124905031021,126.832436658436
2053855031,어라운드스터디카페 목동점,study_cafe,서울 양천구 신정동 337,서울 양천구 목동남로4길 6-23,37.5089266045275,126.86677477419
1013252283,셀독24스터디카페 신월점,study_cafe,서울 양천구 신월동 24-7,서울 양천구 화곡로 91,37.5397760581326,126.832181000026
1348230878,비에이블스터디카페 신목동센터,study_cafe,서울 양천구 목동 909-5,서울 양천구 목동동로 435,37.5373415673903,126.884826454086
1317651467,제로어클락라운지,study_cafe,서울 양천구 신정동 987-5,서울 양천구 오목로 200-1,37.525296857207,126.85971251854
122441209,사진서가,study_cafe,서울 양천구 신월동 126-52,서울 양천구 곰달래로5길 5-1,37.5301582144185,126.834328357668
1286004926,위퍼스트스터디카페 목동점,study_cafe,서울 양천구 목동 731-11,서울 양천구 목동중앙남로3길 68,37.5357533396449,126.863876979792
1226416673,그로잉스터디카페 목동역점,study_cafe,서울 양천구 신정동 996-1,서울 양천구 목동로19길 11,37.52484767617313,126.86314110872388
1666332485,작심스터디카페 오목교역점,study_cafe,서울 양천구 목동 406-36,서울 양천구 오목로 321-1,37.52527417056,126.873111403692
1673243736,다짐스터디카페 목동신목점,study_cafe,서울 양천구 목동 753-12,서울 양천구 목동중앙로 89,37.537266950193,126.871867979139
392987777,디딤스터디카페 등촌센터점,study_cafe,서울 양천구 목동 605-4,서울 양천구 공항대로 538,37.5502676897376,126.865588809251
432443883,비에이블스터디카페 목동오목교역센터,study_cafe,서울 양천구 목동 405-179,서울 양천구 오목로 324,37.5245247279412,126.873289150442
1289412316,작심스터디카페 목5동2호점,study_cafe,서울 양천구 목동 907-4,서울 양천구 목동서로 67,37.5363964368015,126.878549519419
1685766287,감자스터디카페,study_cafe,서울 양천구 신정동 952-5,서울 양천구 오목로 178,37.524996524398,126.857207312272
1087209000,시작이반스터디카페 목동점,study_cafe,서울 양천구 신정동 294-36,서울 양천구 목동동로8길 9,37.5179212369832,126.870752931532
450542682,일취월장 관리형 스터디카페 신월점,study_cafe,서울 양천구 신월동 994-1,서울 양천구 남부순환로 578,37.5171702647368,126.838878297861
1705273428,포텐스터디카페 목동점,study_cafe,서울 양천구 목동 752-11,서울 양천구 목동중앙본로 10,37.5378988760533,126.872167868239
1665021735,랭스터디카페 오목교점,study_cafe,서울 양천구 신정동 86-28,서울 양천구 신목로 85,37.52247507643944,126.87425190381475
230995073,플랜에이스터디카페 몰입아카데미,study_cafe,서울 양천구 신월동 559-14,서울 양천구 남부순환로 605,37.5150527319074,126.840741284097
1991793649,르하임 스터디카페 신정네거리역점,study_cafe,서울 양천구 신정동 1031-3,서울 양천구 중앙로 272,37.5205557921394,126.853049545684
1299513936,시작스터디카페 양천구청점,study_cafe,서울 양천구 신정동 323-17,서울 양천구 목동동로 55,37.5155229748691,126.861400363559
1967322215,올탑스터디카페 목동등촌로점,study_cafe,서울 양천구 목동 709-1,서울 양천구 등촌로 142,37.5427316271357,126.863137844372
339875260,피치스터디카페,study_cafe,서울 양천구 목동 923-5,서울 양천구 목동동로 233,37.52698151349865,126.87139458826559
576860078,로블스터디카페,study_cafe,서울 양천구 목동 547-14,서울 양천구 목동중앙본로 93,37.54401018827368,126.87036278003549
1072259523,PK대치스파르타,study_cafe,서울 양천구 신정동 1006-2,서울 양천구 목동로 173,37.5240628877594,126.864691235213
2115667151,일취월장관리형스터디카페 목동1관,study_cafe,서울 양천구 신정동 296-28,서울 양천구 목동동로10길 22,37.519236315238,126.872053789242
1204488254,루틴랩 관리형독서실,study_cafe,서울 양천구 신정동 318-10,서울 양천구 목동동로 189,37.5229409315881,126.870123221138
1436980935,앤딩 스터디카페 오목교점,study_cafe,서울 양천구 목동 930,서울 양천구 목동동로 202,37.5235380478916,126.871544168126
1685381113,단디스터디 카페 목동점,study_cafe,서울 양천구 목동 772-5,서울 양천구 목동중앙남로 5,37.5350367250072,126.869174479381
431086768,엘더스터디카페 목동점,study_cafe,서울 양천구 목동 722-1,서울 양천구 등촌로 102-1,37.539150225396,126.863978296068
1299490410,스텝업스터디카페 목동센터,study_cafe,서울 양천구 신정동 295-55,서울 양천구 신목로5길 3,37.5180414156591,126.873569331806
1393102497,카공족 신풍역점,study_cafe,서울 영등포구 신길동 4579,서울 영등포구 대방천로12길 1,37.498979134367,126.909124689172
1281996558,카공족 문래점,study_cafe,서울 영등포구 문래동3가 84-2,서울 영등포구 선유로 76,37.5206490571666,126.889906350659
1959161783,카공족 영등포당산점,study_cafe,서울 영등포구 당산동4가 32-141,서울 영등포구 당산로36길 7,37.5282963927398,126.898548600175
969308709,카공족 대방역점,study_cafe,서울 영등포구 신길동 1315,서울 영등포구 영등포로 418-1,37.5125986611124,126.924374446031
1802339237,카공족 신도림역점,study_cafe,서울 영등포구 도림동 267-1,서울 영등포구 도영로 24,37.5084542388227,126.896167511178
1541203186,카공족 보라매역점,study_cafe,서울 영등포구 신길동 477,서울 영등포구 여의대방로 131,37.4989122471114,126.920045673372
1401414838,카공족 영등포구청점,study_cafe,서울 영등포구 당산동1가 40-2,서울 영등포구 영등포로 129,37.5215718025866,126.896002277151
1709171082,플랜에이스터디카페 신풍역썬프라자 센터,study_cafe,서울 영등포구 대림동 909-2,서울 영등포구 신길로 41,37.4963780325003,126.908093121405
206759557,카공족 당산역점(2026년 9월 예정),study_cafe,서울 영등포구 당산동5가 32-1,서울 영등포구 양평로 51,37.5342646833971,126.900739982761
1325345931,멘토즈 당산푸르지오점,study_cafe,서울 영등포구 영등포동8가 59-1,서울 영등포구 영중로 134-1,37.5282945562078,126.906134122085
287382313,플랜에이스터디카페 당산센터,study_cafe,서울 영등포구 당산동5가 42,서울 영등포구 당산로 214,37.5328046554106,126.903510431352
920027585,지공스터디카페 여의도점,study_cafe,서울 영등포구 여의도동 53-3,서울 영등포구 국제금융로 108,37.5187391107985,126.933546633657
532928718,지공스터디카페 신길점,study_cafe,서울 영등포구 신길동 4939,서울 영등포구 가마산로 540,37.50314489783624,126.91576167037233
482330258,지공스터디카페 도림점,study_cafe,서울 영등포구 도림동 251-5,서울 영등포구 도신로 75,37.5067174565014,126.900773074818
324967240,작심스터디카페 서울문래점,study_cafe,서울 영등포구 문래동3가 82-8,서울 영등포구 문래로 79-4,37.51980940506172,126.89096638244791
457175171,이룸스터디룸회의실 여의도점,study_cafe,서울 영등포구 여의도동 44-34,서울 영등포구 여의대방로65길 10,37.5194219861922,126.930273498121
88808141,앤딩스터디카페 영등포역점,study_cafe,서울 영등포구 영등포동 631-13,서울 영등포구 영신로9라길 16,37.5133589488241,126.905397257386
439051637,스터디룸가치,study_cafe,서울 영등포구 양평동1가 9-32,서울 영등포구 선유로 88,37.5217161311271,126.890214737977
1401629579,우행공스터디카페 당산점,study_cafe,서울 영등포구 당산동4가 32-11,서울 영등포구 국회대로37길 19,37.5286447339555,126.900257565116
1986322793,르하임스터디카페 영등포문래점,study_cafe,서울 영등포구 문래동3가 77-58,서울 영등포구 선유로 50,37.5182716528229,126.889308060388
1414652235,공짜당스터디카페 당산역점,study_cafe,서울 영등포구 양평동4가 27-4,서울 영등포구 양평로 77,37.5354699353985,126.898285442547
465255725,영등포 스터디카페 타임,study_cafe,서울 영등포구 도림동 114-6,서울 영등포구 도신로29길 12,37.5096230657521,126.904998190816
1288107607,르하임 스터디카페 여의도점,study_cafe,서울 영등포구 여의도동 44-37,서울 영등포구 여의대방로 375,37.5188997001523,126.930776228546
886134066,비온탑스터디카페 영등포시장역점,study_cafe,서울 영등포구 영등포동7가 208,서울 영등포구 국회대로50길 20,37.52382071166885,126.9056691252779
1041442754,엘더스터디카페 영등포점,study_cafe,서울 영등포구 영등포동 618-271,서울 영등포구 영신로19길 28,37.5136487576375,126.905005530386
298551496,루브릭 공유오피스 스터디룸,study_cafe,서울 영등포구 양평동4가 236-1,서울 영등포구 양평로20길 16-1,37.5384712659192,126.896327305949
798039241,비에이블스터디카페 선유도역센터,study_cafe,서울 영등포구 양평동5가 90-2,서울 영등포구 양평로24길 12,37.5392777576782,126.893400159672
1139635379,힛더북스터디카페,study_cafe,서울 영등포구 신길동 4677,서울 영등포구 신길로 36,37.4957793565062,126.908729382758
1444243684,사유지,study_cafe,서울 영등포구 당산동3가 395-4,서울 영등포구 당산로31길 14,37.5268230902061,126.895263036077
1398597801,집중소 당산1하임스터디센터,study_cafe,서울 영등포구 당산동5가 11-34,서울 영등포구 당산로44길 3,37.53190250049138,126.90102708901765
1491972924,숲에서스터디카페 도림사거리점,study_cafe,서울 영등포구 도림동 251-8,서울 영등포구 도신로 69,37.5063429545705,126.900079141756
1158406804,원스스터디카페,study_cafe,서울 영등포구 신길동 324-37,서울 영등포구 가마산로 451,37.5058562477896,126.906481160602
1613671564,지니24스터디카페 당산점,study_cafe,서울 영등포구 당산동4가 32-49,서울 영등포구 당산로 174,37.5297464736161,126.89897994124254
1104181497,비허밍스터디카페 여의도점,study_cafe,서울 영등포구 여의도동 43-3,서울 영등포구 국제금융로 78,37.5208713999322,126.931299288897
1627906896,아인스스터디카페,study_cafe,서울 영등포구 신길동 115-30,서울 영등포구 도신로60길 10,37.5109800384505,126.91703888273
954192585,더오름스터디카페,study_cafe,서울 영등포구 도림동 226-6,서울 영등포구 도림로113길 27,37.5086359113592,126.896818730516
988272302,아자스터디카페,study_cafe,서울 영등포구 문래동6가 19,서울 영등포구 선유로9길 10,37.5177758442523,126.887132433503
1044010064,쌤스터디카페 본점,study_cafe,서울 영등포구 당산동4가 29,서울 영등포구 영신로57길 1,37.5279625915691,126.90340806212
1649178484,나의 봄날,study_cafe,서울 영등포구 당산동 121-17,서울 영등포구 버드나루로19길 3,37.5284021207234,126.907715578909
2065169544,타임스터디카페 보라매점,study_cafe,서울 영등포구 신길동 4507,서울 영등포구 여의대방로7길 9,37.4973465430305,126.912752191378
1224806097,작심스터디카페 신풍역점,study_cafe,서울 영등포구 신길동 3741-57,서울 영등포구 대방천로 191,37.4992085029338,126.912185713975
1203509504,타임스터디카페 당산점,study_cafe,서울 영등포구 영등포동8가 35-1,서울 영등포구 영중로 119,37.5265763716167,126.905038917006
1743620906,로블스터디카페 영등포문래점,study_cafe,서울 영등포구 당산동1가 16-1,서울 영등포구 영등포로 130,37.521088775164024,126.89590000710685
794730536,오션스터디카페 신길점,study_cafe,서울 영등포구 신길동 4035-2,서울 영등포구 신풍로 92,37.4998251165627,126.916359118852
471554625,그로우랩스터디카페 신길점,study_cafe,서울 영등포구 신길동 261-12,서울 영등포구 가마산로 466,37.5056331310202,126.908052371242
699284649,카공족 숙명여대점,study_cafe,서울 용산구 청파동2가 90-3,서울 용산구 청파로47길 4,37.54507138334263,126.97017276972915
572383784,어라운드스터디카페 숙대점,study_cafe,서울 용산구 청파동3가 114-8,서울 용산구 청파로47가길 9-4,37.5442551283854,126.966976425695
1121778489,공본스터디카페 보광센터,study_cafe,서울 용산구 보광동 217-31,서울 용산구 장문로 97,37.52625414674499,127.00039595234757
1787190206,작심스터디카페 숙대눈송이점,study_cafe,서울 용산구 청파동3가 21-9,서울 용산구 청파로47길 7,37.54477137432396,126.97026680974552
1711229875,리얼스터디카페 용산역점,study_cafe,서울 용산구 한강로2가 420,서울 용산구 한강대로 69,37.527040910089,126.964892234142
26202307,원효로 청소년공부방,study_cafe,서울 용산구 원효로1가 25,서울 용산구 백범로 329,37.538995502877235,126.96526794035387
104928809,블라썸스터디카페 숙대점,study_cafe,서울 용산구 청파동2가 63-5,서울 용산구 청파로47길 66,37.5450659704773,126.966772384238
1157671639,인큐빈 스터디카페 숙대점,study_cafe,서울 용산구 청파동2가 60-8,서울 용산구 청파로47나길 7,37.545260603454395,126.9668334031456
89934961,화이트펜슬스터디카페 서울신창점,study_cafe,서울 용산구 신창동 56-35,서울 용산구 효창원로15길 2,37.535478398533,126.953356727465
804586085,엘더스터디카페 이촌점,study_cafe,서울 용산구 이촌동 300-20,서울 용산구 이촌로 276,37.5186078556202,126.977281441762
454718163,이룬 스터디카페,study_cafe,서울 용산구 후암동 175-9,서울 용산구 두텁바위로 43,37.5459009232874,126.976972158852
1960477564,작심스터디카페 한남순천향점,study_cafe,서울 용산구 한남동 657-195,서울 용산구 대사관로31길 7-3,37.5336332215384,127.005509936864
1769856206,스터디룸 채움,study_cafe,서울 용산구 청파동3가 55-3,서울 용산구 청파로 271,37.5438055712097,126.970538767125
375596361,한강청소년공부방,study_cafe,서울 용산구 한강로2가 187-3,서울 용산구 한강대로38길 28,37.5281404406671,126.969228071687
1082449871,써밋스터디카페 이태원점,study_cafe,서울 용산구 이태원동 225-1,서울 용산구 회나무로13길 5,37.5395317143031,126.989283629878
1563954075,리얼스터디카페 이촌2호점,study_cafe,서울 용산구 이촌동 302-64,서울 용산구 이촌로64길 61,37.5202220216836,126.967692890069
137501409,미라클 스터디카페 원효센터,study_cafe,서울 용산구 원효로1가 133-3,서울 용산구 백범로 341,37.53793849345939,126.96797377268496
1935486226,미라클스터디카페 효창센터,study_cafe,서울 용산구 효창동 5-99,서울 용산구 효창원로 140,37.5403153605582,126.96199388482101
1687617219,리얼스터디카페 이촌1호점,study_cafe,서울 용산구 이촌동 300-15,서울 용산구 이촌로 280,37.5184169554596,126.977874234851
294579742,공부의신스터디카페 용산원효센터,study_cafe,서울 용산구 원효로4가 142-3,서울 용산구 원효로 55,37.5335562958832,126.950485293323
49567712,더작심 한남순천향점,study_cafe,서울 용산구 한남동 657-195,서울 용산구 대사관로31길 7-3,37.533624212056,127.005498622164
1954080351,더탑스터디카페,study_cafe,서울 용산구 한강로3가 40-892,서울 용산구 이촌로29길 8-5,37.52419575975782,126.9599058364626
2023452438,여유스터디카페,study_cafe,서울 용산구 후암동 143-53,서울 용산구 한강대로98나길 1,37.54830409603814,126.97366028320505
87183444,커피볶는시골커피 서울용산점,study_cafe,서울 용산구 원효로4가 125-2,서울 용산구 원효로 69-1,37.5329657148426,126.951632916958
1701373078,쥬케로 카페 숙대점,study_cafe,서울 용산구 청파동3가 114-1,서울 용산구 청파로47가길 9,37.5444299054416,126.966916375551
1752563374,스페이스유엠 서울역,study_cafe,서울 용산구 동자동 35-73,서울 용산구 후암로57길 37,37.5518036728564,126.974107196348
1997293348,리얼컨퍼런스,study_cafe,서울 용산구 한강로2가 420,서울 용산구 한강대로 69,37.5272797962642,126.965300524324
764410005,퀴즈노스 숙대입구점,study_cafe,서울 용산구 청파동2가 120-68,서울 용산구 청파로 276,37.5442886066432,126.970941414127
1187170285,Y스페이스,study_cafe,서울 용산구 청파동2가 9-1,서울 용산구 청파로47나길 28,37.5459455669989,126.967568633103
161090668,파이브스팟 한남,study_cafe,서울 용산구 이태원동 126-3,서울 용산구 이태원로 200,37.534417158593,126.996164500721
769738928,한비서,study_cafe,서울 용산구 한남동 621-1,서울 용산구 대사관로34길 31,37.5318816538526,127.00595330795427
1371515614,올티칭스터디카페 지축센터,study_cafe,경기 고양시 덕양구 지축동 895,경기 고양시 덕양구 오부자1길 37,37.6520228522561,126.913831662878
1187818214,카공족 구산역점,study_cafe,서울 은평구 갈현동 489-24,서울 은평구 서오릉로 180,37.6132757753085,126.913568321361
245050712,카공족 응암역점,study_cafe,서울 은평구 역촌동 43-77,서울 은평구 진흥로 29,37.6005854012389,126.918729838025
140997358,카공족 연신내역1호점,study_cafe,서울 은평구 불광동 486-20,서울 은평구 통일로80길 3,37.62005823097737,126.92102164385369
2050383805,카공족 은평구청점,study_cafe,서울 은평구 녹번동 193,서울 은평구 은평로 193-2,37.6021299628044,126.928909927031
1437854146,공본스터디카페 응암센터,study_cafe,서울 은평구 응암동 109-2,서울 은평구 응암로 321,37.6000540787306,126.921784522067
1379727536,멘토즈스터디카페 응암백련산점,study_cafe,서울 은평구 응암동 766,서울 은평구 응암로22길 34,37.5930193716102,126.922134972628
522173987,공본스터디카페 녹번역센터,study_cafe,서울 은평구 녹번동 19-121,서울 은평구 통일로 636,37.6034770303503,126.935327431857
455147308,공본스터디카페 불광센터,study_cafe,서울 은평구 불광동 8-16,서울 은평구 불광로 100,37.6157130274317,126.933105910626
215069288,봄날의서재 연신내역점,study_cafe,서울 은평구 갈현동 454-27,서울 은평구 연서로27길 14,37.618153287498,126.918005058471
253588596,공본스터디카페 연신내센터,study_cafe,서울 은평구 불광동 643,,37.61653537546119,126.92517996171267
1888188623,그루스터디카페 은평선일초센터,study_cafe,서울 은평구 갈현동 448-42,서울 은평구 갈현로29길 12-1,37.6196813666951,126.914208814448
661990475,봄날의서재 구파발역점,study_cafe,서울 은평구 진관동 72,서울 은평구 진관2로 29-21,37.6357414647635,126.919341876544
1902488169,지공스터디카페 은평신사점,study_cafe,서울 은평구 신사동 8-5,서울 은평구 갈현로 24,37.6000297873445,126.910426492855
629911984,공본스터디카페 은평뉴타운점,study_cafe,서울 은평구 진관동 66,서울 은평구 진관3로 33,37.6397557605053,126.919941431722
1519278937,봄스터디카페,study_cafe,서울 은평구 갈현동 476-12,서울 은평구 연서로21길 12,37.6147996924564,126.916552175955
1277001029,블루레몬스터디카페 연신내점,study_cafe,서울 은평구 대조동 187-53,서울 은평구 통일로 805,37.6158607314194,126.924076305573
1044885461,리바운드 은평수색점,study_cafe,서울 은평구 수색동 364-3,서울 은평구 수색로18길 4-1,37.5834381177726,126.894208983744
956262967,화이트펜슬 스터디카페 서울역촌점,study_cafe,서울 은평구 역촌동 30-8,서울 은평구 진흥로1길 36,37.6037018469808,126.918614333884
1642711476,에피소드 스터디카페,study_cafe,서울 은평구 갈현동 461-1,서울 은평구 연서로 195,37.6163795496808,126.918448742137
1846964379,오슬로 스터디카페 녹번역점,study_cafe,서울 은평구 녹번동 218,서울 은평구 은평로 215,37.60140270776,126.931697527174
580883425,시스스터디카페 서대문은평센터,study_cafe,서울 은평구 응암동 747-1,서울 은평구 가좌로 179,37.5870564979688,126.920620624098
1333266127,씨앤씨스터디카페,study_cafe,서울 은평구 갈현동 395-2,서울 은평구 통일로 871,37.62057458771036,126.91982041462224
1182005395,이제마스터디카페 역촌점,study_cafe,서울 은평구 역촌동 54-8,서울 은평구 갈현로 81,37.6053725980537,126.91034647485263
227028176,비원스터디카페,study_cafe,서울 은평구 녹번동 131-6,서울 은평구 진흥로 160,37.6087405296301,126.927436995867
1221793716,위넌스터디카페,study_cafe,서울 은평구 응암동 603-63,서울 은평구 응암로 168-1,37.58694021439,126.916619517687
1051744639,디딤스터디카페 은평신사센터,study_cafe,서울 은평구 신사동 7-4,서울 은평구 갈현로 44,37.6017290915112,126.910474282612
136148239,이안스터디카페 응암역점,study_cafe,서울 은평구 역촌동 43-14,서울 은평구 진흥로 21,37.600324385524,126.917820794531
1899795291,에브라임스터디카페 은평구산점,study_cafe,서울 은평구 구산동 14-1,서울 은평구 갈현로 155,37.6117612166645,126.911146340022
45971035,마스터즈스터디카페,study_cafe,서울 은평구 구산동 198-16,서울 은평구 서오릉로 169,37.6124673311313,126.914451549918
1085821413,이제마스터디카페 응암점,study_cafe,서울 은평구 응암동 87-10,서울 은평구 은평로 137,37.6008134572848,126.922916147255
1863736398,다짐스터디카페 응암점,study_cafe,서울 은평구 응암동 110-12,서울 은평구 은평로 102,37.5995927523435,126.919083094673
1633713519,스터디카페24365 새절역캠퍼스,study_cafe,서울 은평구 신사동 335-7,서울 은평구 증산로 403-1,37.5923557379497,126.913640077454
1126499247,열공카공 응암점,study_cafe,서울 은평구 역촌동 85-47,서울 은평구 은평로 63,37.5990771078395,126.914846235479
186653466,스터디카페 수,study_cafe,서울 은평구 진관동 14,서울 은평구 진관4로 37,37.6452520640417,126.92591827181
27468886,어썸스터디카페,study_cafe,서울 은평구 녹번동 215,서울 은평구 은평로 213,37.6014349982984,126.931447230702
1249848750,스페이스스터디카페,study_cafe,서울 은평구 응암동 760,서울 은평구 백련산로 38,37.5920667856768,126.923147097949
743362901,스터디카페청춘 은평신사점,study_cafe,서울 은평구 신사동 16-22,서울 은평구 갈현로 15,37.5992528387396,126.910039012329
7773175,챕터스터디카페 은평점,study_cafe,서울 은평구 대조동 84-3,서울 은평구 통일로71길 2-1,37.61439417937992,126.92589792678875
1067817858,파스파투 스터디센터 신사센터,study_cafe,서울 은평구 신사동 9-16,서울 은평구 갈현로 39-1,37.60148913217752,126.91008501412668
699110866,르하임 스터디카페 구파발역점,study_cafe,서울 은평구 진관동 72,서울 은평구 진관2로 29-21,37.6357333504867,126.919333954666
60463398,미라클스터디카페 은평진관센터,study_cafe,서울 은평구 진관동 64,서울 은평구 진관3로 11,37.6394726106353,126.918276215768
746290446,습관스터디카페,study_cafe,서울 은평구 진관동 69-1,서울 은평구 진관3로 22,37.6389443527743,126.919176395318
1850550519,스터디카페더딩글 응암역,study_cafe,서울 은평구 역촌동 42-12,서울 은평구 진흥로1길 4-1,37.6008216326352,126.918979845938
1590217644,멘토즈 혜화역점,study_cafe,서울 종로구 혜화동 90-18,서울 종로구 대학로 146,37.5842423404136,127.002026583164
71145580,멘토즈 혜화가톨릭대점,study_cafe,서울 종로구 혜화동 55-1,서울 종로구 창경궁로 293-1,37.58716515381924,127.00244558144843
1200778275,누구나,study_cafe,서울 종로구 관철동 45-1,서울 종로구 우정국로2길 21,37.5696992619921,126.984277225711
105987232,공본스터디카페 독립문역센터,study_cafe,서울 종로구 무악동 46-1732,서울 종로구 통일로12길 24-1,37.5738113095981,126.960682979703
27286357,피앤티스퀘어,study_cafe,서울 종로구 종로2가 40,서울 종로구 수표로 105,37.5705359288057,126.989092415547
1405972272,프레쉬스터디카페 종로본점,study_cafe,서울 종로구 관철동 7-1,서울 종로구 삼일대로 391,37.5695086244849,126.987390118116
27367261,스터디룸인,study_cafe,서울 종로구 관철동 43-8,서울 종로구 청계천로 61,37.5689784713239,126.984320390877
1548419837,열정공장,study_cafe,서울 종로구 명륜4가 72-4,서울 종로구 대학로11길 20,37.5824115380737,127.000529842288
904671521,작심스터디카페 대학로점,study_cafe,서울 종로구 동숭동 1-113,서울 종로구 대학로10길 12,37.5816411564166,127.002805418076
1585583976,작심스터디카페 혜화점,study_cafe,서울 종로구 명륜2가 8-67,서울 종로구 창경궁로 253-1,37.5842153275216,126.999661481482
345425107,써밋스터디카페 서촌점,study_cafe,서울 종로구 통인동 137-7,서울 종로구 자하문로9길 11,37.5793228669617,126.970565533676
1506832962,작심 종각점,study_cafe,서울 종로구 관철동 19-11,서울 종로구 우정국로2길 42,37.5694300068701,126.985386588519
594898587,셀스스터디룸 종로점,study_cafe,서울 종로구 종로2가 12,서울 종로구 종로 77,37.5704202789208,126.986031612299
557181425,세검정스터디카페,study_cafe,서울 종로구 홍지동 97-5,서울 종로구 자하문로 312,37.5999052071592,126.958762279804
1403602283,디딤스터디카페 워크 라운지 혜화대학로점,study_cafe,서울 종로구 명륜4가 188-4,서울 종로구 창경궁로 234,37.5824980254448,126.998527082022
1064234396,비트&바이트,study_cafe,서울 종로구 이화동 113,서울 종로구 율곡로16길 5,37.5758090015325,127.003554610853
2082527742,미라클스터디카페 독립문점,study_cafe,서울 종로구 무악동 42-2,서울 종로구 통일로 250,37.5747293842973,126.957955448191
202667184,토니씨의 작업실,study_cafe,서울 종로구 명륜2가 222,서울 종로구 성균관로 13,37.5838747302871,126.997707368308
1192265678,24시간스터디카페 프리카페 성균관대점,study_cafe,서울 종로구 명륜3가 127,서울 종로구 창경궁로29길 25,37.5837377739414,126.99744584315
831820075,더미라클 스터디카페 종로본점,study_cafe,서울 종로구 관철동 45-1,서울 종로구 우정국로2길 21,37.5696992589688,126.984254586728
1557194503,미라클룸앤라운지 정동센터,study_cafe,서울 종로구 신문로2가 89-27,서울 종로구 새문안로 42,37.5685702681851,126.97006039601
1273143702,올탑스터디카페 성균관대점,study_cafe,서울 종로구 명륜1가 19-3,서울 종로구 성균관로14길 47,37.5873453563782,126.997755947168
1289783697,스터디카페 스페로 성균관대점,study_cafe,서울 종로구 명륜4가 187,서울 종로구 창경궁로 236,37.5826475945567,126.998913140594
1140157304,랭스터디카페 대학로점,study_cafe,서울 종로구 동숭동 1-63,서울 종로구 대학로10길 15-11,37.5822637435758,127.002780534371
553312123,더스테이24 스터디카페,study_cafe,서울 종로구 명륜4가 176-3,서울 종로구 대학로11길 48,37.5826421920396,126.999393170209
1620202508,플래닛 스터디카페 혜화점,study_cafe,서울 종로구 혜화동 126-4,서울 종로구 창경궁로 269,37.5853424685756,127.000665725384
1250289624,그린스터디카페 독립문역점,study_cafe,서울 종로구 무악동 63-10,서울 종로구 통일로16길 5,37.5758463205008,126.957129561478
630722351,공뜰,study_cafe,서울 종로구 종로2가 56-11,서울 종로구 삼일대로 394,37.5697285379659,126.988069250821
1845055810,더고요,study_cafe,서울 종로구 관철동 11-24,서울 종로구 삼일대로15길 17,37.5687003405926,126.986566206375
1769772574,크라스 스터디랩 종로점,study_cafe,서울 종로구 종로3가 119,서울 종로구 종로 120,37.5700693741134,126.991000959367
1968197154,그린스터디카페,study_cafe,서울 종로구 동숭동 129-199,서울 종로구 낙산길 22-17,37.5802327897371,127.005886964971
696879359,디스페이스,study_cafe,서울 종로구 평창동 462-4,서울 종로구 평창30길 27,37.6123595990142,126.97479975064
829771531,제이24스터디카페 홍제점,study_cafe,서울 서대문구 홍제동 139-4,서울 서대문구 통일로 406,37.5859282151295,126.947638252215
782290088,서수희관리형스터디카페,study_cafe,서울 서대문구 홍제동 136-14,서울 서대문구 홍제원길 11,37.5868714445557,126.947390769926
1542431686,나무스터디카페,study_cafe,서울 서대문구 홍제동 217-2,서울 서대문구 세무서2길 22,37.5887497572923,126.946817667966
1272118377,카공족 약수역점,study_cafe,서울 중구 신당동 374-16,서울 중구 동호로12길 4,37.55549922632267,127.0106020875998
104306757,리바운드 충정로점,study_cafe,서울 중구 중림동 64-4,서울 중구 청파로103길 7,37.5587544579056,126.968688075139
1524010029,시엘스터디카페,study_cafe,서울 중구 필동2가 64-2,서울 중구 퇴계로44길 24,37.5610507014685,126.996751681363
899772861,써밋스터디카페 서울로점,study_cafe,서울 중구 중림동 128-15,서울 중구 중림로 47,37.557482161902,126.968358132346
474294389,작심스터디카페 충무로역점,study_cafe,서울 중구 필동1가 22-2,서울 중구 퇴계로 184,37.5608432608489,126.992224429565
1414702282,링크스터디카페 남산타운점,study_cafe,서울 중구 신당동 844,서울 중구 다산로 32,37.5466327114571,127.007932518204
1733182987,위넌스터디카페 약수역점,study_cafe,서울 중구 신당동 340-66,서울 중구 다산로18길 7,37.55704065989576,127.01238142905943
102065996,체크업스터디카페 신당점,study_cafe,서울 중구 신당동 47-6,서울 중구 퇴계로86길 101,37.5612385370068,127.01830154843
567375707,초월스터디카페 약수역점,study_cafe,서울 중구 신당동 370-53,서울 중구 다산로 153,37.557438956556,127.01183711662
658129411,지니24스터디카페 약수역점,study_cafe,서울 중구 신당동 370-27,서울 중구 다산로 148-1,37.5567974257139,127.012041862614
1501641711,우모 충무로,study_cafe,서울 중구 충무로4가 120-3,서울 중구 퇴계로 217,37.5624228939797,126.995931038442
1316834344,우모 을지로,study_cafe,서울 중구 저동2가 78,서울 중구 수표로 45,37.5653390308555,126.989595729479
850367396,을지로 우모,study_cafe,서울 중구 저동2가 78,서울 중구 수표로 45,37.5653390308555,126.989595729479
61866418,서울역 회의실 소별관,study_cafe,서울 중구 남대문로5가 21-1,서울 중구 세종대로 30,37.559007324250494,126.97491959072543
1697892204,카공족 상봉역점,study_cafe,서울 중랑구 상봉동 113-2,서울 중랑구 면목로 485,37.5952106276905,127.085606821814
1644207742,카공족 중랑역점,study_cafe,서울 중랑구 상봉동 130-128,서울 중랑구 망우로32길 8,37.5934672668117,127.076328950942
2023771473,카공족 먹골역점,study_cafe,서울 중랑구 묵동 173-44,서울 중랑구 공릉로2나길 1,37.6121769884979,127.079424190308
1402322849,카공족 사가정역점,study_cafe,서울 중랑구 면목동 634-8,서울 중랑구 면목로 305,37.5796661954662,127.087530572288
1473191988,초심 신내동점,study_cafe,서울 중랑구 신내동 565-2,서울 중랑구 신내로14길 9,37.6057010632608,127.095888299601
1246712378,멘토즈 스터디카페 서울묵동점,study_cafe,서울 중랑구 묵동 235-18,서울 중랑구 중랑역로 229,37.613942082239326,127.0752115914471
1392257126,카공족 망우역점,study_cafe,서울 중랑구 망우동 563,서울 중랑구 망우로 386,37.5985018684696,127.095124891553
908907171,플랜트스터디카페 사가정라운지,study_cafe,서울 중랑구 면목동 507-26,서울 중랑구 용마산로 328,37.58105900209598,127.09357206728994
1895922120,멘토즈스터디카페 화랑대역점,study_cafe,서울 중랑구 묵동 2,서울 중랑구 신내로25가길 2,37.6194770920243,127.08419383942
952357152,멘토즈 사가정점,study_cafe,서울 중랑구 면목동 632-5,서울 중랑구 면목로35길 8,37.5783171617794,127.085406344364
833241218,단디스터디카페 신내점,study_cafe,서울 중랑구 신내동 467-1,서울 중랑구 봉화산로56길 106,37.6042277001555,127.097288408428
2042682666,위넌스터디카페 면목역점,study_cafe,서울 중랑구 면목동 126-1,서울 중랑구 면목로 429,37.5902002981824,127.086724283984
957683956,토리스터디룸카페,study_cafe,서울 중랑구 중화동 305-18,서울 중랑구 동일로 809,37.6025709176797,127.079008560729
1937015005,열공다방스터디카페 사가정역점,study_cafe,서울 중랑구 면목동 626-10,서울 중랑구 면목로 298-1,37.5789450559419,127.08677688903
1837863900,플랜스터디카페 면목점,study_cafe,서울 중랑구 망우동 444-26,서울 중랑구 용마산로 458,37.5919138233786,127.098418249154
968941146,서당스터디라운지 사가정점,study_cafe,서울 중랑구 면목동 636-18,서울 중랑구 사가정로 384,37.5805250904733,127.087195340308
2007850933,노벨스터디카페 신내점,study_cafe,서울 중랑구 신내동 571-2,서울 중랑구 신내로 62,37.6047911381869,127.09579653317
897259281,초월스터디카페 중화2호점,study_cafe,서울 중랑구 중화동 301-24,서울 중랑구 동일로 763,37.5985592141989,127.079742634166
58943831,어퍼스터디라운지,study_cafe,서울 중랑구 상봉동 103,서울 중랑구 면목로92길 42,37.59571332641143,127.08812912512415
824638091,M스터디카페 양원역점,study_cafe,서울 중랑구 망우동 618,서울 중랑구 양원역로10길 3,37.6066534467353,127.106359563296
1702149101,여백 워크스페이스&스터디카페,study_cafe,서울 중랑구 상봉동 113-24,서울 중랑구 면목로91길 10,37.594526114176,127.085275398812
1492946852,면목 스터디카페올인,study_cafe,서울 중랑구 면목동 183-35,서울 중랑구 동일로 685,37.59167554264901,127.0798870146477
697031891,로컬워크앤스터디,study_cafe,서울 중랑구 망우동 563-12,서울 중랑구 용마산로115길 106,37.5981627472786,127.094437105247
1935397897,이룸 스터디카페,study_cafe,서울 중랑구 신내동 648,서울 중랑구 신내로 225,37.6172332475778,127.09078910657202
2060155143,초월 스터디카페 먹골점,study_cafe,서울 중랑구 묵동 174-4,서울 중랑구 공릉로2길 7,37.612233626123,127.078262209817
1402497385,작심스터디카페 먹골점,study_cafe,서울 중랑구 묵동 171-14,서울 중랑구 공릉로 38-3,37.61421570941978,127.07840020183453
945744638,더하다스터디카페,study_cafe,서울 중랑구 면목동 50-46,서울 중랑구 용마산로 389,37.5864927124826,127.094923925893
1837955040,위넌스터디카페 먹골역점,study_cafe,서울 중랑구 묵동 239-91,서울 중랑구 동일로157길 14,37.6099531167404,127.077054777624
737793175,카공데이즈 묵동점,study_cafe,서울 중랑구 묵동 172-1,서울 중랑구 숙선옹주로 24,37.6143981967084,127.079019939915
968255085,서당스터디라운지 상봉점,study_cafe,서울 중랑구 상봉동 100-7,서울 중랑구 망우로 305,37.596874354908536,127.08616131970723
1340482805,에이플러스 스터디카페,study_cafe,서울 중랑구 신내동 666,서울 중랑구 봉화산로 194,37.60645254151176,127.0947069285047
1053474562,비타스터디카페,study_cafe,서울 중랑구 신내동 521-10,서울 중랑구 봉화산로56길 152,37.6021615005934,127.096470360571
1516303957,스터디카페 위드 면목점,study_cafe,서울 중랑구 면목동 183-24,서울 중랑구 봉우재로 41,37.5907831173441,127.077853639402
1044313070,단향스터디카페 사가정센터,study_cafe,서울 중랑구 면목동 156-5,서울 중랑구 동일로92길 57,37.5834850373692,127.083195483332
993744932,닥터스터디카페 양원점,study_cafe,서울 중랑구 망우동 136-16,서울 중랑구 양원역로 7,37.601289159172,127.108116247653
379076526,올탑스터디카페 묵동점,study_cafe,서울 중랑구 묵동 156-22,서울 중랑구 공릉로12가길 29,37.6172773013261,127.081017618225
405171128,스터디카페일팔공,study_cafe,서울 중랑구 신내동 656,서울 중랑구 신내로17길 13,37.6146142472325,127.095145412499
507681127,플랜스터디카페 묵동점,study_cafe,서울 중랑구 묵동 240-174,서울 중랑구 동일로163길 37,37.6116716607811,127.075101709348
869265493,비에이블스터디카페 중랑구청센터,study_cafe,서울 중랑구 신내동 613-81,서울 중랑구 봉화산로 209,37.6074235894181,127.096092099427
1641475670,아자가자스터디카페,study_cafe,서울 중랑구 묵동 381,서울 중랑구 공릉로2길 47,37.612357299304,127.080586424711
1838921882,리앤리스터디카페,study_cafe,서울 중랑구 망우동 209-4,서울 중랑구 망우로 469,37.6007744996174,127.1043275602
1190100868,원더스터디카페워크라운지,study_cafe,서울 중랑구 묵동 171-9,서울 중랑구 공릉로 42,37.6143689510293,127.078289365401
1862393960,어센드스터디카페 먹골역점,study_cafe,서울 중랑구 묵동 121-307,서울 중랑구 공릉로2길 31,37.6122317280243,127.079751567977
467126321,초월스터디카페 중화점,study_cafe,서울 중랑구 중화동 301-13,서울 중랑구 동일로 765,37.598748460372974,127.0796862166956
